-- MySQL dump 10.13  Distrib 8.0.21, for osx10.13 (x86_64)
--
-- Host: localhost    Database: cells
-- ------------------------------------------------------
-- Server version	8.0.21

/*!40101 SET @OLD_CHARACTER_SET_CLIENT=@@CHARACTER_SET_CLIENT */;
/*!40101 SET @OLD_CHARACTER_SET_RESULTS=@@CHARACTER_SET_RESULTS */;
/*!40101 SET @OLD_COLLATION_CONNECTION=@@COLLATION_CONNECTION */;
/*!50503 SET NAMES utf8mb4 */;
/*!40103 SET @OLD_TIME_ZONE=@@TIME_ZONE */;
/*!40103 SET TIME_ZONE='+00:00' */;
/*!40014 SET @OLD_UNIQUE_CHECKS=@@UNIQUE_CHECKS, UNIQUE_CHECKS=0 */;
/*!40014 SET @OLD_FOREIGN_KEY_CHECKS=@@FOREIGN_KEY_CHECKS, FOREIGN_KEY_CHECKS=0 */;
/*!40101 SET @OLD_SQL_MODE=@@SQL_MODE, SQL_MODE='NO_AUTO_VALUE_ON_ZERO' */;
/*!40111 SET @OLD_SQL_NOTES=@@SQL_NOTES, SQL_NOTES=0 */;

--
-- Table structure for table `data_index_cellsdata_idx_commits`
--

DROP TABLE IF EXISTS `data_index_cellsdata_idx_commits`;
/*!40101 SET @saved_cs_client     = @@character_set_client */;
/*!50503 SET character_set_client = utf8mb4 */;
CREATE TABLE `data_index_cellsdata_idx_commits` (
  `id` bigint NOT NULL AUTO_INCREMENT,
  `uuid` varchar(128) COLLATE utf8mb4_bin NOT NULL,
  `etag` varchar(255) COLLATE utf8mb4_bin NOT NULL,
  `mtime` int NOT NULL,
  `size` bigint DEFAULT NULL,
  `data` blob,
  PRIMARY KEY (`id`),
  KEY `data_index_cellsdata_idx_tree_uuid_idx` (`uuid`)
) ENGINE=InnoDB DEFAULT CHARSET=utf8mb4 COLLATE=utf8mb4_bin;
/*!40101 SET character_set_client = @saved_cs_client */;

--
-- Dumping data for table `data_index_cellsdata_idx_commits`
--

LOCK TABLES `data_index_cellsdata_idx_commits` WRITE;
/*!40000 ALTER TABLE `data_index_cellsdata_idx_commits` DISABLE KEYS */;
/*!40000 ALTER TABLE `data_index_cellsdata_idx_commits` ENABLE KEYS */;
UNLOCK TABLES;

--
-- Table structure for table `data_index_cellsdata_idx_tree`
--

DROP TABLE IF EXISTS `data_index_cellsdata_idx_tree`;
/*!40101 SET @saved_cs_client     = @@character_set_client */;
/*!50503 SET character_set_client = utf8mb4 */;
CREATE TABLE `data_index_cellsdata_idx_tree` (
  `uuid` varchar(128) NOT NULL,
  `level` smallint NOT NULL,
  `name` varchar(255) CHARACTER SET utf8mb4 COLLATE utf8mb4_bin NOT NULL,
  `leaf` tinyint(1) NOT NULL DEFAULT '0',
  `mtime` int NOT NULL,
  `etag` varchar(255) NOT NULL DEFAULT '',
  `size` bigint NOT NULL DEFAULT '0',
  `mode` varchar(10) NOT NULL DEFAULT '',
  `mpath1` varchar(255) NOT NULL,
  `mpath2` varchar(255) NOT NULL,
  `mpath3` varchar(255) NOT NULL,
  `mpath4` varchar(255) NOT NULL,
  `hash` varchar(40) NOT NULL,
  PRIMARY KEY (`uuid`),
  UNIQUE KEY `data_index_cellsdata_idx_tree_u1` (`hash`),
  KEY `data_index_cellsdata_idx_tree_mpath1_idx` (`mpath1`),
  KEY `data_index_cellsdata_idx_tree_mpath2_idx` (`mpath2`),
  KEY `data_index_cellsdata_idx_tree_mpath3_idx` (`mpath3`),
  KEY `data_index_cellsdata_idx_tree_mpath4_idx` (`mpath4`),
  KEY `data_index_cellsdata_idx_tree_name_idx` (`name`(128)),
  KEY `data_index_cellsdata_idx_tree_level_idx` (`level`)
) ENGINE=InnoDB DEFAULT CHARSET=ascii;
/*!40101 SET character_set_client = @saved_cs_client */;

--
-- Dumping data for table `data_index_cellsdata_idx_tree`
--

LOCK TABLES `data_index_cellsdata_idx_tree` WRITE;
/*!40000 ALTER TABLE `data_index_cellsdata_idx_tree` DISABLE KEYS */;
INSERT INTO `data_index_cellsdata_idx_tree` VALUES ('ROOT',1,'',0,1606914640,'',0,'0','1','','','','356a192b7913b04c54574d18c28d46e6395428ab');
/*!40000 ALTER TABLE `data_index_cellsdata_idx_tree` ENABLE KEYS */;
UNLOCK TABLES;

--
-- Table structure for table `data_index_encrypted_idx_commits`
--

DROP TABLE IF EXISTS `data_index_encrypted_idx_commits`;
/*!40101 SET @saved_cs_client     = @@character_set_client */;
/*!50503 SET character_set_client = utf8mb4 */;
CREATE TABLE `data_index_encrypted_idx_commits` (
  `id` bigint NOT NULL AUTO_INCREMENT,
  `uuid` varchar(128) COLLATE utf8mb4_bin NOT NULL,
  `etag` varchar(255) COLLATE utf8mb4_bin NOT NULL,
  `mtime` int NOT NULL,
  `size` bigint DEFAULT NULL,
  `data` blob,
  PRIMARY KEY (`id`),
  KEY `data_index_encrypted_idx_tree_uuid_idx` (`uuid`)
) ENGINE=InnoDB DEFAULT CHARSET=utf8mb4 COLLATE=utf8mb4_bin;
/*!40101 SET character_set_client = @saved_cs_client */;

--
-- Dumping data for table `data_index_encrypted_idx_commits`
--

LOCK TABLES `data_index_encrypted_idx_commits` WRITE;
/*!40000 ALTER TABLE `data_index_encrypted_idx_commits` DISABLE KEYS */;
/*!40000 ALTER TABLE `data_index_encrypted_idx_commits` ENABLE KEYS */;
UNLOCK TABLES;

--
-- Table structure for table `data_index_encrypted_idx_tree`
--

DROP TABLE IF EXISTS `data_index_encrypted_idx_tree`;
/*!40101 SET @saved_cs_client     = @@character_set_client */;
/*!50503 SET character_set_client = utf8mb4 */;
CREATE TABLE `data_index_encrypted_idx_tree` (
  `uuid` varchar(128) NOT NULL,
  `level` smallint NOT NULL,
  `name` varchar(255) CHARACTER SET utf8mb4 COLLATE utf8mb4_bin NOT NULL,
  `leaf` tinyint(1) NOT NULL DEFAULT '0',
  `mtime` int NOT NULL,
  `etag` varchar(255) NOT NULL DEFAULT '',
  `size` bigint NOT NULL DEFAULT '0',
  `mode` varchar(10) NOT NULL DEFAULT '',
  `mpath1` varchar(255) NOT NULL,
  `mpath2` varchar(255) NOT NULL,
  `mpath3` varchar(255) NOT NULL,
  `mpath4` varchar(255) NOT NULL,
  `hash` varchar(40) NOT NULL,
  PRIMARY KEY (`uuid`),
  UNIQUE KEY `data_index_encrypted_idx_tree_u1` (`hash`),
  KEY `data_index_encrypted_idx_tree_mpath1_idx` (`mpath1`),
  KEY `data_index_encrypted_idx_tree_mpath2_idx` (`mpath2`),
  KEY `data_index_encrypted_idx_tree_mpath3_idx` (`mpath3`),
  KEY `data_index_encrypted_idx_tree_mpath4_idx` (`mpath4`),
  KEY `data_index_encrypted_idx_tree_name_idx` (`name`(128)),
  KEY `data_index_encrypted_idx_tree_level_idx` (`level`)
) ENGINE=InnoDB DEFAULT CHARSET=ascii;
/*!40101 SET character_set_client = @saved_cs_client */;

--
-- Dumping data for table `data_index_encrypted_idx_tree`
--

LOCK TABLES `data_index_encrypted_idx_tree` WRITE;
/*!40000 ALTER TABLE `data_index_encrypted_idx_tree` DISABLE KEYS */;
INSERT INTO `data_index_encrypted_idx_tree` VALUES ('03ea2e36-f51f-461c-9cf5-28d919c456d5',3,'global-ws_encrypted-ws_copy-src_bcc2c86851',0,1606898390,'490d14e3a95aea24672f2313c266c2cf',36,'0','1.2.1','','','','94dcef061335413abfdb9c1ca0b391b7bf178b90'),('047165ed-c3cb-42b6-ae6d-8f9913dadf23',4,'sub-folder-A-0',0,1606898389,'1e760440b1483c866b9f494c669745c1',36,'0','1.2.1.1','','','','0f0825df3eb4f85e07371bb796ffaec7f62ea966'),('04be2bb2-e55f-4d66-a26b-0113965da224',2,'testFileDsMove-target-7cbd',0,1606898396,'43d35d44475cefce8f2b2c7237ef713c',36,'0','1.14','','','','333d5e6322896ec8adbeda69bde705630fe78c01'),('0917f391-07cc-442d-b1d1-d6a777a6b97d',3,'copySrcFolder_831913ad7a',0,1606907798,'b39a9f157238cdbbf5634f58bdc825f5',36,'0','1.6.1','','','','92dd42eb7b198ffac6578eae5bcfc969383d138c'),('0e2769e2-6e05-43d0-90c4-d421ba3fe6fc',2,'testFileMove-target-7e10',0,1606898657,'ef72b2b5c9f5264ec76553e49c3e4792',36,'0','1.15','','','','72f0fdd827431d15bd7445782d99c436ac588ee6'),('0e5f7f7b-6b40-4b10-8828-7cefa0d1a8b1',3,'copySrcFolder_affcb789e8',0,1606898635,'5f708117b34577650b3c873a49a40a26',36,'0','1.7.1','','','','348b6913760dfd78a9394bc38c5a8fa7528208e2'),('0e8daad5-a8c1-4274-b0dd-7888ab05f012',3,'.pydio',1,1607320158,'ee3523ebd4bfd2e5dcd6df93d595eec5',36,'511','1.10.3','','','','6fc6c920761e84fb85a3907bcbe9aebd74e4204f'),('14ed3d7f-fa48-403d-a95c-89634af050db',3,'subfolder-0',0,1606898441,'1f82cc7421b51b8c37ca91189dbe8ae1',36,'0','1.11.1','','','','4572917cbde34e4ba98ab9a65059efd81be6594b'),('15ea119c-ed95-4d86-bd09-5d5dcdd500ba',4,'subfolder_831913ad7a-2',0,1606907798,'3ae71940e6fccccb5efd531451c4c2b4',36,'0','1.6.1.3','','','','f94df256f04eac1497d4ef4952dc0e55ec13a8ea'),('1f83c8f4-cf20-4ed4-a570-b5de2c897034',2,'global-ws_encrypted-ws_testMove-src_3938',0,1606908202,'8828c4ba7a78be813cd40b53bc6ad0d3',36,'0','1.10','','','','22a585885b5cb7cc58d60445ecf0d8ad6f76ef24'),('209e9411-6ebe-42a8-bf07-d8a7d7fc7daa',3,'subfolder_831913ad7a-1',0,1606907757,'6f55d5d7127377a50410452470867f07',36,'0','1.4.2','','','','da5050803b5fbae2a5b953f06c1944b75a63c2a2'),('239448db-8ffc-4cf7-91f0-e92234263e25',3,'.pydio',1,1607320158,'420d752452fc0fec18c5187ffb3808e3',36,'511','1.11.3','','','','7fb1b5077bd74199dee79282b56555d9eeff8252'),('25bafe8f-1097-49b9-80fc-618894ebf6ae',4,'.pydio',1,1606898441,'6bd59958761cd3c9976822d90abfd2c9',36,'511','1.11.2.1','','','','5ff84eaf0f3e5e416081c3d23601734b005f40b1'),('2769d27b-beb9-49f9-8f4b-dff1895e612e',4,'subfolder-2',0,1606907880,'bee1b2fde8429d00a2ece2415c9bc633',36,'0','1.17.1.3','','','','036ba8da69c7a54f1f45ff0f7360754c2038b2eb'),('284b6c24-51ac-404e-a00f-1129004f5c67',4,'.pydio',1,1606908202,'b17e1a470628066130be50b4e662a8da',36,'511','1.10.1.1','','','','96f8d8e55732ebd17ad1bda5628fa287b78be37c'),('2c768f60-98cb-4130-87db-0b0e1b3799ac',4,'subfolder_affcb789e8-2',0,1606898635,'414acebcd1025235b35e7a13e863343e',36,'0','1.7.1.3','','','','56c86f116b67136331a0e741b08889905245da4c'),('30361e37-96c1-41a0-836f-245d36c074de',3,'global-ws_encrypted-ws_copy-src_fd8ee48bdd',0,1606908156,'e33892992af89e8d10d9a79b57d9bef4',36,'0','1.3.1','','','','ccefc2f8651dab1dca3f5569d5c8495d75f8956a'),('3371c6e7-b270-4949-89ac-cffa9e3a3da6',3,'subfolder_affcb789e8-2',0,1606898595,'7f03db40e55d9b84f6d5a54433b14ebe',36,'0','1.5.3','','','','a221ad7331c46ceebe4aa9b11c978dc5185fbda5'),('3915679e-4b96-4bdb-aabe-8142c856eff1',4,'subfolder-0',0,1606907880,'959ff6d7a6e7e469d6724b401c1fceed',36,'0','1.17.1.1','','','','c0576f914e99475625ae55132473a76306c836cc'),('3922869f-39ac-45fd-bda8-902fca071fd9',3,'testMove_orig_dbc8',0,1606898724,'1f7557bb53ec4b5deb7396aebab3dad6',36,'0','1.18.1','','','','c70da539b9e83a50bb70013e6a5cb6e9d4623d5c'),('3aa40f38-5a55-49df-99b8-fe668818f03e',2,'testFileDsMove-target-007a',0,1606908162,'5d2f592a8b6644608b03cdc1802cf529',36,'0','1.13','','','','e83d8b4ce4e1f6b2a7f7dfc5cd73b7fc2bb34b6e'),('3b4f604a-34ae-11eb-ae1c-3c075467ca63',3,'.pydio',1,1606908440,'46b3b307acca856682a0736ab154a766',36,'511','1.1.2','','','','e3429934f4f3ac1c68dc8b2eef6c7df0aa7a7f9c'),('3b732606-34ae-11eb-ae1c-3c075467ca63',3,'.pydio',1,1606898386,'160ed7e6910085c28bae2ede530ab00c',36,'511','1.2.2','','','','6da43ddc66ea2368258688e802388e932e83f73e'),('3b73ef6e-34ae-11eb-ae1c-3c075467ca63',4,'.pydio',1,1606898390,'db94636047b5c5d5b63809f346bb6ad5',36,'511','1.2.1.3','','','','c3b459add3a7edd1163e091abac34728e1d6c4a1'),('3b7647d2-34ae-11eb-ae1c-3c075467ca63',5,'.pydio',1,1607320158,'0e161aedd33afa682ab9a1ac20f3be66',36,'511','1.2.1.1.1','','','','19fc8373df61bc957058609a19a3aaaa7c9b89fe'),('3b78f69e-34ae-11eb-ae1c-3c075467ca63',5,'.pydio',1,1607320158,'095f3c1944084d9a3e6ac2da2d49bb6b',36,'511','1.2.1.2.1','','','','97d34fa43dc23b25d090004ee52e7a8814da9c64'),('3b7c60a4-34ae-11eb-ae1c-3c075467ca63',3,'.pydio',1,1606908152,'03426ee8de4644408a0f13b3a129e7d5',36,'511','1.3.2','','','','312922418c775c428a953a3113e443ec31059d4f'),('3b7f6ee8-34ae-11eb-ae1c-3c075467ca63',4,'.pydio',1,1607320158,'da927367240edff5342019eb0f66a2ef',36,'511','1.3.1.3','','','','5648908f0bfd0ee3608a8d04648193d554229bb8'),('3b8113f6-34ae-11eb-ae1c-3c075467ca63',5,'.pydio',1,1606908155,'ac78949c9a15dcda0835be7145b43795',36,'511','1.3.1.1.1','','','','05f6411d9873892e0fb49b3b710a80b6819809af'),('3b9c4a68-34ae-11eb-ae1c-3c075467ca63',5,'.pydio',1,1607320158,'16f37de9f5ada09524bf25241925eaf7',36,'511','1.3.1.2.1','','','','3d33353f7bee8a63bee74dcfb6c7f18f19a2ccbf'),('3ba2b178-34ae-11eb-ae1c-3c075467ca63',3,'.pydio',1,1606907751,'c2e0ab4f01a4ceddb637edf26ed9a6e1',36,'511','1.4.4','','','','255ee3124118ef39f0c2d984854cb0f180c4b1fe'),('3ba3d9ea-34ae-11eb-ae1c-3c075467ca63',4,'.pydio',1,1606907754,'76d44b5fd63bce7c738c20c56f688c8d',36,'511','1.4.1.1','','','','a853c74f4caf8b68ce1c06f9285b3aabb3d4f1a2'),('3bbd0b4a-34ae-11eb-ae1c-3c075467ca63',4,'.pydio',1,1606907757,'381ab576bcbf32d04da6cd033395f8cf',36,'511','1.4.2.1','','','','3cc4ed835ba54bf211ea6a6d2ae5fdca22f56a4f'),('3bcd825e-34ae-11eb-ae1c-3c075467ca63',4,'.pydio',1,1607320158,'a3f0a4d007fb6fd00fd8ae13b5da7487',36,'511','1.4.3.1','','','','b22ab56afb5b439a6d5f2890673ee629afc13a10'),('3bcf6aff-df42-41f3-a082-6ca208a3cc03',2,'copySrcFolder_831913ad7a',0,1606907751,'1537c6aabb35f9673714e404ed7fbfd2',36,'0','1.4','','','','a26f83404b3689e9473b90563ae874b959b849ed'),('3bef5604-34ae-11eb-ae1c-3c075467ca63',3,'.pydio',1,1606898585,'4b9f372a47826a6c3316d586d3aecf3b',36,'511','1.5.4','','','','caede917a8676edcac7e9d6481043710792411c9'),('3bf04bb8-34ae-11eb-ae1c-3c075467ca63',4,'.pydio',1,1606898588,'a4b93e399dbbfb2430e3e241131b38f2',36,'511','1.5.1.1','','','','d0e73b294bc6c5a1ff7c293f9420ba8e7ad35908'),('3bfa64ae-34ae-11eb-ae1c-3c075467ca63',4,'.pydio',1,1606898592,'cd4fd90355eabb9bf5c0727069738f50',36,'511','1.5.2.1','','','','3b130b0112e6f25b75979495aa7712c5518fc137'),('3bfda8bc-34ae-11eb-ae1c-3c075467ca63',4,'.pydio',1,1606898595,'215c33640a242223b41fb224288fdd30',36,'511','1.5.3.1','','','','8fe569e83d40669704121f13852c367850ee35eb'),('3c004f22-34ae-11eb-ae1c-3c075467ca63',3,'.pydio',1,1606907795,'e9781e071b41530ee755dd0239beb994',36,'511','1.6.2','','','','c117423da3e5e169d36e3111880b709d28e85308'),('3c010412-34ae-11eb-ae1c-3c075467ca63',4,'.pydio',1,1606907798,'7268bb76e4dee8f3a141845e265e3837',36,'511','1.6.1.4','','','','066c2ddee808356e64542aa04ea8ff89ab6874c3'),('3c0226e4-34ae-11eb-ae1c-3c075467ca63',5,'.pydio',1,1606907798,'5e70dd837bd5516b25f50a3804ebbbd8',36,'511','1.6.1.1.1','','','','29d80a2b7f931f8b70abbe4915e3c67f399674cf'),('3c05ae0e-34ae-11eb-ae1c-3c075467ca63',5,'.pydio',1,1606907798,'42d5dd5f43d363f40e56eb47b1531d94',36,'511','1.6.1.2.1','','','','981d1566acf8bfc0616219b5c5188bc98ee69fbd'),('3c225752-34ae-11eb-ae1c-3c075467ca63',5,'.pydio',1,1606907798,'71eebae6087fee8b85789dd4771e8653',36,'511','1.6.1.3.1','','','','ab2b4127dabd5952bd5c1699a2f69aed9054c9ca'),('3c29d8ce-34ae-11eb-ae1c-3c075467ca63',3,'.pydio',1,1606898631,'7279aaf82f0cfa79ae1ac35781bdaae5',36,'511','1.7.2','','','','a9901643b6482a446e950927fd0e6f0e9fb01716'),('3c2ad076-34ae-11eb-ae1c-3c075467ca63',4,'.pydio',1,1606898635,'ee3d5749dbe97faab4a8f3be77545830',36,'511','1.7.1.4','','','','f92bb8750515b052ebf4cb5cfbc354a72dbb87bf'),('3c2c51da-34ae-11eb-ae1c-3c075467ca63',5,'.pydio',1,1606898635,'39746e5ec1a754e91e0d5b4ea1590e89',36,'511','1.7.1.1.1','','','','469226dca6868026d5c54e154fff7e3e4f3416f4'),('3c3282bc-34ae-11eb-ae1c-3c075467ca63',5,'.pydio',1,1606898635,'fc8c089363c189e56ad5ce6bc4f2adbb',36,'511','1.7.1.2.1','','','','2370c57f37a2f525325c272c38355963828c49c0'),('3c38cd48-34ae-11eb-ae1c-3c075467ca63',5,'.pydio',1,1607320158,'f659698bd46772da6b71443b7dd83857',36,'511','1.7.1.3.1','','','','6de65e09b437803e738b9ae14e2f5b996edfde30'),('3c3d5bce-34ae-11eb-ae1c-3c075467ca63',3,'.pydio',1,1606908052,'02d949c2d238e28e2905821e4ae1a739',36,'511','1.8.3','','','','c6c2cbcd0973a7d5c4bf991bd0f045c3e890fa81'),('3c3e53c6-34ae-11eb-ae1c-3c075467ca63',4,'.pydio',1,1606908055,'d0b44fd3656a0da24a99632633671995',36,'511','1.8.1.1','','','','9303ec7d198af9fd0d09e6325ce92fa8a37871e2'),('3c4c5dfe-34ae-11eb-ae1c-3c075467ca63',4,'.pydio',1,1606908059,'17bb3f1eb5859db54e21a48747b178fb',36,'511','1.8.2.1','','','','bad0f4d24a279cb9e68dc19791410fb2b54217ab'),('3c52caea-34ae-11eb-ae1c-3c075467ca63',3,'.pydio',1,1606898272,'c533c8f5c66583aedbeec10476c51f46',36,'511','1.9.3','','','','33a34613c20e8e6e7f9ba1135b82bb1608eea6af'),('3c53828c-34ae-11eb-ae1c-3c075467ca63',4,'.pydio',1,1606898275,'c8ebb9d059b4b4d457826ce5b3530966',36,'511','1.9.1.1','','','','0f8a13d1f89add775d27dd1bf5ff17292647a188'),('3c5d4736-34ae-11eb-ae1c-3c075467ca63',4,'.pydio',1,1606898279,'dc12d962cd6586190a7cc15097b152d8',36,'511','1.9.2.1','','','','ab89dfbba6bbd05dde13dc551ff5d8d3f3e9160a'),('3c946356-34ae-11eb-ae1c-3c075467ca63',3,'.pydio',1,1606898649,'da8fa86faf9b57d878eb18fbbb8f943d',36,'511','1.12.1','','','','e2f2e225c4ff1ca0a8c0083ca61d7e9717bb61d5'),('3c979148-34ae-11eb-ae1c-3c075467ca63',3,'.pydio',1,1606908162,'53500ec45b3994bd3f6f321c4c2606bc',36,'511','1.13.1','','','','8fd8331f772b1227e5913d3649cdb93d928aaebf'),('3c98fe2a-34ae-11eb-ae1c-3c075467ca63',3,'.pydio',1,1607320158,'8b42a67ec68a24c9e037d831071ba1bf',36,'511','1.14.1','','','','9664a2ac4ea656db01cb21d1a8c4a62d72dcdffe'),('3c9a0086-34ae-11eb-ae1c-3c075467ca63',3,'.pydio',1,1606898657,'08e33075ecf1b36e82e551a2fcc2c44b',36,'511','1.15.1','','','','c26817acfeb148d7e6ba9954963e981948a2db3f'),('3c9b4338-34ae-11eb-ae1c-3c075467ca63',3,'.pydio',1,1606907817,'df773eae2be1ae178cff54ce365f0731',36,'511','1.16.1','','','','12f4be41e34208d75fe7507deef97d9408b6c050'),('3c9c9896-34ae-11eb-ae1c-3c075467ca63',3,'.pydio',1,1606907877,'0f0816db4d4a8f817712930580452ab1',36,'511','1.17.2','','','','e5ab62e01b277c6749cce10c75a3252d4890ae36'),('3c9d234c-34ae-11eb-ae1c-3c075467ca63',4,'.pydio',1,1606907880,'b3e5ecb473d679b65e59300940b30a0e',36,'511','1.17.1.4','','','','d4c77b5be7005a6544a556b75814bfe2adc276e6'),('3c9df6f0-34ae-11eb-ae1c-3c075467ca63',5,'.pydio',1,1606907880,'9c22ed76a605ab87bc22476b64477ae7',36,'511','1.17.1.1.1','','','','ead7762c5eb09f02f2c40ef42c4707e5c599cb60'),('3ca013f4-34ae-11eb-ae1c-3c075467ca63',5,'.pydio',1,1606907880,'a6b6bacd3416d80c0921a43a1652edde',36,'511','1.17.1.2.1','','','','7462d17ce091d3f02e00e777c9895eb7fe84e55d'),('3ca20ed4-34ae-11eb-ae1c-3c075467ca63',5,'.pydio',1,1606907880,'8ed5f34e92ca8e9726cee72f32d37e52',36,'511','1.17.1.3.1','','','','cb2d7cdad0089b1e4fbecda6e6145547a42bde71'),('3ca3339a-34ae-11eb-ae1c-3c075467ca63',3,'.pydio',1,1606898721,'f39ee232941b561ab9186d1653c046ec',36,'511','1.18.2','','','','2b3c6ac23cfffce2c714f7553284e912852ab2fe'),('3ca3ef2e-34ae-11eb-ae1c-3c075467ca63',4,'.pydio',1,1606898724,'607cd4cb042d2f331845bbae91dafa2d',36,'511','1.18.1.4','','','','718bacac61ad5ba60c863e11172363ba0e533a7a'),('3ca49172-34ae-11eb-ae1c-3c075467ca63',5,'.pydio',1,1606898724,'f57412cf6f5e8cfb20fd7876cb487acc',36,'511','1.18.1.1.1','','','','71fe290d05f14fb759b8fbc79bb16b92407eea5e'),('3ca636e4-34ae-11eb-ae1c-3c075467ca63',5,'.pydio',1,1606898724,'b69a1e3a5262250413c070dfb3215858',36,'511','1.18.1.2.1','','','','a4414b61c7e41d443bdfd91661ed405917217133'),('3ca8b50e-34ae-11eb-ae1c-3c075467ca63',5,'.pydio',1,1606898724,'ef86f1db2b7a56fc8e68795403ab5149',36,'511','1.18.1.3.1','','','','2bc5c220a7bc82995e4b348cc622365c6a7727f7'),('3e239800-1f65-4659-9343-a3b73db17d6e',2,'testMove_target_d11b',0,1606907877,'259c6be6eed928baf0e9e5e2079a6da4',36,'0','1.17','','','','324bc7cb0b310e1ff557d69e2328525bd78df9ed'),('4010d963-197d-4bef-a18a-3bd8243f6d95',3,'subfolder_831913ad7a-2',0,1606907761,'2600721447f29f343d208b8ad43b4698',36,'0','1.4.3','','','','e864410c570d87244a122a31198944fa5ab9260e'),('42054a5d-40ed-4462-a466-bb1dea4fb975',4,'subfolder_831913ad7a-1',0,1606907798,'d248d530f7d0440a8de8bcb4f932d971',36,'0','1.6.1.2','','','','21180495ea073e7b365bf38549752649b01e503d'),('4b575dba-cc9b-4c6a-8875-9baed3bb1bd3',3,'sub-folder-A-0',0,1606898275,'115bccf5a6b1b1b40c87dbd92e50091a',36,'0','1.9.1','','','','381bb12da04a82580bb6d698b8798743668826bd'),('533acf02-6cf5-4a1d-b0a3-cf6821d4ad2d',4,'subfolder-1',0,1606898724,'ff04a963ed6fd86185372d54ceb31724',36,'0','1.18.1.2','','','','194cefa2cccb7ab1f7812673d8b52bd32d64ae31'),('541353a1-6ed8-4a27-abe9-c3add113eac4',4,'subfolder-1',0,1606907880,'4910ebf499267e3d89a98d44162d5b15',36,'0','1.17.1.2','','','','cc6de4613530475f3663d573e204a3a152cdbed6'),('572a9425-026f-4603-acc4-aa7abd7496d8',3,'sub-folder-A-1',0,1606898279,'00f4e48693ca1b0ff292979b8c3551f9',36,'0','1.9.2','','','','1ae2b3145aeda5c94e1cc83b23d74521cf9cc3c5'),('5b14fb8e-e733-44b4-8273-de4653a1b8b1',4,'.pydio',1,1606908443,'f5f3648f8e6493f423b708533b7dc4fe',36,'511','1.1.1.1','','','','409629a08b9b3f3be610b8832cc28822f964410f'),('5baf53a6-e76b-4034-a7c6-36110ef9da34',4,'subfolder_831913ad7a-0',0,1606907798,'a2c7f0ea46c27b3604bfacb5346b7734',36,'0','1.6.1.1','','','','6223679f8b2ea04e0a8433ab46d6836dbc75a74c'),('5c1551a7-ec44-4648-8752-b2109fc60a30',3,'subfolder_831913ad7a-0',0,1606907754,'b9a0f71d71d3e1f68dc439cdb60683ce',36,'0','1.4.1','','','','a9ec402f06cdb367cb4ecd9d221265dbc42431cf'),('5d45cf2f-d7f0-4358-90b7-49173092ccc6',3,'subfolder-0',0,1606908202,'c204170956fc96b55d141850001d4f69',36,'0','1.10.1','','','','7d717e1eb3141d4c346ffb2802ac590968296293'),('65ae5e63-7e60-4745-aa39-0a09d774f2c1',4,'sub-folder-A-1',0,1606898389,'7137d823fb64d0e9fd4ae8c481e9ca5f',36,'0','1.2.1.2','','','','670867ec1644f19e34286fa8da16da2c316034fc'),('69d6e296-e471-4946-913f-88a2869884e3',2,'copy-from_global-ws_target_bcc2c86851',0,1606898386,'aaee837c227da06930656e11c7be89f3',36,'0','1.2','','','','8114b9dabe64741f5700c676da07d4182530a754'),('6eaae272-6ec3-46c2-a661-2d19943db5ef',3,'subfolder-1',0,1606908202,'862f88f6c13064f8890423087c9d1b21',36,'0','1.10.2','','','','c8d69734424616a223a001cedb74a1b7ace01e17'),('7358e07a-d2df-4128-936e-74c94280ac3e',3,'sub-folder-A-0',0,1606908055,'3fe7bd788a56cb6c06fe327a011b3fe7',36,'0','1.8.1','','','','9829113ed356f261f9202f78259f32919e9e5d9b'),('77c90640-9930-4a32-85a6-a94af08a687b',2,'copyTargetFolder_831913ad7a',0,1606907795,'62f5e2b25429873ac74c9d3480850d27',36,'0','1.6','','','','4693695d02f6236c431a6589af6dfdef6aa7fa31'),('7cb93d39-8a67-4ac6-b337-11967a39d22e',2,'testMove_target_dbc8',0,1606898721,'55e19783baeab141f3f5aef2ba6dc0bc',36,'0','1.18','','','','6ce245771a09227fe7eff01895554c005be8f84b'),('7fb592e9-e7e9-418a-9f74-e3c68899588f',2,'TestSharingMoveAccrossDs-33bb',0,1606908440,'28e7bdde3aa4608daead6c0a110d6e64',36,'0','1.1','','','','4491f8b5ecc09d9de308ea37e6a23ad2dd66c256'),('8128128a-45e3-495f-b689-8f3ce0c069cb',3,'testMove_orig_d11b',0,1606907880,'7bb777e601a2db93870348da99d4586a',36,'0','1.17.1','','','','4bfe61fd9e7ec461ff91963632ff470bd1264c1a'),('82f7072e-87a6-4cdf-b53c-b0b10556eed5',2,'copySrcFolder_affcb789e8',0,1606898585,'5f5a7fa1206f041805e578bf569351f8',36,'0','1.5','','','','aa8f289ebe6d4db1b4a1038b8931ec8c2b5399fb'),('876416ea-5396-4781-aef4-076be8dd3dde',3,'subfolder_affcb789e8-0',0,1606898588,'08ded68a3d86bada71da1290b1f30e1c',36,'0','1.5.1','','','','29cd3f50fdf56b43132cb011be27e5a2567b76ae'),('87b032fb-1195-4815-98a4-1884b9ae35b7',3,'subfolder-1',0,1606898441,'1f580109c339ee48402071e76b9060aa',36,'0','1.11.2','','','','aa8d05244067e63778197cff65d9209d713328a4'),('88b25b86-a300-4703-a2b6-b203b5cadd63',4,'sub-folder-A-0',0,1606908155,'f622c58aafc262a20309e7b1c7c8227a',36,'0','1.3.1.1','','','','c28cf43fa8a804a01c9f7a20a8faca8643ecc7ac'),('8f30fca0-3254-4b98-a70b-d7d2304cc8e2',4,'sub-folder-A-1',0,1606908155,'bb447d55d5ebd944913ce93c4dcdb23a',36,'0','1.3.1.2','','','','077a3db29eabf38ef0a739e877d1591c9d8db7b0'),('90ea29a0-b4a2-4695-811f-86756d441bda',2,'copyTargetFolder_affcb789e8',0,1606898631,'2b00570834c38dffaf09630edebc3b52',36,'0','1.7','','','','58e6d386c363c2665ea43e7a57f0a497da13416e'),('9495b599-5a70-4993-8874-371697de640a',2,'recycle_bin',0,1606898649,'d109c0461b739087dd49686c7ec0bcfa',36,'0','1.12','','','','8dc5253966cff788bc78a0da8c1ec52e0bee16a8'),('a1cdccb1-6511-432a-b782-b51e8b49cfb5',4,'.pydio',1,1607320158,'82e367632c728cd0a367a8754ed70154',36,'511','1.11.1.1','','','','7d8fd6fecd2c4c044a9b98b94571c320e7bf3532'),('b280ce18-60cb-4f45-ab87-48132e45d092',4,'subfolder-0',0,1606898724,'6b0f31964ce1f899a164cf1ab4d6ccc8',36,'0','1.18.1.1','','','','ed6ad32541f5e480443c8d9d80f95f8cfb9687ce'),('b30e063f-b8b6-4141-93bd-dadfc23d9a05',4,'.pydio',1,1607320158,'8f427985deacec1a2681d63c29f50785',36,'511','1.10.2.1','','','','64c662de61f9fe71994af206e8a816511ce04211'),('baa7f7a8-3ad7-43fe-ac89-7b2ad88d2999',2,'encrypted-ws_global-ws_copy-src_c497c03354',0,1606908052,'77b14ea51f1ec39f1f7788d5491f4f5f',36,'0','1.8','','','','93ec1d5b0e5f86e667093d5857f65ca0fa9c557a'),('c3009306-e5f7-4a63-839a-a97c6ab63ead',3,'subfolder_affcb789e8-1',0,1606898592,'b9472abdf0cd2115079b3a3423a52d42',36,'0','1.5.2','','','','c5a76ffee48786649f498fcb3cd620fad7c6c2da'),('ca2142d1-a055-4f42-982c-354df86ebd98',3,'TestSharingAndMoveDir-33bb',0,1606908443,'d3e63727d27fee2e22ef2b2b4a2b2740',36,'0','1.1.1','','','','bd952513ae9dce3e914b4918eae08e1eddd37faa'),('ca21a010-94ee-4582-a0a2-c6e51b3a912d',3,'sub-folder-A-1',0,1606908059,'8022e1603c77941b0f8a97225e7bceba',36,'0','1.8.2','','','','d176141136f1fe969aeca56eb98e3734f24199ae'),('cfc5569f-fa18-40d7-ae97-cbba0e6621ae',2,'encrypted-ws_global-ws_copy-src_d2c164f74f',0,1606898272,'11e80a626f2233375f38f2ab40a78e34',36,'0','1.9','','','','936931368287d72a5bda62a8a3e0d2ed6638fa8f'),('d4a5c3e6-3d0c-46e7-b997-325250f787f2',4,'subfolder_affcb789e8-1',0,1606898635,'be3392394244e5f576b5ef485e7de794',36,'0','1.7.1.2','','','','36aea7bebd7c451a2878489dbf8dae7ab30f41e0'),('db5f1fa8-0bb6-454c-a621-66d0f20a7068',4,'subfolder_affcb789e8-0',0,1606898635,'5fb462b9c2cba9e7bb6fdcb1ebc9e621',36,'0','1.7.1.1','','','','c2895635e53881b7dd4f067ec90c0ba03f1c97a9'),('df54131c-975b-40ac-bdcf-915168c568ab',2,'testFileMove-target-a1f5',0,1606907817,'8627fb22a34e29dccd48ea9c3fa2ff1a',36,'0','1.16','','','','562e2573cf8f5627618ba69dc213ed93dff800b9'),('e1b962cb-3e51-40e8-9818-284ceafca926',2,'global-ws_encrypted-ws_testMove-src_e0e4',0,1606898441,'f62d20c05d88c886a3e60b322fd048b5',36,'0','1.11','','','','14b46e8ec03c3008e57ed966a26b63495b68b9b7'),('f1b297b9-1279-457f-924a-d04258946779',2,'copy-from_global-ws_target_fd8ee48bdd',0,1606908152,'210e77ec791b35c431639b7405e48660',36,'0','1.3','','','','2afe7d50c10921ac0f9f899939231a737e7dc2b2'),('f3dee3f9-0e8f-4c4a-9df1-3889379e4597',4,'subfolder-2',0,1606898724,'c6bbf0e724cb0e7c89b0f70fc094cb1b',36,'0','1.18.1.3','','','','33143609dadd376f6d3ac1a8816bf70a90b45ce2'),('ROOT',1,'',0,1606914704,'',0,'0','1','','','','356a192b7913b04c54574d18c28d46e6395428ab');
/*!40000 ALTER TABLE `data_index_encrypted_idx_tree` ENABLE KEYS */;
UNLOCK TABLES;

--
-- Table structure for table `data_index_encryptedsb051_idx_commits`
--

DROP TABLE IF EXISTS `data_index_encryptedsb051_idx_commits`;
/*!40101 SET @saved_cs_client     = @@character_set_client */;
/*!50503 SET character_set_client = utf8mb4 */;
CREATE TABLE `data_index_encryptedsb051_idx_commits` (
  `id` bigint NOT NULL AUTO_INCREMENT,
  `uuid` varchar(128) COLLATE utf8mb4_bin NOT NULL,
  `etag` varchar(255) COLLATE utf8mb4_bin NOT NULL,
  `mtime` int NOT NULL,
  `size` bigint DEFAULT NULL,
  `data` blob,
  PRIMARY KEY (`id`),
  KEY `data_index_encryptedsb051_idx_tree_uuid_idx` (`uuid`)
) ENGINE=InnoDB DEFAULT CHARSET=utf8mb4 COLLATE=utf8mb4_bin;
/*!40101 SET character_set_client = @saved_cs_client */;

--
-- Dumping data for table `data_index_encryptedsb051_idx_commits`
--

LOCK TABLES `data_index_encryptedsb051_idx_commits` WRITE;
/*!40000 ALTER TABLE `data_index_encryptedsb051_idx_commits` DISABLE KEYS */;
/*!40000 ALTER TABLE `data_index_encryptedsb051_idx_commits` ENABLE KEYS */;
UNLOCK TABLES;

--
-- Table structure for table `data_index_encryptedsb051_idx_tree`
--

DROP TABLE IF EXISTS `data_index_encryptedsb051_idx_tree`;
/*!40101 SET @saved_cs_client     = @@character_set_client */;
/*!50503 SET character_set_client = utf8mb4 */;
CREATE TABLE `data_index_encryptedsb051_idx_tree` (
  `uuid` varchar(128) NOT NULL,
  `level` smallint NOT NULL,
  `name` varchar(255) CHARACTER SET utf8mb4 COLLATE utf8mb4_bin NOT NULL,
  `leaf` tinyint(1) NOT NULL DEFAULT '0',
  `mtime` int NOT NULL,
  `etag` varchar(255) NOT NULL DEFAULT '',
  `size` bigint NOT NULL DEFAULT '0',
  `mode` varchar(10) NOT NULL DEFAULT '',
  `mpath1` varchar(255) NOT NULL,
  `mpath2` varchar(255) NOT NULL,
  `mpath3` varchar(255) NOT NULL,
  `mpath4` varchar(255) NOT NULL,
  `hash` varchar(40) NOT NULL,
  PRIMARY KEY (`uuid`),
  UNIQUE KEY `data_index_encryptedsb051_idx_tree_u1` (`hash`),
  KEY `data_index_encryptedsb051_idx_tree_mpath1_idx` (`mpath1`),
  KEY `data_index_encryptedsb051_idx_tree_mpath2_idx` (`mpath2`),
  KEY `data_index_encryptedsb051_idx_tree_mpath3_idx` (`mpath3`),
  KEY `data_index_encryptedsb051_idx_tree_mpath4_idx` (`mpath4`),
  KEY `data_index_encryptedsb051_idx_tree_name_idx` (`name`(128)),
  KEY `data_index_encryptedsb051_idx_tree_level_idx` (`level`)
) ENGINE=InnoDB DEFAULT CHARSET=ascii;
/*!40101 SET character_set_client = @saved_cs_client */;

--
-- Dumping data for table `data_index_encryptedsb051_idx_tree`
--

LOCK TABLES `data_index_encryptedsb051_idx_tree` WRITE;
/*!40000 ALTER TABLE `data_index_encryptedsb051_idx_tree` DISABLE KEYS */;
INSERT INTO `data_index_encryptedsb051_idx_tree` VALUES ('ROOT',1,'',0,1606914744,'',0,'0','1','','','','356a192b7913b04c54574d18c28d46e6395428ab');
/*!40000 ALTER TABLE `data_index_encryptedsb051_idx_tree` ENABLE KEYS */;
UNLOCK TABLES;

--
-- Table structure for table `data_index_globalds_idx_commits`
--

DROP TABLE IF EXISTS `data_index_globalds_idx_commits`;
/*!40101 SET @saved_cs_client     = @@character_set_client */;
/*!50503 SET character_set_client = utf8mb4 */;
CREATE TABLE `data_index_globalds_idx_commits` (
  `id` bigint NOT NULL AUTO_INCREMENT,
  `uuid` varchar(128) COLLATE utf8mb4_bin NOT NULL,
  `etag` varchar(255) COLLATE utf8mb4_bin NOT NULL,
  `mtime` int NOT NULL,
  `size` bigint DEFAULT NULL,
  `data` blob,
  PRIMARY KEY (`id`),
  KEY `data_index_globalds_idx_tree_uuid_idx` (`uuid`)
) ENGINE=InnoDB DEFAULT CHARSET=utf8mb4 COLLATE=utf8mb4_bin;
/*!40101 SET character_set_client = @saved_cs_client */;

--
-- Dumping data for table `data_index_globalds_idx_commits`
--

LOCK TABLES `data_index_globalds_idx_commits` WRITE;
/*!40000 ALTER TABLE `data_index_globalds_idx_commits` DISABLE KEYS */;
/*!40000 ALTER TABLE `data_index_globalds_idx_commits` ENABLE KEYS */;
UNLOCK TABLES;

--
-- Table structure for table `data_index_globalds_idx_tree`
--

DROP TABLE IF EXISTS `data_index_globalds_idx_tree`;
/*!40101 SET @saved_cs_client     = @@character_set_client */;
/*!50503 SET character_set_client = utf8mb4 */;
CREATE TABLE `data_index_globalds_idx_tree` (
  `uuid` varchar(128) NOT NULL,
  `level` smallint NOT NULL,
  `name` varchar(255) CHARACTER SET utf8mb4 COLLATE utf8mb4_bin NOT NULL,
  `leaf` tinyint(1) NOT NULL DEFAULT '0',
  `mtime` int NOT NULL,
  `etag` varchar(255) NOT NULL DEFAULT '',
  `size` bigint NOT NULL DEFAULT '0',
  `mode` varchar(10) NOT NULL DEFAULT '',
  `mpath1` varchar(255) NOT NULL,
  `mpath2` varchar(255) NOT NULL,
  `mpath3` varchar(255) NOT NULL,
  `mpath4` varchar(255) NOT NULL,
  `hash` varchar(40) NOT NULL,
  PRIMARY KEY (`uuid`),
  UNIQUE KEY `data_index_globalds_idx_tree_u1` (`hash`),
  KEY `data_index_globalds_idx_tree_mpath1_idx` (`mpath1`),
  KEY `data_index_globalds_idx_tree_mpath2_idx` (`mpath2`),
  KEY `data_index_globalds_idx_tree_mpath3_idx` (`mpath3`),
  KEY `data_index_globalds_idx_tree_mpath4_idx` (`mpath4`),
  KEY `data_index_globalds_idx_tree_name_idx` (`name`(128)),
  KEY `data_index_globalds_idx_tree_level_idx` (`level`)
) ENGINE=InnoDB DEFAULT CHARSET=ascii;
/*!40101 SET character_set_client = @saved_cs_client */;

--
-- Dumping data for table `data_index_globalds_idx_tree`
--

LOCK TABLES `data_index_globalds_idx_tree` WRITE;
/*!40000 ALTER TABLE `data_index_globalds_idx_tree` DISABLE KEYS */;
INSERT INTO `data_index_globalds_idx_tree` VALUES ('0117732d-8e3d-4b06-ab1f-22619651c1b8',4,'sub-folder-A-0',0,1606908079,'7c2e0dcf8630ad4a9f36e8f084184d8c',36,'0','1.19.1.1','','','','1ca29ca817a41ea12672bcc57c5a3f5adb697642'),('07e175fc-d631-4b3b-aee3-6309e8b2eac7',3,'subfolder_2d2ede05a8-2',0,1606907382,'e0818a3295dc703e924b497da10ecd27',36,'0','1.22.3','','','','bea2d95ffb178fb7fd61e8ea4ec352f7210af78c'),('09bc31a2-57a8-4908-b8d1-c395c0aaffc9',2,'copy-from_encrypted-ws_target_c497c03354',0,1606908076,'59f8ad172cfa33eedacbc9057fdc1790',36,'0','1.19','','','','2697e97c7498c132266d9d83f54a5016cb289634'),('127158fa-dfb1-438f-8272-7153b13924f9',2,'pagination_testing_folder_e4e76fbb25',0,1606908318,'55cc7fd4eeb2ffbc766945c90093986a',36,'0','1.34','','','','6a763a8695f1ce21d8e644909b4ebaafa0151e31'),('1655b2a1-20f6-4360-8921-b5fe068b9147',3,'sub-folder-A-1',0,1606898187,'1d2670c9c4b1804cc6f7e73b291038d0',36,'0','1.32.2','','','','c00735a1cd1f80fbe6b120703393c63ce3b320e7'),('1771b321-c206-4f41-8074-0a3392f5fe7a',3,'testMove_orig_fde2',0,1606898268,'5c1de4bd59a7a3f2c23bc19006c3d29f',36,'0','1.42.1','','','','286a6eba9509bea5ee4a4096c36429b8c4c2a14b'),('18d9aab4-365c-4197-8b25-33415bb046c8',2,'1ca2e2eb1c',0,1606914949,'dbbb5de9f75a1ebfc8c725d38a99a6d9',36,'0','1.11','','','','14b46e8ec03c3008e57ed966a26b63495b68b9b7'),('1f18a356-aa3f-4b98-9dec-4989994fdce9',3,'recycle_bin',0,1606914889,'c613bc8c10eaf3aed722d6288cdf08e0',36,'0','1.1.3','','','','270ab9fbc267c8db129c34d079aeb2a92f7b9f42'),('1fdedd28-50ce-44f1-ae15-ab483424192f',3,'.pydio',1,1606908124,'f4f7b76cb16eaf7c8cf264d868008f8e',36,'511','1.26.3','','','','9cb37c7b5c59e3b100761f72794d07eff055d48f'),('2002058d-f027-4dd4-8781-3edb8a0e6f50',3,'subfolder-0',0,1606898355,'d379b04e81c9b8d9b32686791efaedb6',36,'0','1.25.1','','','','354e6e09996d04cc6a8b685d39052d185fcf2bd3'),('27b8566d-5cd6-4403-b178-4aff0d4919b5',4,'subfolder_09a0b7c68b-2',0,1606898172,'22f998877519d5420ec00a09934e12c8',36,'0','1.23.1.3','','','','33186bfee7900c82d16d1abfd4b0fd20e3d9ba18'),('2d0ab1b5-5d2e-4090-91d8-aee0017be3e1',3,'WebDav_dummy_folder-4a528609a0',0,1606897771,'ff49163041a4526c5baaa7a3a57400a8',36,'0','1.13.1','','','','8fd8331f772b1227e5913d3649cdb93d928aaebf'),('2f6de137-b3d8-42d0-bae4-4e770e822b1b',3,'sub-folder-A-1',0,1606908135,'c4007f4e5fa3fb613a962e4f46d787f5',36,'0','1.30.2','','','','cb416c1f09d445f744af86c9bcffbcc09f3adc07'),('315d3142-ddf0-464c-b4d1-35bda22e1c22',4,'subfolder_09a0b7c68b-0',0,1606898172,'5df329e3b85c9f058da2861a6531a12f',36,'0','1.23.1.1','','','','43012d10852d566daa7bcad5cee9a1a6c9d72e77'),('36ba99d4-f5de-41a1-bcbc-c19feac5f7ad',2,'copy-from_encrypted-ws_target_d2c164f74f',0,1606898298,'6a3678cac9baa77933f570f7d34e07e2',36,'0','1.20','','','','286ccc9935b4ac7d2ba372b561c5ce9a5ae609dd'),('370a590e-d509-4ca3-ac40-39cafb350b3f',3,'sub-folder-A-0',0,1606898184,'7fb6b6479ee738b3026aee514ded791a',36,'0','1.32.1','','','','6fca47a9d4afd06ea0e6e3a97afb49af061b88c6'),('39a3a136-46fd-42b2-bb08-d4bb4f194995',4,'subfolder_2d2ede05a8-2',0,1606907419,'8388d096586003394a3c14173bc02bd7',36,'0','1.24.1.3','','','','7d64b0d7d35c2a044862ad2953f170c716886e64'),('3d65a4e8-34ae-11eb-ac5b-3c075467ca63',3,'.pydio',1,1606897771,'0b75331547df676b89bf6aae796199c5',36,'511','1.12.2','','','','f84939ff21a1ffe63d6f3e405737228a6e174657'),('3d6660c2-34ae-11eb-ac5b-3c075467ca63',4,'.pydio',1,1606897771,'b21834c4be245e76fd00385718e41a4f',36,'511','1.12.1.1','','','','9ff40c974e22e82ef013a31b3da91b090549e600'),('3d66e18c-34ae-11eb-ac5b-3c075467ca63',3,'.pydio',1,1606897771,'3bea322e6737220bcfdaf9437ef6d9f6',36,'511','1.13.2','','','','34411457bed4136d760a5b6cf502e020fbeb1316'),('3d675cc0-34ae-11eb-ac5b-3c075467ca63',4,'.pydio',1,1607320162,'102e194823b78c36af477eefdbef3992',36,'511','1.13.1.1','','','','b57e75ba755dc6fe9ddf813545ff560116626b25'),('3d67e6ae-34ae-11eb-ac5b-3c075467ca63',3,'.pydio',1,1607320162,'42d888e94736024f95b903cbcd9eceda',36,'511','1.14.2','','','','bdd256ef87d7ea9d9890a9c5ee3e7fc3c79eca6f'),('3d6860a2-34ae-11eb-ac5b-3c075467ca63',4,'.pydio',1,1607320162,'f38d0d36a20b20812dab980f67187d2b',36,'511','1.14.1.1','','','','705be16b2aae04de5fcb5677da317c4059b16657'),('3d69f3ea-34ae-11eb-ac5b-3c075467ca63',3,'.pydio',1,1606908383,'b38d5ca4fe7b0d96f65bf0b3d51578cd',36,'511','1.15.1','','','','c26817acfeb148d7e6ba9954963e981948a2db3f'),('3d6a8dd2-34ae-11eb-ac5b-3c075467ca63',3,'.pydio',1,1606908413,'2e0099d49ff5ccc1e636437d60bf1d55',36,'511','1.16.1','','','','12f4be41e34208d75fe7507deef97d9408b6c050'),('3d6b0cbc-34ae-11eb-ac5b-3c075467ca63',3,'.pydio',1,1606907346,'914091abea0b26e760961a049544cf09',36,'511','1.17.1','','','','4bfe61fd9e7ec461ff91963632ff470bd1264c1a'),('3d6b8a98-34ae-11eb-ac5b-3c075467ca63',3,'.pydio',1,1606907328,'6227b982d3a4c871e596fee7cccc3f56',36,'511','1.18.2','','','','2b3c6ac23cfffce2c714f7553284e912852ab2fe'),('3d6c249e-34ae-11eb-ac5b-3c075467ca63',4,'.pydio',1,1606907339,'3ccc62a5f9ead522d13b7d922eab8c8e',36,'511','1.18.1.1','','','','ed6ad32541f5e480443c8d9d80f95f8cfb9687ce'),('3d6d52e2-34ae-11eb-ac5b-3c075467ca63',3,'.pydio',1,1607320162,'cf56e61d3d4805fc798b422792c94144',36,'511','1.19.2','','','','945254c5f726a6821439c8dc83b6125b99c9a528'),('3d6df710-34ae-11eb-ac5b-3c075467ca63',4,'.pydio',1,1607320162,'d4c501728fd85948de723052b1f2b00c',36,'511','1.19.1.3','','','','75cf87a00a8438c769566fc4c5590f66d82f6b5a'),('3d6e73ac-34ae-11eb-ac5b-3c075467ca63',5,'.pydio',1,1606908079,'e3f759c7a00e4cd9e95cfec26b0453c0',36,'511','1.19.1.1.1','','','','430c68bbb9bf7b62b9152c6a7c56160f3bcccc8b'),('3d77ab16-34ae-11eb-ac5b-3c075467ca63',5,'.pydio',1,1606908079,'bae91ff8db34c14763f80cc819e9dbdc',36,'511','1.19.1.2.1','','','','46eca23262dbb71b67299ddfb06ac705dd6e526b'),('3d799bf6-34ae-11eb-ac5b-3c075467ca63',3,'.pydio',1,1606898298,'e299337b1100693fa072e0c35b2fa51e',36,'511','1.20.2','','','','68c9b7f7107e58a492677237912410e7d28c994b'),('3d7a3d0e-34ae-11eb-ac5b-3c075467ca63',4,'.pydio',1,1606898303,'96fde05ba304978233a913e6ba67bcf8',36,'511','1.20.1.3','','','','7315c0bda395d3e27f8da91bb31d6cf066e5e888'),('3d7ae628-34ae-11eb-ac5b-3c075467ca63',5,'.pydio',1,1606898302,'8a78b4491d034b197d5a4a53df8659df',36,'511','1.20.1.1.1','','','','c517e9383dd98258e82ad2aa306fc7670406d2c3'),('3d7c7f38-34ae-11eb-ac5b-3c075467ca63',5,'.pydio',1,1606898302,'26cb2f273363268341968218eb732c9c',36,'511','1.20.1.2.1','','','','a5cd69b16136c692f6835ba4444f2488e0209811'),('3d7e0e02-34ae-11eb-ac5b-3c075467ca63',3,'.pydio',1,1606898123,'bc1adf140c7e38af964c28cc901bcfb0',36,'511','1.21.4','','','','d35acea9b2c318eebc96664aee101d8a487b7327'),('3d837ce8-34ae-11eb-ac5b-3c075467ca63',4,'.pydio',1,1606898126,'2eec93bed81793ca10a0e50d64102aff',36,'511','1.21.1.1','','','','4514361ab6c459516d9440738673ab0196b89b17'),('3d8e979a-34ae-11eb-ac5b-3c075467ca63',4,'.pydio',1,1607320162,'2216bcf2ab6a78c6651f582ec260f25d',36,'511','1.21.2.1','','','','3a1a3426a3603d5a7dd43348b925ee1ff79ac453'),('3d90b390-34ae-11eb-ac5b-3c075467ca63',4,'.pydio',1,1606898133,'6f264be558902022aea2674b6e26af83',36,'511','1.21.3.1','','','','565ee97252cdc0d03a1ca9f59fd7a1790dc3bc73'),('3d9285da-34ae-11eb-ac5b-3c075467ca63',3,'.pydio',1,1607320163,'622aab284879609c544475e8ccf46632',36,'511','1.22.4','','','','0eecc73e6b5d62929a79e4648b6d279d7a245cb0'),('3d9328e6-34ae-11eb-ac5b-3c075467ca63',4,'.pydio',1,1606907375,'40bcbe7a7acadfb21a038f691e3bd017',36,'511','1.22.1.1','','','','76a6ac0b8961af2c7bf5e1f30e4abae8f3535e96'),('3d9500ee-34ae-11eb-ac5b-3c075467ca63',4,'.pydio',1,1606907379,'905a2736a2f5e6207bffbff75082fe47',36,'511','1.22.2.1','','','','bba99aae73fdfb0b09e47a7ae1d4706dccac94bd'),('3d9859d8-34ae-11eb-ac5b-3c075467ca63',4,'.pydio',1,1606907382,'811613dccd5f53976a8b48eba8b7c4b9',36,'511','1.22.3.1','','','','a7f66e99334016489dd09fefa610da5b6d39275d'),('3d9a4b26-34ae-11eb-ac5b-3c075467ca63',3,'.pydio',1,1606898168,'9b54fc2179a85332ea62c131fc236628',36,'511','1.23.2','','','','82504650a4002508d8a269a84b670ea95e485d34'),('3d9ad05a-34ae-11eb-ac5b-3c075467ca63',4,'.pydio',1,1606898172,'1c6a6405ddf5a55a0b02fae11f661cde',36,'511','1.23.1.4','','','','dc62542d46c14a68cba65aa1eb059eb6836221a0'),('3d9b4f4e-34ae-11eb-ac5b-3c075467ca63',5,'.pydio',1,1606898172,'d4d29dffd6f8c7caaf66f935b5928342',36,'511','1.23.1.1.1','','','','53e0013723024bebc65fd1918b831e9855bff085'),('3d9c52c2-34ae-11eb-ac5b-3c075467ca63',5,'.pydio',1,1606898172,'2d410b5f9e7f0cd2601a99a3474c149f',36,'511','1.23.1.2.1','','','','7b8a2db008971a61f3177005831b11d9b9d19f99'),('3d9d7f3a-34ae-11eb-ac5b-3c075467ca63',5,'.pydio',1,1606898172,'ba738288b743f907f6dc0c1696fa7040',36,'511','1.23.1.3.1','','','','33ad6eb0749a8e95f7b5353a1afdea513c2fd832'),('3d9e8218-34ae-11eb-ac5b-3c075467ca63',3,'.pydio',1,1606907415,'7cbf6dc96e1f884a5dcb405653e542bd',36,'511','1.24.2','','','','e8ad8c50b3461a4edf1457a093e567bf338fc466'),('3d9f07f6-34ae-11eb-ac5b-3c075467ca63',4,'.pydio',1,1606907419,'f7f386a673eff534fc5c8eeb4c7bf547',36,'511','1.24.1.4','','','','c6280d73e73daed4c0b62b499ac1e038ad19b406'),('3d9f97b6-34ae-11eb-ac5b-3c075467ca63',5,'.pydio',1,1606907419,'fe91150c1c6baf115bf71d9f1e90b8eb',36,'511','1.24.1.1.1','','','','345e792132ee13d81708314dbea30494e1b9681b'),('3da0a78c-34ae-11eb-ac5b-3c075467ca63',5,'.pydio',1,1606907419,'f37e7363973302e6e6a7199cfaa09aeb',36,'511','1.24.1.2.1','','','','59a02095afc5c97452e0f858440f6a38fbd3e4f5'),('3da1a0f6-34ae-11eb-ac5b-3c075467ca63',5,'.pydio',1,1606907419,'e4b360705431d9ece880a9004a5a9f37',36,'511','1.24.1.3.1','','','','3ba1cdca37eba7f54183002886e114562167b80c'),('3db5dfc6-34ae-11eb-ac5b-3c075467ca63',3,'.pydio',1,1606907360,'367e7b440d06b5d63ddfdf2277408fcd',36,'511','1.27.1','','','','289c728edc7075cc7538b273855f7e43fe3041c1'),('3db8b1f6-34ae-11eb-ac5b-3c075467ca63',3,'.pydio',1,1606908272,'8687753ab567c15fe3d40afe9950eadf',36,'511','1.28.1','','','','684cac8acd1d6b8f1478aee7309e4676f1a9c49d'),('3db9d8e2-34ae-11eb-ac5b-3c075467ca63',3,'.pydio',1,1606898361,'cdabd4ea981c7176c87a058b165caf5f',36,'511','1.29.3','','','','b21e65a017a52897567367d80d727a864ccc158c'),('3dbac216-34ae-11eb-ac5b-3c075467ca63',4,'.pydio',1,1606898365,'d9da10d7b5af78470b6e1c5a9efc10bd',36,'511','1.29.1.1','','','','dd66c40489a2dfb5b9c61631b0be86953c8c034d'),('3dbc3538-34ae-11eb-ac5b-3c075467ca63',4,'.pydio',1,1607320163,'c9ad99dd6ef13fd45498fc186443efa2',36,'511','1.29.2.1','','','','d7666eee4970af5056efb51d130098b7b11d0cc9'),('3dbdc2c2-34ae-11eb-ac5b-3c075467ca63',3,'.pydio',1,1606908128,'2782815e2bd0d0a1509ebf9d288ec24c',36,'511','1.30.3','','','','a3b27bd723ce034a6d867db914b70625a6fff2a9'),('3dbe6164-34ae-11eb-ac5b-3c075467ca63',4,'.pydio',1,1606908131,'76756108a506df845ee31ec80539d65d',36,'511','1.30.1.1','','','','9ae8dbf6b464090ce1b25954b7c8ffb320f62fce'),('3dbfe3c2-34ae-11eb-ac5b-3c075467ca63',4,'.pydio',1,1606908135,'d5613b277805a3a578f75cefea292951',36,'511','1.30.2.1','','','','14197b29af2aade6baeeab5078e956b41bf46657'),('3dc13c04-34ae-11eb-ac5b-3c075467ca63',3,'.pydio',1,1606907978,'2ff0adaa5e0023bb61cad7a517bef509',36,'511','1.31.3','','','','d20edcf4de85ce93c7c3add7525d6bbb38ab6728'),('3dc1eeec-34ae-11eb-ac5b-3c075467ca63',4,'.pydio',1,1606907981,'92a08b51b1c44d6a27973848bb62da25',36,'511','1.31.1.1','','','','405b59fef1da22be798c2374b2cc7e9044221fa1'),('3dc3c05a-34ae-11eb-ac5b-3c075467ca63',4,'.pydio',1,1606907985,'a72bb861b0a52ed644758d8cf4ebb5cb',36,'511','1.31.2.1','','','','eccb3b3cc2a21c9f6f9ef0fa4e961799feda389d'),('3dc5394e-34ae-11eb-ac5b-3c075467ca63',3,'.pydio',1,1607320163,'84f6b05025fc24eaa540e805d2fb5183',36,'511','1.32.3','','','','31f6dd7c0554f5e6a45736660990977cc9350773'),('3dc5d4f8-34ae-11eb-ac5b-3c075467ca63',4,'.pydio',1,1606898184,'6f266d50ed4ed5ae12719446f519a92e',36,'511','1.32.1.1','','','','80dfa0ea8141604ba1f4447b54c6f1ce00721a9c'),('3dc73bfe-34ae-11eb-ac5b-3c075467ca63',4,'.pydio',1,1606898187,'ebf18569d15f44e779fdb84e496ee38a',36,'511','1.32.2.1','','','','a94c33357f99e5b32e63ae42ab9211074038692b'),('3dcd1312-34ae-11eb-ac5b-3c075467ca63',3,'.pydio',1,1606908324,'f1b22da8c887abb9aface0076b1f1fa5',36,'511','1.33.1','','','','89db9a1091047f1886ede29f53171fab5e9d8a7a'),('3dd812d0-34ae-11eb-ac5b-3c075467ca63',3,'.pydio',1,1606908318,'6ec58a3159a9e3e1668ff996cda9892e',36,'511','1.34.1','','','','841a95f3c7647808c952e2011a2d424f10626380'),('3de2f236-34ae-11eb-ac5b-3c075467ca63',3,'.pydio',1,1606898188,'b67dedffa7f76b2ce0bf77065bb64122',36,'511','1.35.1','','','','9a1c24d51092426f8323a8af495ce115d73c37af'),('3df318be-34ae-11eb-ac5b-3c075467ca63',3,'.pydio',1,1606908085,'9be4dc6b760bef8ff9796c60d5a53c45',36,'511','1.36.1','','','','d2075eab30981aa7f61fbd92a972394a97ef8b51'),('3df49c2a-34ae-11eb-ac5b-3c075467ca63',3,'.pydio',1,1607320163,'30e6d60005498518cded14ef0d540a9a',36,'511','1.37.1','','','','85351dfa7ee8795dec2cb2427275e5507bf8437b'),('3df600c4-34ae-11eb-ac5b-3c075467ca63',3,'.pydio',1,1606898197,'035db401a1478b97f2642bcb87fd3e79',36,'511','1.38.1','','','','e1b55faed629b9c9836327e7e0ccd1f778154571'),('3df6f452-34ae-11eb-ac5b-3c075467ca63',3,'.pydio',1,1606907437,'3b573b1ca8335a9ec619c23d853d906c',36,'511','1.39.1','','','','c532242c04cedf0cf8cc208e526b001d6670db59'),('3df8063a-34ae-11eb-ac5b-3c075467ca63',3,'.pydio',1,1606908517,'1063bd905ebf4cb1b30158a1a277f019',36,'511','1.40.1','','','','049c26becacd6ff46918843f8e190199c1c169cb'),('3df8cab6-34ae-11eb-ac5b-3c075467ca63',3,'.pydio',1,1606907496,'42fa706655db315eafdc04ad8960aab0',36,'511','1.41.2','','','','559fb05e3614ea5fec9f7c224edf3a06166d3fb6'),('3df973f8-34ae-11eb-ac5b-3c075467ca63',4,'.pydio',1,1606907500,'a94c34e1100231b0448a7f7234281dc8',36,'511','1.41.1.4','','','','971656f3adb700ee81a29d1df98730054ab36d09'),('3dfa2b5e-34ae-11eb-ac5b-3c075467ca63',5,'.pydio',1,1606907500,'38d0b1c5bf9731fa839c2bb00e25b660',36,'511','1.41.1.1.1','','','','bdbce0d09bd6494d584e344e595f08abcf34a21a'),('3dfb7d92-34ae-11eb-ac5b-3c075467ca63',5,'.pydio',1,1606907500,'d818a31de294d87ad267f83622430172',36,'511','1.41.1.2.1','','','','6b3175b20ef9c51a7ee77abe008f92623665b922'),('3dfd45dc-34ae-11eb-ac5b-3c075467ca63',5,'.pydio',1,1606907500,'8a0251da92e67db5a601c0def4239699',36,'511','1.41.1.3.1','','','','6026e9a7a3ad514574cde1b93d21b667da01570a'),('3dfe2902-34ae-11eb-ac5b-3c075467ca63',3,'.pydio',1,1606898263,'5e62ec585adc1f10c8192e7b221745e6',36,'511','1.42.2','','','','8faf7b6f9b456060ebc88a43883f11723b701e2d'),('3dff5e4e-34ae-11eb-ac5b-3c075467ca63',4,'.pydio',1,1607320163,'5c14a372d0e00ac6397131c4140b1d74',36,'511','1.42.1.4','','','','99cda629d092b0db200af6cd61685f23e56dc75c'),('3e002b26-34ae-11eb-ac5b-3c075467ca63',5,'.pydio',1,1606898268,'e4ed0b1273b9e02251524be10f6f2008',36,'511','1.42.1.1.1','','','','e1a9add7dd3a402a855a799765df8b3c8a9b6517'),('3e01ee84-34ae-11eb-ac5b-3c075467ca63',5,'.pydio',1,1606898268,'f0f6cb47e77ba29039f915390a9f11db',36,'511','1.42.1.2.1','','','','574745d0f371394b69a77271c147c678066b0054'),('3e0376fa-34ae-11eb-ac5b-3c075467ca63',5,'.pydio',1,1606898268,'8d57625756fdb106b266904d1456b8bf',36,'511','1.42.1.3.1','','','','a1869dc16111ba27925378c2fb422c5fdfed7614'),('3e05f088-34ae-11eb-ac5b-3c075467ca63',3,'.pydio',1,1606908532,'30d34a5ffcfa9527c6c2e3a9b1b89239',36,'511','1.43.1','','','','ab2c3abe76a30c73153be623bc9fac6700e516eb'),('3e0aa3c6-34ae-11eb-ac5b-3c075467ca63',3,'.pydio',1,1606908370,'eab163a088c35bb9a35062bdeae762ba',36,'511','1.44.1','','','','5722544e0e05375ae07ff102061141fdbc64b822'),('3e0dc128-34ae-11eb-ac5b-3c075467ca63',3,'.pydio',1,1606908371,'b9b3205dbf7608a261d1354f765038c6',36,'511','1.45.1','','','','51b1dda7171c4c4ab5783cdd1863bbf1223152e9'),('3e7e0ebc-72c5-49e4-accc-628cbad57b5c',4,'subfolder-0',0,1606907500,'1a0e6ccde0ec0284e95073896e7fdab1',36,'0','1.41.1.1','','','','d713efa7e21d60a61aed1a86297fe97fa9399d57'),('3f3b8a62-508d-48e9-bc4a-18d59a2005fd',3,'recycle_bin',0,1606907339,'2a7d7e23742581e57ee8ee15c846fa02',36,'0','1.18.1','','','','c70da539b9e83a50bb70013e6a5cb6e9d4623d5c'),('42e59aef-3911-4501-b2d9-738c8ea308ca',2,'global-ws_versioned-ws_copy-src_da62c7c3d2',0,1606898180,'8f1c1b0673810ec861e3c8f2d51d4953',36,'0','1.32','','','','2796f32bfd8702399d52c78b3b3b1cc2bde7726e'),('42e8dace-0612-4d08-8557-97a4dc6622de',3,'.pydio',1,1606914949,'fa956bc2f205c1b1e5fa3cd85906caac',36,'511','1.11.1','','','','4572917cbde34e4ba98ab9a65059efd81be6594b'),('436eb588-f35d-4969-820f-1a4d4e33ca3a',2,'testFileDsMove-target-9341',0,1606898309,'96dc5505360227f7c543abb8aa18a891',36,'0','1.37','','','','e5203e9951fa0016014695fe2b8d5c1063acf522'),('44f0ce77-5be0-49e7-8846-508322cfe691',3,'sub-folder-A-0',0,1606907981,'4b4eb230cfba5b57031580eb59520a53',36,'0','1.31.1','','','','030434a8a692e3a3304b1a51461350643179b8d8'),('45757149-db3c-4168-80ba-c01e77ceef06',3,'sub-folder-A-1',0,1606907985,'2293d15f4fadd9eea012edd7973942f2',36,'0','1.31.2','','','','60fd1bc5e0983285e48a69533637fc3e9a12a42f'),('466e0090-1965-471d-9473-a95b3a2a9ef6',2,'copySrcFolder_09a0b7c68b',0,1606898123,'f20e44d89e1eeae08ed6e5d69a59b0fe',36,'0','1.21','','','','da2b05fe49dbe7bbcb6dba017927f9054958b926'),('488e61c6-df58-448a-9e08-3da2ba3bf8c0',2,'copySrcFolder_2d2ede05a8',0,1606907372,'06c2b333d95789cf363dd3d84b5f67de',36,'0','1.22','','','','bb849ade5797c31102a7b11a4d506f28df46c7cf'),('493e8831-3311-4e63-a878-734c316a0582',3,'subfolder_09a0b7c68b-2',0,1606898133,'78371842b60123071a83d452f02c664f',36,'0','1.21.3','','','','365fb171ff3c78ef0270b5e7eb7a560690047218'),('4f66b604-abe8-408f-91b2-ecf5e5e20ed8',2,'DAV_TEST_f5f661ff21',0,1606908558,'d9ea025b2cf85e09ea1cf6cceaded35a',36,'0','1.14','','','','333d5e6322896ec8adbeda69bde705630fe78c01'),('5584f7f5-5799-4827-82a4-11de278408dd',3,'.pydio',1,1606914878,'ae740f62fe208ef5a370d6dd6e83544c',36,'511','1.1.1','','','','bd952513ae9dce3e914b4918eae08e1eddd37faa'),('5669ce45-0282-4753-829c-0daf110f6326',4,'sub-folder-A-1',0,1606898302,'dd779c6c4ecd0cd3340262e00bc89eaa',36,'0','1.20.1.2','','','','83765bd910643cc3a492e1c02970e7ed4236f616'),('56c2a844-930a-463a-939f-8245f7e0b94a',2,'testFileDsMove-target-3148',0,1606908085,'54bd8fe5858e5f845a9f8734b5f466a6',36,'0','1.36','','','','3fbfd17a82ff2f6d6818658174d53cfcd214d5ea'),('589293b4-5da4-4892-9e64-8d5656ac0520',2,'encrypted-ws_global-ws_testMove-src_9d6e',0,1606908124,'6c4e9949f8c6aa7c62ac9107870a1253',36,'0','1.26','','','','ecd437df4df246f49e06655a34291d71b5a61d78'),('59deb714-c796-4c4f-8051-a77a0a3d8997',2,'pagination_testing_folder_ab40241a77',0,1606908324,'a5458ec131d1f9c210bad702f766f78c',36,'0','1.33','','','','c61bb533be68ee96d8ada4fe90bc82b519ec679e'),('5a2992bd-0bfd-41cc-978c-d1702614ad89',3,'encrypted-ws_global-ws_copy-src_d2c164f74f',0,1606898303,'326f830c2b9f311a938fbe8796e4dbbf',36,'0','1.20.1','','','','6614907faadad518c2deae727c8599e1fadd2513'),('6049fe99-be6c-4c63-9e4e-d7946c660cdd',2,'DAV_TEST_10f30ac409',0,1606897771,'db611be70b6c288ec6c39ea3ef9ba944',36,'0','1.12','','','','8dc5253966cff788bc78a0da8c1ec52e0bee16a8'),('62096d42-f270-42e4-942b-59ff9ad4a454',3,'subfolder_2d2ede05a8-0',0,1606907375,'6b2636a7b79a4aeab769fb1da76751f2',36,'0','1.22.1','','','','f71f720cd3f2eeaae761079ed543229ed9bd3b83'),('621fa555-8bcb-4744-afa8-5969826dd2fe',2,'test_acl_workspace_a1f15e438e',0,1606908370,'38e6d10426f6cd090c774a66d2298f31',36,'0','1.44','','','','772b29ff66b47b0ea3f9af52c26f7aab5ea831f5'),('62388f65-663c-4f6b-9d21-05490afeca48',2,'TestGraphService-b8f0',0,1606908383,'9b838a9d58c6fd749d1f21aa3adba6a7',36,'0','1.15','','','','72f0fdd827431d15bd7445782d99c436ac588ee6'),('68758203-ba73-4986-b154-43e8bf873484',2,'testLink-moveTarget-1da7',0,1606908517,'8d78a8cec2186be44736a9b8b7751b5b',36,'0','1.40','','','','299ba6a48958d65d926bb3cc888e04e59b4e9b63'),('6cfdeae1-e58b-430b-82e2-0b88fc6472ff',2,'global-ws_encrypted-ws_copy-src_fd8ee48bdd',0,1606908128,'5e674c44e4ab8d98677e8007c83ececf',36,'0','1.30','','','','1ce43b45aa9f5815e6625caa2de99460760616f4'),('6d573210-4f69-4351-8b5f-115597efe938',4,'sub-folder-A-0',0,1606898302,'68e0df3b7bdf4c65d333ae5ffafec07f',36,'0','1.20.1.1','','','','802c2f55005bcd0ef1715233241242a8bc563d3e'),('702c49e0-194f-4523-b5bb-2431ebab7233',3,'subfolder_2d2ede05a8-1',0,1606907379,'00de4fcffb032cfe5eba95fc11772b3b',36,'0','1.22.2','','','','180a6491eb923d27e8bff970e37800709cf2d841'),('7030c10f-4298-4d4f-95f1-96f4cd74c20e',4,'.pydio',1,1606914889,'c54b2495e78b0a067e897c2609278e9b',36,'511','1.1.3.1','','','','bab427d4884f52f61c9bbd8002272d2151a8d8be'),('72f38b6b-ab5f-4c93-801f-0fab997259be',2,'global-ws_encrypted-ws_copy-src_bcc2c86851',0,1606898361,'73279c12fc255206d5284faa4c63c679',36,'0','1.29','','','','b2e60063a0dad5bf221aa5e504bd17facdbb7856'),('788ec382-4d29-4115-8506-cb9ea3730270',3,'subfolder_09a0b7c68b-1',0,1606898129,'c1ea0278e9be03d37442660131e28d45',36,'0','1.21.2','','','','c5e915e3c31e55cefcf0a80ba167bae73cf938cc'),('7968733c-5ede-4399-aa21-b27daac40332',2,'TestWsCRUD-RootFolder_afaa',0,1606907328,'d482e2265553b52e905f20541cba060b',36,'0','1.18','','','','6ce245771a09227fe7eff01895554c005be8f84b'),('7bc0371e-3aac-409e-bd32-a1ad99802a72',2,'TestSlugIncrement-RootFolder_d05291b875',0,1606907346,'27ea77ae822accfab61f1296fbfea7e8',36,'0','1.17','','','','324bc7cb0b310e1ff557d69e2328525bd78df9ed'),('7ff72d0c-702d-4bfc-ad4d-25842cc08a30',3,'subfolder-0',0,1606908124,'f951a588c1adbf98d2d8d0fb64588e14',36,'0','1.26.1','','','','c8f9b26c63a74a7d115abd6c8a0c685674e5a307'),('7ffa1887-09bd-4ad2-92de-f207a9aad37d',2,'copyTargetFolder_09a0b7c68b',0,1606898168,'1ecd5ad30bbe0fc586db92a03b9a4a20',36,'0','1.23','','','','1ee00eff570301a50a46ab268c48c07f87eaf093'),('81478b8d-35e7-4af3-9eec-e2f8e8b15406',2,'encrypted-ws_global-ws_testMove-src_8bac',0,1606898355,'a9b29014ae0a9adbdbfbe090daa74028',36,'0','1.25','','','','8e007eaa50596962d906691a8918a5553b30ff22'),('814cbf7f-11e9-4303-9887-27679a75ffd2',3,'WebDav_dummy_folder-dbb0fc9b80',0,1606897771,'b72cc587fd76d2412a275ddb229b26fc',36,'0','1.12.1','','','','e2f2e225c4ff1ca0a8c0083ca61d7e9717bb61d5'),('82aeed2e-07be-44b9-a13b-f05af30311f3',4,'subfolder-2',0,1606898268,'5a4ab9a80aca2c6c996447086be9318d',36,'0','1.42.1.3','','','','87e3806de425c03e5b4ba3c20437b1b5577b64a9'),('836c4dac-ac8e-4414-aef7-89e98506fab5',3,'subfolder-1',0,1606898356,'8654f2b9b7c448d8e77ee649c92a1f62',36,'0','1.25.2','','','','b4b8f80f2ea205ffb78bb802455b396e7c718699'),('8b1ddfdc-53b1-4c33-bafd-9f4655d6e7a2',3,'copySrcFolder_09a0b7c68b',0,1606898172,'bea8272b1c0aed88303ea5020e4850a4',36,'0','1.23.1','','','','ede1dcdce5a3d4b625c9140cc3a3e8a53f02ea32'),('8f886500-f29e-4247-a205-45f500504484',3,'.pydio',1,1606914935,'18eab5c7784ecd10e66262de7473ca01',36,'511','1.2.1','','','','94dcef061335413abfdb9c1ca0b391b7bf178b90'),('8f976b94-89c9-412b-b01b-eab16d75d9b8',4,'.pydio',1,1607320163,'dc9267f345415b87bff39300daafd124',36,'511','1.26.1.1','','','','d933f084df33569bd6a00599d24f8c639dfcb5a4'),('8fcc73f7-d301-488d-ab19-9d4b30019b5d',3,'testMove_orig_1c0c',0,1606907500,'e8b359693f7e188e2967ea60ee8a46f1',36,'0','1.41.1','','','','a26d2e381a4f8d57aa814e34c027309eae3cce97'),('906d1450-6c6d-4523-b0fd-1e172b0fd8df',2,'testMove_target_fde2',0,1606898263,'9311a86c9c1ad412c462761f2b0c022a',36,'0','1.42','','','','77c3a24bf8f10162f9a7c96e6a54d57ca052c418'),('9525b76f-18a9-4be6-80a3-21017149ea6b',4,'.pydio',1,1607320163,'61c8cbe580cd5f2e8343aa79ebc26ab0',36,'511','1.25.1.1','','','','898bfc600ac6eae79917dcae767b6c4b540afc0b'),('9766f9f1-9543-4e18-bdbf-f8f0c746e993',3,'copySrcFolder_2d2ede05a8',0,1606907419,'4df5e4a15703a1b5c18ab2e61edd77bc',36,'0','1.24.1','','','','bbaf47909306821eec059ce49a6349fa542bdd17'),('9792a8ea-cd1f-4302-a9da-5b87a2b53d2d',4,'subfolder-2',0,1606907500,'37408697723fe205d3c2737de14c821e',36,'0','1.41.1.3','','','','e4fc12e3628dda4c9983117e05975688f1710622'),('99bfa7f3-ae4a-46a3-a1ea-97d216cca73b',2,'test_quota_acl_workspace_3b469237f4',0,1606908371,'17ec7674ea336c5b4b7a8ea5f4750d05',36,'0','1.45','','','','2792cf2449e7d1a4a46d0b78eb2caeb99e78a396'),('9a4307a7-3e6c-4c62-bbcc-1e69178956ea',3,'WebDav_dummy_folder-686d2d7545',0,1606908558,'c18343eb17d3b781ce5918c5a661f59f',36,'0','1.14.1','','','','9664a2ac4ea656db01cb21d1a8c4a62d72dcdffe'),('9dcfa7bb-c5e5-4339-9de9-adbfa6d9637c',4,'subfolder_09a0b7c68b-1',0,1606898172,'6f319ba0e107e25d4426c264d35953ef',36,'0','1.23.1.2','','','','77755523331b94644d97ff303c3547088100f578'),('9e8be699-bfbd-46d4-9dda-cebaa7fdcac1',4,'subfolder_2d2ede05a8-0',0,1606907419,'cf56847583f0290c3bf45cfbf71d5c4d',36,'0','1.24.1.1','','','','36bdbb804790f87a74721d1d37895fe2891b8286'),('a20ac910-41be-4055-9a88-d8f9313c36b7',3,'sub-folder-A-1',0,1606898369,'23b3b5f58af8af79349ecde9fece954d',36,'0','1.29.2','','','','b111d9bfa746a03dbdfe8061a708c0c2943a4711'),('a4f82e2f-7a77-46b9-9d5d-ab792b5838d5',2,'testMove_target_1c0c',0,1606907496,'df6e2d39711b8b1fb7021ea1a983b3a5',36,'0','1.41','','','','cc314d398581228a6bc8b9aff3bb6703e390a6ec'),('a7af38d1-7f7b-4cfa-bd48-8de578bdc316',3,'sub-folder-A-0',0,1606908131,'fb280697fedeb92a2d4b95340b0b8876',36,'0','1.30.1','','','','a29f056570808f8714b4b31a3af764a028d1893f'),('ac0c2c4c-7a57-4136-a5e3-35b10d2610be',2,'testProtectedLink-moveTarget-90ac',0,1606908532,'47423a8dc90057d488da061e1f0e32c9',36,'0','1.43','','','','207188fb6902e82b3ea879c2b30cd4319a157405'),('afa6299d-444e-4734-94ab-b9d03e3333f8',4,'.pydio',1,1606898356,'5285c274ae35469cbf0c9842bbf0e391',36,'511','1.25.2.1','','','','8a5a178e9782a3c2260c2cd1fb98b7666df39a8d'),('bad64fc1-591d-4073-ac35-640c37e8e91e',4,'subfolder_2d2ede05a8-1',0,1606907419,'fa39b6dbc2d8b5b8610e199a2b472b39',36,'0','1.24.1.2','','','','7279b4b8df4daef9c8f255ad204f67417cd5c170'),('bb22fe6b-ebc3-4227-a277-05d420e684ee',3,'.pydio',1,1606898355,'6a662e90f22a4b66eac5ebf04a882ba3',36,'511','1.25.3','','','','67026d5086d0fd12d1a0a6bc60fc086be15a0b14'),('bb559132-e5a1-4f64-8e25-a838b5045735',4,'subfolder-0',0,1606898268,'288c7efe65f484aa11e57df0891cb1ff',36,'0','1.42.1.1','','','','647b35b70c910c3e87f79c8b068a3214dcee6b6c'),('c3adceca-5485-4a9c-b96c-e682484dc288',2,'testFileMove-target-4f6d',0,1606907437,'4679c9b5732fa0a33f7924a6c9ce2835',36,'0','1.39','','','','c6d35ef7a1e8f6aaefe9110f828c7f026e99cc3d'),('ce7fb209-af64-46f4-891b-2282d653ddc9',3,'subfolder-1',0,1606908124,'38b7b277afda7c16f5bfce9899f39022',36,'0','1.26.2','','','','0dff7a23c501f3b77bb40cd8a5c1b93f496397a8'),('d37f0af9-ec65-4d50-b119-26cb3e96e0fd',3,'sub-folder-A-0',0,1606898365,'c935031f1409f4e5db160974619608df',36,'0','1.29.1','','','','a68852962071d55c3e2f10db278cc76c70912b48'),('d386f6f3-8f31-4071-8235-b980d12ce8e6',2,'f565d5e6b8',0,1606907360,'49a7b1ffd068a30951d08e67a14949ff',36,'0','1.27','','','','a17a05023a8f30cbc9f198176bb1c162ac4fae66'),('d511e909-f7e1-4fb0-a6c2-6a14869f6af6',4,'subfolder-1',0,1606907500,'4689ed13cab8efbefd2709682e826ef0',36,'0','1.41.1.2','','','','a1ee978699e540d78701512f8fb2b7332017b386'),('db469477-797c-48e4-a4f4-bdec414a0a35',2,'global-ws_versioned-ws_copy-src_2a40b4f64f',0,1606907978,'0522204eda6e1a4ba6bd3fa00b05412f',36,'0','1.31','','','','4069b806e5d27e95685e8ab99e1322abd02eb9d4'),('de1e4411-314e-4a73-93a7-634fb0f7efe8',2,'recycle_bin',0,1606898188,'0ca967cb68b9cf5e9804fd345447d1d3',36,'0','1.35','','','','ec0a69ff34aac3fd6a6ed1016d781684ce75b89f'),('e0e24412-3a9f-43da-9da2-49d7f7be9a6a',3,'subfolder_09a0b7c68b-0',0,1606898126,'04866117ce6a0a46cc529e52a6f41e25',36,'0','1.21.1','','','','28f28ae52adec7e4faaf2df8ce67000ed37d37fa'),('e1c7f79e-bc8d-4a7c-81e6-816833c2b2ce',2,'folder-subscribe-1b2',0,1606908272,'d244044b321de827606fa502ba3f1077',36,'0','1.28','','','','a84e6f4deb8de6e899f5853c80796da1a6490683'),('e30893df-c0ec-4c34-9912-3e8f0c96016b',2,'TestSlugIncrement-RootFolder_735edaee5a',0,1606914935,'1f8517e10ac9e87053828f5ee251788a',36,'0','1.2','','','','8114b9dabe64741f5700c676da07d4182530a754'),('e6a185ad-25c2-46a1-9e06-25b7323f46ef',2,'DAV_TEST_4631185c33',0,1606897771,'1050c34cea9b10ae260384545600587d',36,'0','1.13','','','','e83d8b4ce4e1f6b2a7f7dfc5cd73b7fc2bb34b6e'),('e6b8e744-b444-49ab-aba8-5b13697f9d91',3,'encrypted-ws_global-ws_copy-src_c497c03354',0,1606908079,'fa42c1980abd52a7adf1f32814ce2487',36,'0','1.19.1','','','','4865738eb9539e5613318128aa6ac9021da6de20'),('eec3db1c-cbcf-4617-9b40-03ab2bb163a7',4,'.pydio',1,1606908124,'ffac7a7dbba71f59bd4bed70cc1da947',36,'511','1.26.2.1','','','','1fd9716aaf051089b35cc2e7d472ab35d222af5f'),('eed0a013-dfb9-4bc5-ba4b-4df8d28d9617',2,'TestSharingAndMoveTargetDir-33bb',0,1606908413,'1dae7803d2ec0dbf944c40969757590e',36,'0','1.16','','','','562e2573cf8f5627618ba69dc213ed93dff800b9'),('f2b2837b-efa7-4fd3-b40c-76a0160e5add',2,'copyTargetFolder_2d2ede05a8',0,1606907415,'0a2b40c8539d6d085ace368063afa7e7',36,'0','1.24','','','','6a9c01731bde02939caf37561e95ba5e6dabb9c2'),('f7c57367-bf5a-4b37-b798-9d6082258220',4,'sub-folder-A-1',0,1606908079,'ddd433478b8d33354b79b9b028d60f60',36,'0','1.19.1.2','','','','8c76ab69a329087e710c217d1eae649be86e4005'),('f8d37dba-e6d1-4fb6-bcd4-1c7725fa96e3',2,'TestWsCRUD-RootFolder_cd9f',0,1606914878,'0cce304c08e9f96b8f0f4bb980531bb1',36,'0','1.1','','','','4491f8b5ecc09d9de308ea37e6a23ad2dd66c256'),('f928069e-2a27-46bf-a5b6-1ad4866968ca',4,'subfolder-1',0,1606898268,'5c6ef02f4c4678be7b13348b52e82dab',36,'0','1.42.1.2','','','','20093767f2a7070ed4460ea5846224e315b39445'),('ff89434e-cb02-42c0-8340-bac39e02cff1',2,'testFileMove-target-11f0',0,1606898197,'47b5a6ece53bec291be8541e427601b8',36,'0','1.38','','','','e57c14b74bb5d52621e7295200f17289e882bcae'),('ROOT',1,'',0,1606914684,'',0,'0','1','','','','356a192b7913b04c54574d18c28d46e6395428ab');
/*!40000 ALTER TABLE `data_index_globalds_idx_tree` ENABLE KEYS */;
UNLOCK TABLES;

--
-- Table structure for table `data_index_personal_idx_commits`
--

DROP TABLE IF EXISTS `data_index_personal_idx_commits`;
/*!40101 SET @saved_cs_client     = @@character_set_client */;
/*!50503 SET character_set_client = utf8mb4 */;
CREATE TABLE `data_index_personal_idx_commits` (
  `id` bigint NOT NULL AUTO_INCREMENT,
  `uuid` varchar(128) COLLATE utf8mb4_bin NOT NULL,
  `etag` varchar(255) COLLATE utf8mb4_bin NOT NULL,
  `mtime` int NOT NULL,
  `size` bigint DEFAULT NULL,
  `data` blob,
  PRIMARY KEY (`id`),
  KEY `data_index_personal_idx_tree_uuid_idx` (`uuid`)
) ENGINE=InnoDB DEFAULT CHARSET=utf8mb4 COLLATE=utf8mb4_bin;
/*!40101 SET character_set_client = @saved_cs_client */;

--
-- Dumping data for table `data_index_personal_idx_commits`
--

LOCK TABLES `data_index_personal_idx_commits` WRITE;
/*!40000 ALTER TABLE `data_index_personal_idx_commits` DISABLE KEYS */;
/*!40000 ALTER TABLE `data_index_personal_idx_commits` ENABLE KEYS */;
UNLOCK TABLES;

--
-- Table structure for table `data_index_personal_idx_tree`
--

DROP TABLE IF EXISTS `data_index_personal_idx_tree`;
/*!40101 SET @saved_cs_client     = @@character_set_client */;
/*!50503 SET character_set_client = utf8mb4 */;
CREATE TABLE `data_index_personal_idx_tree` (
  `uuid` varchar(128) NOT NULL,
  `level` smallint NOT NULL,
  `name` varchar(255) CHARACTER SET utf8mb4 COLLATE utf8mb4_bin NOT NULL,
  `leaf` tinyint(1) NOT NULL DEFAULT '0',
  `mtime` int NOT NULL,
  `etag` varchar(255) NOT NULL DEFAULT '',
  `size` bigint NOT NULL DEFAULT '0',
  `mode` varchar(10) NOT NULL DEFAULT '',
  `mpath1` varchar(255) NOT NULL,
  `mpath2` varchar(255) NOT NULL,
  `mpath3` varchar(255) NOT NULL,
  `mpath4` varchar(255) NOT NULL,
  `hash` varchar(40) NOT NULL,
  PRIMARY KEY (`uuid`),
  UNIQUE KEY `data_index_personal_idx_tree_u1` (`hash`),
  KEY `data_index_personal_idx_tree_mpath1_idx` (`mpath1`),
  KEY `data_index_personal_idx_tree_mpath2_idx` (`mpath2`),
  KEY `data_index_personal_idx_tree_mpath3_idx` (`mpath3`),
  KEY `data_index_personal_idx_tree_mpath4_idx` (`mpath4`),
  KEY `data_index_personal_idx_tree_name_idx` (`name`(128)),
  KEY `data_index_personal_idx_tree_level_idx` (`level`)
) ENGINE=InnoDB DEFAULT CHARSET=ascii;
/*!40101 SET character_set_client = @saved_cs_client */;

--
-- Dumping data for table `data_index_personal_idx_tree`
--

LOCK TABLES `data_index_personal_idx_tree` WRITE;
/*!40000 ALTER TABLE `data_index_personal_idx_tree` DISABLE KEYS */;
INSERT INTO `data_index_personal_idx_tree` VALUES ('6fce47be-8809-48e6-9313-cbacaad0e8b6',2,'admin',0,1606920575,'88cf6d2c9e2293ff2b2a2bb5f97a5cbb',0,'0','1.1','','','','4491f8b5ecc09d9de308ea37e6a23ad2dd66c256'),('c90e0d1c-7b62-432a-a38c-28fb9f55f2de',3,'.pydio',1,1606920575,'5809e610a639826a23ec9ef1b69c361c',36,'511','1.1.1','','','','bd952513ae9dce3e914b4918eae08e1eddd37faa'),('ROOT',1,'',0,1606914640,'',0,'0','1','','','','356a192b7913b04c54574d18c28d46e6395428ab');
/*!40000 ALTER TABLE `data_index_personal_idx_tree` ENABLE KEYS */;
UNLOCK TABLES;

--
-- Table structure for table `data_index_pydiods1_idx_commits`
--

DROP TABLE IF EXISTS `data_index_pydiods1_idx_commits`;
/*!40101 SET @saved_cs_client     = @@character_set_client */;
/*!50503 SET character_set_client = utf8mb4 */;
CREATE TABLE `data_index_pydiods1_idx_commits` (
  `id` bigint NOT NULL AUTO_INCREMENT,
  `uuid` varchar(128) COLLATE utf8mb4_bin NOT NULL,
  `etag` varchar(255) COLLATE utf8mb4_bin NOT NULL,
  `mtime` int NOT NULL,
  `size` bigint DEFAULT NULL,
  `data` blob,
  PRIMARY KEY (`id`),
  KEY `data_index_pydiods1_idx_tree_uuid_idx` (`uuid`)
) ENGINE=InnoDB DEFAULT CHARSET=utf8mb4 COLLATE=utf8mb4_bin;
/*!40101 SET character_set_client = @saved_cs_client */;

--
-- Dumping data for table `data_index_pydiods1_idx_commits`
--

LOCK TABLES `data_index_pydiods1_idx_commits` WRITE;
/*!40000 ALTER TABLE `data_index_pydiods1_idx_commits` DISABLE KEYS */;
/*!40000 ALTER TABLE `data_index_pydiods1_idx_commits` ENABLE KEYS */;
UNLOCK TABLES;

--
-- Table structure for table `data_index_pydiods1_idx_tree`
--

DROP TABLE IF EXISTS `data_index_pydiods1_idx_tree`;
/*!40101 SET @saved_cs_client     = @@character_set_client */;
/*!50503 SET character_set_client = utf8mb4 */;
CREATE TABLE `data_index_pydiods1_idx_tree` (
  `uuid` varchar(128) NOT NULL,
  `level` smallint NOT NULL,
  `name` varchar(255) CHARACTER SET utf8mb4 COLLATE utf8mb4_bin NOT NULL,
  `leaf` tinyint(1) NOT NULL DEFAULT '0',
  `mtime` int NOT NULL,
  `etag` varchar(255) NOT NULL DEFAULT '',
  `size` bigint NOT NULL DEFAULT '0',
  `mode` varchar(10) NOT NULL DEFAULT '',
  `mpath1` varchar(255) NOT NULL,
  `mpath2` varchar(255) NOT NULL,
  `mpath3` varchar(255) NOT NULL,
  `mpath4` varchar(255) NOT NULL,
  `hash` varchar(40) NOT NULL,
  PRIMARY KEY (`uuid`),
  UNIQUE KEY `data_index_pydiods1_idx_tree_u1` (`hash`),
  KEY `data_index_pydiods1_idx_tree_mpath1_idx` (`mpath1`),
  KEY `data_index_pydiods1_idx_tree_mpath2_idx` (`mpath2`),
  KEY `data_index_pydiods1_idx_tree_mpath3_idx` (`mpath3`),
  KEY `data_index_pydiods1_idx_tree_mpath4_idx` (`mpath4`),
  KEY `data_index_pydiods1_idx_tree_name_idx` (`name`(128)),
  KEY `data_index_pydiods1_idx_tree_level_idx` (`level`)
) ENGINE=InnoDB DEFAULT CHARSET=ascii;
/*!40101 SET character_set_client = @saved_cs_client */;

--
-- Dumping data for table `data_index_pydiods1_idx_tree`
--

LOCK TABLES `data_index_pydiods1_idx_tree` WRITE;
/*!40000 ALTER TABLE `data_index_pydiods1_idx_tree` DISABLE KEYS */;
INSERT INTO `data_index_pydiods1_idx_tree` VALUES ('ROOT',1,'',0,1606914640,'',0,'0','1','','','','356a192b7913b04c54574d18c28d46e6395428ab');
/*!40000 ALTER TABLE `data_index_pydiods1_idx_tree` ENABLE KEYS */;
UNLOCK TABLES;

--
-- Table structure for table `data_index_testdscrud6817_idx_commits`
--

DROP TABLE IF EXISTS `data_index_testdscrud6817_idx_commits`;
/*!40101 SET @saved_cs_client     = @@character_set_client */;
/*!50503 SET character_set_client = utf8mb4 */;
CREATE TABLE `data_index_testdscrud6817_idx_commits` (
  `id` bigint NOT NULL AUTO_INCREMENT,
  `uuid` varchar(128) COLLATE utf8mb4_bin NOT NULL,
  `etag` varchar(255) COLLATE utf8mb4_bin NOT NULL,
  `mtime` int NOT NULL,
  `size` bigint DEFAULT NULL,
  `data` blob,
  PRIMARY KEY (`id`),
  KEY `data_index_testdscrud6817_idx_tree_uuid_idx` (`uuid`)
) ENGINE=InnoDB DEFAULT CHARSET=utf8mb4 COLLATE=utf8mb4_bin;
/*!40101 SET character_set_client = @saved_cs_client */;

--
-- Dumping data for table `data_index_testdscrud6817_idx_commits`
--

LOCK TABLES `data_index_testdscrud6817_idx_commits` WRITE;
/*!40000 ALTER TABLE `data_index_testdscrud6817_idx_commits` DISABLE KEYS */;
/*!40000 ALTER TABLE `data_index_testdscrud6817_idx_commits` ENABLE KEYS */;
UNLOCK TABLES;

--
-- Table structure for table `data_index_testdscrud6817_idx_tree`
--

DROP TABLE IF EXISTS `data_index_testdscrud6817_idx_tree`;
/*!40101 SET @saved_cs_client     = @@character_set_client */;
/*!50503 SET character_set_client = utf8mb4 */;
CREATE TABLE `data_index_testdscrud6817_idx_tree` (
  `uuid` varchar(128) NOT NULL,
  `level` smallint NOT NULL,
  `name` varchar(255) CHARACTER SET utf8mb4 COLLATE utf8mb4_bin NOT NULL,
  `leaf` tinyint(1) NOT NULL DEFAULT '0',
  `mtime` int NOT NULL,
  `etag` varchar(255) NOT NULL DEFAULT '',
  `size` bigint NOT NULL DEFAULT '0',
  `mode` varchar(10) NOT NULL DEFAULT '',
  `mpath1` varchar(255) NOT NULL,
  `mpath2` varchar(255) NOT NULL,
  `mpath3` varchar(255) NOT NULL,
  `mpath4` varchar(255) NOT NULL,
  `hash` varchar(40) NOT NULL,
  PRIMARY KEY (`uuid`),
  UNIQUE KEY `data_index_testdscrud6817_idx_tree_u1` (`hash`),
  KEY `data_index_testdscrud6817_idx_tree_mpath1_idx` (`mpath1`),
  KEY `data_index_testdscrud6817_idx_tree_mpath2_idx` (`mpath2`),
  KEY `data_index_testdscrud6817_idx_tree_mpath3_idx` (`mpath3`),
  KEY `data_index_testdscrud6817_idx_tree_mpath4_idx` (`mpath4`),
  KEY `data_index_testdscrud6817_idx_tree_name_idx` (`name`(128)),
  KEY `data_index_testdscrud6817_idx_tree_level_idx` (`level`)
) ENGINE=InnoDB DEFAULT CHARSET=ascii;
/*!40101 SET character_set_client = @saved_cs_client */;

--
-- Dumping data for table `data_index_testdscrud6817_idx_tree`
--

LOCK TABLES `data_index_testdscrud6817_idx_tree` WRITE;
/*!40000 ALTER TABLE `data_index_testdscrud6817_idx_tree` DISABLE KEYS */;
INSERT INTO `data_index_testdscrud6817_idx_tree` VALUES ('ROOT',1,'',0,1606914734,'',0,'0','1','','','','356a192b7913b04c54574d18c28d46e6395428ab');
/*!40000 ALTER TABLE `data_index_testdscrud6817_idx_tree` ENABLE KEYS */;
UNLOCK TABLES;

--
-- Table structure for table `data_index_versioned_idx_commits`
--

DROP TABLE IF EXISTS `data_index_versioned_idx_commits`;
/*!40101 SET @saved_cs_client     = @@character_set_client */;
/*!50503 SET character_set_client = utf8mb4 */;
CREATE TABLE `data_index_versioned_idx_commits` (
  `id` bigint NOT NULL AUTO_INCREMENT,
  `uuid` varchar(128) COLLATE utf8mb4_bin NOT NULL,
  `etag` varchar(255) COLLATE utf8mb4_bin NOT NULL,
  `mtime` int NOT NULL,
  `size` bigint DEFAULT NULL,
  `data` blob,
  PRIMARY KEY (`id`),
  KEY `data_index_versioned_idx_tree_uuid_idx` (`uuid`)
) ENGINE=InnoDB DEFAULT CHARSET=utf8mb4 COLLATE=utf8mb4_bin;
/*!40101 SET character_set_client = @saved_cs_client */;

--
-- Dumping data for table `data_index_versioned_idx_commits`
--

LOCK TABLES `data_index_versioned_idx_commits` WRITE;
/*!40000 ALTER TABLE `data_index_versioned_idx_commits` DISABLE KEYS */;
/*!40000 ALTER TABLE `data_index_versioned_idx_commits` ENABLE KEYS */;
UNLOCK TABLES;

--
-- Table structure for table `data_index_versioned_idx_tree`
--

DROP TABLE IF EXISTS `data_index_versioned_idx_tree`;
/*!40101 SET @saved_cs_client     = @@character_set_client */;
/*!50503 SET character_set_client = utf8mb4 */;
CREATE TABLE `data_index_versioned_idx_tree` (
  `uuid` varchar(128) NOT NULL,
  `level` smallint NOT NULL,
  `name` varchar(255) CHARACTER SET utf8mb4 COLLATE utf8mb4_bin NOT NULL,
  `leaf` tinyint(1) NOT NULL DEFAULT '0',
  `mtime` int NOT NULL,
  `etag` varchar(255) NOT NULL DEFAULT '',
  `size` bigint NOT NULL DEFAULT '0',
  `mode` varchar(10) NOT NULL DEFAULT '',
  `mpath1` varchar(255) NOT NULL,
  `mpath2` varchar(255) NOT NULL,
  `mpath3` varchar(255) NOT NULL,
  `mpath4` varchar(255) NOT NULL,
  `hash` varchar(40) NOT NULL,
  PRIMARY KEY (`uuid`),
  UNIQUE KEY `data_index_versioned_idx_tree_u1` (`hash`),
  KEY `data_index_versioned_idx_tree_mpath1_idx` (`mpath1`),
  KEY `data_index_versioned_idx_tree_mpath2_idx` (`mpath2`),
  KEY `data_index_versioned_idx_tree_mpath3_idx` (`mpath3`),
  KEY `data_index_versioned_idx_tree_mpath4_idx` (`mpath4`),
  KEY `data_index_versioned_idx_tree_name_idx` (`name`(128)),
  KEY `data_index_versioned_idx_tree_level_idx` (`level`)
) ENGINE=InnoDB DEFAULT CHARSET=ascii;
/*!40101 SET character_set_client = @saved_cs_client */;

--
-- Dumping data for table `data_index_versioned_idx_tree`
--

LOCK TABLES `data_index_versioned_idx_tree` WRITE;
/*!40000 ALTER TABLE `data_index_versioned_idx_tree` DISABLE KEYS */;
INSERT INTO `data_index_versioned_idx_tree` VALUES ('01a30025-80d6-47fe-9f5e-b3c5616cbe51',4,'subfolder_318b3f0a5d-2',0,1606898422,'7b03185db1ff44a1c7125db534e133cf',36,'0','1.7.1.3','','','','56c86f116b67136331a0e741b08889905245da4c'),('12832fac-8108-4869-9e87-9f0b0d2d46fe',4,'.pydio',1,1606908049,'fc88d2c9caa653cf19aa26ed2147cba6',36,'511','1.9.1.1','','','','0f8a13d1f89add775d27dd1bf5ff17292647a188'),('133e7574-121c-431a-bb0c-57fa4d090b48',2,'testFileDsMove-target-7f30',0,1606898216,'421cc78fab353c76d6aafce35586b5ed',36,'0','1.11','','','','14b46e8ec03c3008e57ed966a26b63495b68b9b7'),('24692068-d4e3-4872-86d1-5652ba028c24',2,'copySrcFolder_318b3f0a5d',0,1606898373,'b2339da1c62d42d4f38bc936c0cec628',36,'0','1.5','','','','aa8f289ebe6d4db1b4a1038b8931ec8c2b5399fb'),('29d53cb4-39ea-4f0d-9a40-23ba8672f3ab',4,'subfolder-0',0,1606898513,'42207e0d450803e14b04e0c1f9c15bb0',36,'0','1.16.1.1','','','','fa29a264c9c2b48361965450ad3555cd63b7d87e'),('327fc655-4d86-4f29-bb0e-55ce89a6f0b3',2,'testFileMove-target-49d9',0,1606907635,'4faa6922d0765c9c9b0a7e5f8b871aeb',36,'0','1.14','','','','333d5e6322896ec8adbeda69bde705630fe78c01'),('38829c70-3d94-4bbb-adb3-faa737a0403b',3,'.pydio',1,1606908049,'7ee564c64bdf579de5358ec361369116',36,'511','1.9.3','','','','33a34613c20e8e6e7f9ba1135b82bb1608eea6af'),('3aa0f8e5-dc04-4dd0-a2e2-25eae59671cb',3,'subfolder-0',0,1606898264,'bd83761ecde9b7eaf78418abbd86b417',36,'0','1.8.1','','','','9829113ed356f261f9202f78259f32919e9e5d9b'),('3c2f1c8a-f11a-40a9-8ce5-1bb50fb3897e',4,'subfolder-0',0,1606907698,'922c4e279df87284710058a276e4996b',36,'0','1.15.1.1','','','','326b02962e94fa9857fb70b739e8b7a5cb37ec87'),('3c575bc6-11ae-4151-ad48-ed7fabb57acc',4,'.pydio',1,1606898264,'5a2f39168d6187d09f3a4bc83bfe34f4',36,'511','1.8.1.1','','','','9303ec7d198af9fd0d09e6325ce92fa8a37871e2'),('3d13e978-34ae-11eb-ac94-3c075467ca63',3,'.pydio',1,1606908001,'e9d9c08a94ef650f64456edae9cb4552',36,'511','1.2.2','','','','6da43ddc66ea2368258688e802388e932e83f73e'),('3d147b04-34ae-11eb-ac94-3c075467ca63',4,'.pydio',1,1607320163,'88273a141699e83e77b9c5e135436552',36,'511','1.2.1.3','','','','c3b459add3a7edd1163e091abac34728e1d6c4a1'),('3d1517bc-34ae-11eb-ac94-3c075467ca63',5,'.pydio',1,1606908005,'82728649cca693e7a3afddcab291cf5b',36,'511','1.2.1.1.1','','','','19fc8373df61bc957058609a19a3aaaa7c9b89fe'),('3d15fdb2-34ae-11eb-ac94-3c075467ca63',5,'.pydio',1,1606908005,'b2ea3c200c2452294464cb1e905f46ad',36,'511','1.2.1.2.1','','','','97d34fa43dc23b25d090004ee52e7a8814da9c64'),('3d16e010-34ae-11eb-ac94-3c075467ca63',3,'.pydio',1,1606898204,'26ec15d04383a767258bb7663c1e2b23',36,'511','1.3.2','','','','312922418c775c428a953a3113e443ec31059d4f'),('3d17700c-34ae-11eb-ac94-3c075467ca63',4,'.pydio',1,1607320163,'3452d894982c5696d300f9c7fbf0881e',36,'511','1.3.1.3','','','','5648908f0bfd0ee3608a8d04648193d554229bb8'),('3d182c5e-34ae-11eb-ac94-3c075467ca63',5,'.pydio',1,1606898209,'c3e88ae4731caf14c4834aadd8eb366b',36,'511','1.3.1.1.1','','','','05f6411d9873892e0fb49b3b710a80b6819809af'),('3d19073c-34ae-11eb-ac94-3c075467ca63',5,'.pydio',1,1606898209,'6099cdc0379912e1633232c6f653fa8f',36,'511','1.3.1.2.1','','','','3d33353f7bee8a63bee74dcfb6c7f18f19a2ccbf'),('3d19d0cc-34ae-11eb-ac94-3c075467ca63',3,'.pydio',1,1606907569,'c95a411f0eb44b3443cd703fdb0acf0b',36,'511','1.4.4','','','','255ee3124118ef39f0c2d984854cb0f180c4b1fe'),('3d1acfc2-34ae-11eb-ac94-3c075467ca63',4,'.pydio',1,1607320163,'53888aa22cac78a9af81a662b7ae1430',36,'511','1.4.1.1','','','','a853c74f4caf8b68ce1c06f9285b3aabb3d4f1a2'),('3d1dffb2-34ae-11eb-ac94-3c075467ca63',4,'.pydio',1,1606907575,'13bfaafc28f7d5a48aa2d2c9b328a9b6',36,'511','1.4.2.1','','','','3cc4ed835ba54bf211ea6a6d2ae5fdca22f56a4f'),('3d206c3e-34ae-11eb-ac94-3c075467ca63',4,'.pydio',1,1606907579,'c852bde9437a79caa56a9702c847ea10',36,'511','1.4.3.1','','','','b22ab56afb5b439a6d5f2890673ee629afc13a10'),('3d22955e-34ae-11eb-ac94-3c075467ca63',3,'.pydio',1,1606898373,'5702d0aaa04923cc835f9d114ac000e7',36,'511','1.5.4','','','','caede917a8676edcac7e9d6481043710792411c9'),('3d2324ce-34ae-11eb-ac94-3c075467ca63',4,'.pydio',1,1607320163,'3c492e8264bcf55f274ff0d95c01d12c',36,'511','1.5.1.1','','','','d0e73b294bc6c5a1ff7c293f9420ba8e7ad35908'),('3d2538b8-34ae-11eb-ac94-3c075467ca63',4,'.pydio',1,1606898380,'4282b962b171330c5ab5b12263b1cb77',36,'511','1.5.2.1','','','','3b130b0112e6f25b75979495aa7712c5518fc137'),('3d2847e2-34ae-11eb-ac94-3c075467ca63',4,'.pydio',1,1606898383,'ef0559490b13f6a3d3420bd5bf882df9',36,'511','1.5.3.1','','','','8fe569e83d40669704121f13852c367850ee35eb'),('3d2b04a0-34ae-11eb-ac94-3c075467ca63',3,'.pydio',1,1606907612,'31c3d0f29d229bae27cb0e4737ca8be8',36,'511','1.6.2','','','','c117423da3e5e169d36e3111880b709d28e85308'),('3d2ba55e-34ae-11eb-ac94-3c075467ca63',4,'.pydio',1,1606907615,'397e83bf849cf41469311d4153ffe95b',36,'511','1.6.1.4','','','','066c2ddee808356e64542aa04ea8ff89ab6874c3'),('3d2c4f68-34ae-11eb-ac94-3c075467ca63',5,'.pydio',1,1606907615,'55c389b7e710656e63ba809afee7a496',36,'511','1.6.1.1.1','','','','29d80a2b7f931f8b70abbe4915e3c67f399674cf'),('3d2dba4c-34ae-11eb-ac94-3c075467ca63',5,'.pydio',1,1606907615,'a7d0e56aaf5d2d21fb3f1424e79335d3',36,'511','1.6.1.2.1','','','','981d1566acf8bfc0616219b5c5188bc98ee69fbd'),('3d2f2422-34ae-11eb-ac94-3c075467ca63',5,'.pydio',1,1607320163,'63ae94e8f4837a1f90f862d3a013f1b4',36,'511','1.6.1.3.1','','','','ab2b4127dabd5952bd5c1699a2f69aed9054c9ca'),('3d3092bc-34ae-11eb-ac94-3c075467ca63',3,'.pydio',1,1606898418,'2418cb54f89fae1ff8ff89ee43619c1f',36,'511','1.7.2','','','','a9901643b6482a446e950927fd0e6f0e9fb01716'),('3d3120c4-34ae-11eb-ac94-3c075467ca63',4,'.pydio',1,1606898422,'702328689888551f9c7f649b9b6ede8b',36,'511','1.7.1.4','','','','f92bb8750515b052ebf4cb5cfbc354a72dbb87bf'),('3d31b912-34ae-11eb-ac94-3c075467ca63',5,'.pydio',1,1607320163,'356e2f155d0eff910446edba36a630fd',36,'511','1.7.1.1.1','','','','469226dca6868026d5c54e154fff7e3e4f3416f4'),('3d3370c2-34ae-11eb-ac94-3c075467ca63',5,'.pydio',1,1606898422,'505770156dc4af2e9261db8ac6b8164e',36,'511','1.7.1.2.1','','','','2370c57f37a2f525325c272c38355963828c49c0'),('3d34e628-34ae-11eb-ac94-3c075467ca63',5,'.pydio',1,1606898422,'ef0bf1a536d34544c0983f83b4483e68',36,'511','1.7.1.3.1','','','','6de65e09b437803e738b9ae14e2f5b996edfde30'),('3d4e02a2-34ae-11eb-ac94-3c075467ca63',3,'.pydio',1,1606898434,'b31e912c2d11f6c612ba875efe36826b',36,'511','1.10.1','','','','7d717e1eb3141d4c346ffb2802ac590968296293'),('3d4f6e62-34ae-11eb-ac94-3c075467ca63',3,'.pydio',1,1607320163,'392a5971ca3d391ca26e42ea345d5357',36,'511','1.11.1','','','','4572917cbde34e4ba98ab9a65059efd81be6594b'),('3d5220da-34ae-11eb-ac94-3c075467ca63',3,'.pydio',1,1606908011,'3570b6fb22c1fc64fbb4dbfa38a54b7e',36,'511','1.12.1','','','','e2f2e225c4ff1ca0a8c0083ca61d7e9717bb61d5'),('3d5c04e2-34ae-11eb-ac94-3c075467ca63',3,'.pydio',1,1606898444,'30ee5e7c796927707e41627ecc774c85',36,'511','1.13.1','','','','8fd8331f772b1227e5913d3649cdb93d928aaebf'),('3d5cf91a-34ae-11eb-ac94-3c075467ca63',3,'.pydio',1,1606907635,'b3b80c895c4278e1b26e5cdd57c636ae',36,'511','1.14.1','','','','9664a2ac4ea656db01cb21d1a8c4a62d72dcdffe'),('3d5df54a-34ae-11eb-ac94-3c075467ca63',3,'.pydio',1,1606907694,'d29dd8a74b2fe3d778ab06cfdbf44b2f',36,'511','1.15.2','','','','5d2f3e3f068f2a9a369155392e3f7e64dbd5ba83'),('3d5f77a8-34ae-11eb-ac94-3c075467ca63',4,'.pydio',1,1606907698,'d752e78e4bb65a81dba0391f3bd87d5c',36,'511','1.15.1.4','','','','11b9e9d07a79abb684cf9f7136f12f32285b7fc0'),('3d600b82-34ae-11eb-ac94-3c075467ca63',5,'.pydio',1,1606907698,'a6e324b731d81932dbef07a084b07a90',36,'511','1.15.1.1.1','','','','c23afcc8b94ba1e72e9607986e4bc6e587d3d84b'),('3d612bd4-34ae-11eb-ac94-3c075467ca63',5,'.pydio',1,1606907698,'b6d4e462ff150c596d4fc0ffae571f4c',36,'511','1.15.1.2.1','','','','9171723c10ed0a7782973696f400bc23fadbfd71'),('3d625ff4-34ae-11eb-ac94-3c075467ca63',5,'.pydio',1,1606907698,'50066bfc66d9eec11c743ecbcebfa0c0',36,'511','1.15.1.3.1','','','','572c01cd2573570e688f1ae38382429ac8d171dc'),('3d63af80-34ae-11eb-ac94-3c075467ca63',3,'.pydio',1,1606898509,'cdfd6c32a9d244ba68ae9f5b6ebdc24d',36,'511','1.16.2','','','','dd48223123cc0aa36ed7f2190e593ca1ace58e24'),('3d644a6c-34ae-11eb-ac94-3c075467ca63',4,'.pydio',1,1606898513,'d69d5c91c673b0d860c36185847bd568',36,'511','1.16.1.4','','','','66ef29b9feddd24d3eef3152eb50ebbf7c3ac2fa'),('3d64e7f6-34ae-11eb-ac94-3c075467ca63',5,'.pydio',1,1606898513,'183ee7a36d1e67ec7146f19c47013c85',36,'511','1.16.1.1.1','','','','f4ed2fa4f5bd94911ba64251dce378418330972d'),('3d67146b-df06-4b78-88fe-8c0b1299bfe8',4,'subfolder_0a864cd2aa-2',0,1606907615,'0f05961dab8cb593bd7012c8d2b85c77',36,'0','1.6.1.3','','','','f94df256f04eac1497d4ef4952dc0e55ec13a8ea'),('3d67313c-34ae-11eb-ac94-3c075467ca63',5,'.pydio',1,1606898513,'ceb07860fe5c16539e5d75bf67b36442',36,'511','1.16.1.2.1','','','','143a81e1784b63b7cc98dcb43e2a644b5b1a6136'),('3d683f28-34ae-11eb-ac94-3c075467ca63',5,'.pydio',1,1606898513,'319de003eeb79e5e47f64cfaa14c63f8',36,'511','1.16.1.3.1','','','','95f1006502ed6f2e11d8fd60314d60033c744324'),('454c8fc0-62ef-478c-a857-ad40c732ba0c',2,'recycle_bin',0,1606898434,'4e97e6d413eac7909437574c8ad6fa10',36,'0','1.10','','','','22a585885b5cb7cc58d60445ecf0d8ad6f76ef24'),('4a572787-3c33-4637-b266-1a4c9fc19cd7',4,'subfolder-1',0,1606898513,'ea1e3d893cd646a26c272823323a455c',36,'0','1.16.1.2','','','','2c4d0b2851a0e9374ba4c78564bb4c4c81acd170'),('52afa668-d6f6-4cba-887f-922075081495',4,'subfolder_0a864cd2aa-1',0,1606907615,'18c8eb79b2472dc8b58cb75859b2c36a',36,'0','1.6.1.2','','','','21180495ea073e7b365bf38549752649b01e503d'),('5f886418-bc64-4bcc-8af0-1a10c2410ed3',3,'subfolder-1',0,1606908049,'290e660ec214abe6465b8903e8a05036',36,'0','1.9.2','','','','1ae2b3145aeda5c94e1cc83b23d74521cf9cc3c5'),('616d6889-4df5-4b97-a2f0-fad048087e06',2,'global-ws_versioned-ws_testMove-src_c12f',0,1606908049,'690ec7d00220241102656f857afd3463',36,'0','1.9','','','','936931368287d72a5bda62a8a3e0d2ed6638fa8f'),('61a1910b-274a-4a7c-b7b9-262db73e3f85',4,'subfolder-1',0,1606907698,'69b05a0da7e2cc7171849eda705a71a5',36,'0','1.15.1.2','','','','7ea6ed0f2880d00b14101c4892c6be3e979ebfa1'),('673a929f-8c19-4784-a773-a3d481783a7f',3,'subfolder_318b3f0a5d-1',0,1606898380,'ebcba00613b593da0a62c526cb104a81',36,'0','1.5.2','','','','c5a76ffee48786649f498fcb3cd620fad7c6c2da'),('6ab25ff2-5f4a-4cad-94ba-f56b8ef5f344',4,'sub-folder-A-1',0,1606898209,'b33a78aebf27491d4c1a3e2b612868d5',36,'0','1.3.1.2','','','','077a3db29eabf38ef0a739e877d1591c9d8db7b0'),('6e0fe6c5-35cc-4e4a-bee8-e0f47cae0b81',4,'subfolder_318b3f0a5d-0',0,1606898422,'79c0ebdde6c2cd4f82482e8c7d9e93a2',36,'0','1.7.1.1','','','','c2895635e53881b7dd4f067ec90c0ba03f1c97a9'),('75f0b01d-757e-4b79-86e2-3d980c199842',3,'subfolder_0a864cd2aa-1',0,1606907575,'dd9c433206d7c931895e72f80661a8eb',36,'0','1.4.2','','','','da5050803b5fbae2a5b953f06c1944b75a63c2a2'),('7603c3e6-fb47-463e-b3e0-f832cec19fbc',3,'subfolder_318b3f0a5d-2',0,1606898383,'40a7309109adc8178d4d87a26df595bc',36,'0','1.5.3','','','','a221ad7331c46ceebe4aa9b11c978dc5185fbda5'),('7cd1c5f3-7cb8-4c43-878b-2de5ad22582c',4,'sub-folder-A-1',0,1606908005,'1b9a63359dbbcfce781664ccb82e3487',36,'0','1.2.1.2','','','','670867ec1644f19e34286fa8da16da2c316034fc'),('7e9d059a-9374-4627-9485-268a52a445b6',4,'subfolder_318b3f0a5d-1',0,1606898422,'c1b0627fa56a593dde76bc17065a9c21',36,'0','1.7.1.2','','','','36aea7bebd7c451a2878489dbf8dae7ab30f41e0'),('87702a66-8c13-4b85-969f-41d0b55c47d2',4,'sub-folder-A-0',0,1606898209,'4512c07f4ca7bb16182d79ace3b4ee42',36,'0','1.3.1.1','','','','c28cf43fa8a804a01c9f7a20a8faca8643ecc7ac'),('884c495d-79d4-45eb-8e57-a86c7d1b50c1',3,'subfolder_0a864cd2aa-2',0,1606907579,'517909ad4517078532a202de1c18444c',36,'0','1.4.3','','','','e864410c570d87244a122a31198944fa5ab9260e'),('8b1e4b1c-ac22-4f9e-b767-5c1258b6b748',3,'.pydio',1,1606898264,'2567b710e96eea202a475a7d3f51bbec',36,'511','1.8.3','','','','c6c2cbcd0973a7d5c4bf991bd0f045c3e890fa81'),('8ffa8a72-7aeb-4b7a-b2f8-db46b8ecc8b3',3,'copySrcFolder_318b3f0a5d',0,1606898422,'c58bd6dab29e9e6e7b0b1a3200b4e1a7',36,'0','1.7.1','','','','348b6913760dfd78a9394bc38c5a8fa7528208e2'),('924745bd-c53f-43bb-92dd-f6576714f53b',3,'subfolder-0',0,1606908049,'10a153ceaa6184a4643231c6fe60bf3f',36,'0','1.9.1','','','','381bb12da04a82580bb6d698b8798743668826bd'),('9b8539de-5545-4feb-8a2d-670635bb6d4a',4,'subfolder_0a864cd2aa-0',0,1606907615,'0c26fcb5120166da77d4e31f0befaf58',36,'0','1.6.1.1','','','','6223679f8b2ea04e0a8433ab46d6836dbc75a74c'),('9cb03d7b-13da-4eb4-b393-b3c48dd24825',4,'subfolder-2',0,1606907698,'e7262f81be2cbdd2915b1ede67a7e57d',36,'0','1.15.1.3','','','','fe0c3a676fa80c3400bb17279d08bee734b470fb'),('a3e30eb1-9f5c-4fb0-8708-e334ff10583c',3,'global-ws_versioned-ws_copy-src_da62c7c3d2',0,1606898209,'639121cd9ac2dc057ae8b3919ca0535d',36,'0','1.3.1','','','','ccefc2f8651dab1dca3f5569d5c8495d75f8956a'),('a5bce560-b853-42cc-b800-f99312e93568',3,'testMove_orig_df65',0,1606898513,'b2b8b64b59ae7c84fe9ee0b5864d3a23',36,'0','1.16.1','','','','12f4be41e34208d75fe7507deef97d9408b6c050'),('adff02ba-389f-423c-a3cf-49291cafc486',4,'sub-folder-A-0',0,1606908005,'e8d516dcfe408925d872b945cf3f0f34',36,'0','1.2.1.1','','','','0f0825df3eb4f85e07371bb796ffaec7f62ea966'),('b2068631-6e1d-4a76-aede-7a3ae3126b32',3,'subfolder_0a864cd2aa-0',0,1606907572,'65e7996f0107ed6f5fb69ba1d83f26a7',36,'0','1.4.1','','','','a9ec402f06cdb367cb4ecd9d221265dbc42431cf'),('b5fd30f4-a077-4378-8dd9-138a38c60171',4,'subfolder-2',0,1606898513,'efcea57211e8e91f817812e6b2c93829',36,'0','1.16.1.3','','','','bd09b40747a956cca1a683901aef9476f36cf21c'),('b659e295-a4cb-43ce-835c-6547d8afd937',2,'copyTargetFolder_0a864cd2aa',0,1606907612,'ec902b3091d3dfea07d3f2ea2756788e',36,'0','1.6','','','','4693695d02f6236c431a6589af6dfdef6aa7fa31'),('bc4cadcb-d1c7-4d2f-b389-78c111785e64',3,'testMove_orig_3c3f',0,1606907698,'cac79292aef08b380f29a605d2a0f311',36,'0','1.15.1','','','','c26817acfeb148d7e6ba9954963e981948a2db3f'),('bcd7e11e-dd1a-4532-b544-36bb9124d0ca',3,'copySrcFolder_0a864cd2aa',0,1606907615,'1b42da2c3e80abbd63ccc1e658644b7d',36,'0','1.6.1','','','','92dd42eb7b198ffac6578eae5bcfc969383d138c'),('bd7df0ae-cd6a-4a7f-916e-592f21a61cda',2,'copySrcFolder_0a864cd2aa',0,1606907569,'6765d495b5a535b1179059c6a5ae8034',36,'0','1.4','','','','a26f83404b3689e9473b90563ae874b959b849ed'),('bf7360fd-980f-4ca5-b96a-eb0238421126',2,'testMove_target_3c3f',0,1606907694,'cde79ded2e37c657d41c634bf77f5e78',36,'0','1.15','','','','72f0fdd827431d15bd7445782d99c436ac588ee6'),('c12992d1-e3c5-499c-a5b5-a85dfbee32de',4,'.pydio',1,1606898264,'a0090da852adbe8c4178f7750c2eeeb0',36,'511','1.8.2.1','','','','bad0f4d24a279cb9e68dc19791410fb2b54217ab'),('c3a6ff23-c7b1-4dff-9eb0-f15914bfff3d',4,'.pydio',1,1606908049,'5609075178cce97f7058952e5dc5d430',36,'511','1.9.2.1','','','','ab89dfbba6bbd05dde13dc551ff5d8d3f3e9160a'),('c56105a7-8169-41b6-831a-a8bd25fbd0a7',2,'copyTargetFolder_318b3f0a5d',0,1606898418,'9e7a45362b224b94aa1d39e3395a5d0b',36,'0','1.7','','','','58e6d386c363c2665ea43e7a57f0a497da13416e'),('d3af7905-4d08-4317-a69f-846b01a9d9d7',3,'subfolder-1',0,1606898264,'5570e6e0a209ad4551849d8c508fb6f3',36,'0','1.8.2','','','','d176141136f1fe969aeca56eb98e3734f24199ae'),('da670825-ca81-4f4b-b973-7c06b1c75d5a',3,'global-ws_versioned-ws_copy-src_2a40b4f64f',0,1606908005,'1a695b45dc2bf25be6383e5378b72cf7',36,'0','1.2.1','','','','94dcef061335413abfdb9c1ca0b391b7bf178b90'),('deddb56e-5b87-4c75-a1e8-9881e2b13e61',2,'testFileMove-target-4606',0,1606898444,'423cdf0f4c204d6af6ee2cce63f3bb9b',36,'0','1.13','','','','e83d8b4ce4e1f6b2a7f7dfc5cd73b7fc2bb34b6e'),('dfbe8c98-9096-483b-80dd-9e7bcb42dd01',2,'testMove_target_df65',0,1606898509,'fe2a19aecd09fad05013a3104f232ca9',36,'0','1.16','','','','562e2573cf8f5627618ba69dc213ed93dff800b9'),('e408a9f7-6e76-4b28-ba14-d1b2f59d520c',2,'copy-from_global-ws_target_da62c7c3d2',0,1606898204,'91ba2a4081c6d1fcad2b5f1ee7eec6ab',36,'0','1.3','','','','2afe7d50c10921ac0f9f899939231a737e7dc2b2'),('eb25c24a-000d-4fde-a64b-81f964aa7cf8',3,'subfolder_318b3f0a5d-0',0,1606898376,'e177b3cea2a0d0c5c8f7332a651c3619',36,'0','1.5.1','','','','29cd3f50fdf56b43132cb011be27e5a2567b76ae'),('ed363e57-5c5b-4c5c-bade-d3a9862b7c22',2,'copy-from_global-ws_target_2a40b4f64f',0,1606908001,'5807f19731885fdad0e96cec07798a66',36,'0','1.2','','','','8114b9dabe64741f5700c676da07d4182530a754'),('fabe85e3-128b-4d9c-a6fb-27223cf2a8a6',2,'testFileDsMove-target-d230',0,1606908011,'1975c6409ebda18be2ebb05aefa08cf2',36,'0','1.12','','','','8dc5253966cff788bc78a0da8c1ec52e0bee16a8'),('fe63c64e-7a6e-4e3a-a15c-03b93c5de978',2,'global-ws_versioned-ws_testMove-src_4aba',0,1606898264,'a3e0662101897805d66f0722e9ae6de2',36,'0','1.8','','','','93ec1d5b0e5f86e667093d5857f65ca0fa9c557a'),('ROOT',1,'',0,1606914694,'',0,'0','1','','','','356a192b7913b04c54574d18c28d46e6395428ab');
/*!40000 ALTER TABLE `data_index_versioned_idx_tree` ENABLE KEYS */;
UNLOCK TABLES;

--
-- Table structure for table `data_meta`
--

DROP TABLE IF EXISTS `data_meta`;
/*!40101 SET @saved_cs_client     = @@character_set_client */;
/*!50503 SET character_set_client = utf8mb4 */;
CREATE TABLE `data_meta` (
  `node_id` varchar(255) NOT NULL,
  `namespace` varchar(255) NOT NULL,
  `author` varchar(255) DEFAULT NULL,
  `timestamp` int DEFAULT NULL,
  `data` blob,
  `format` varchar(255) DEFAULT NULL,
  UNIQUE KEY `node_id` (`node_id`,`namespace`),
  KEY `timestamp` (`timestamp`),
  KEY `author` (`author`)
) ENGINE=InnoDB DEFAULT CHARSET=utf8mb4 COLLATE=utf8mb4_0900_ai_ci;
/*!40101 SET character_set_client = @saved_cs_client */;

--
-- Dumping data for table `data_meta`
--

LOCK TABLES `data_meta` WRITE;
/*!40000 ALTER TABLE `data_meta` DISABLE KEYS */;
INSERT INTO `data_meta` VALUES ('0117732d-8e3d-4b06-ab1f-22619651c1b8','name','',1606920854,_binary '\"sub-folder-A-0\"','json'),('01a30025-80d6-47fe-9f5e-b3c5616cbe51','name','',1606920853,_binary '\"subfolder_318b3f0a5d-2\"','json'),('03ea2e36-f51f-461c-9cf5-28d919c456d5','name','',1606920852,_binary '\"global-ws_encrypted-ws_copy-src_bcc2c86851\"','json'),('047165ed-c3cb-42b6-ae6d-8f9913dadf23','name','',1606920852,_binary '\"sub-folder-A-0\"','json'),('04be2bb2-e55f-4d66-a26b-0113965da224','name','',1606920851,_binary '\"testFileDsMove-target-7cbd\"','json'),('07e175fc-d631-4b3b-aee3-6309e8b2eac7','name','',1606920854,_binary '\"subfolder_2d2ede05a8-2\"','json'),('0917f391-07cc-442d-b1d1-d6a777a6b97d','name','',1606920851,_binary '\"copySrcFolder_831913ad7a\"','json'),('09bc31a2-57a8-4908-b8d1-c395c0aaffc9','name','',1606920854,_binary '\"copy-from_encrypted-ws_target_c497c03354\"','json'),('0e2769e2-6e05-43d0-90c4-d421ba3fe6fc','name','',1606920851,_binary '\"testFileMove-target-7e10\"','json'),('0e5f7f7b-6b40-4b10-8828-7cefa0d1a8b1','name','',1606920851,_binary '\"copySrcFolder_affcb789e8\"','json'),('0e8daad5-a8c1-4274-b0dd-7888ab05f012','name','',1606920853,_binary '\".pydio\"','json'),('127158fa-dfb1-438f-8272-7153b13924f9','name','',1606920854,_binary '\"pagination_testing_folder_e4e76fbb25\"','json'),('12832fac-8108-4869-9e87-9f0b0d2d46fe','name','',1606920854,_binary '\".pydio\"','json'),('133e7574-121c-431a-bb0c-57fa4d090b48','name','',1606920853,_binary '\"testFileDsMove-target-7f30\"','json'),('14ed3d7f-fa48-403d-a95c-89634af050db','name','',1606920851,_binary '\"subfolder-0\"','json'),('15ea119c-ed95-4d86-bd09-5d5dcdd500ba','name','',1606920851,_binary '\"subfolder_831913ad7a-2\"','json'),('1655b2a1-20f6-4360-8921-b5fe068b9147','name','',1606920854,_binary '\"sub-folder-A-1\"','json'),('1771b321-c206-4f41-8074-0a3392f5fe7a','name','',1606920854,_binary '\"testMove_orig_fde2\"','json'),('18d9aab4-365c-4197-8b25-33415bb046c8','name','',1606914950,_binary '\"1ca2e2eb1c\"','json'),('1f18a356-aa3f-4b98-9dec-4989994fdce9','name','',1606914889,_binary '\"recycle_bin\"','json'),('1f83c8f4-cf20-4ed4-a570-b5de2c897034','name','',1606920851,_binary '\"global-ws_encrypted-ws_testMove-src_3938\"','json'),('1fdedd28-50ce-44f1-ae15-ab483424192f','name','',1606920854,_binary '\".pydio\"','json'),('2002058d-f027-4dd4-8781-3edb8a0e6f50','name','',1606920854,_binary '\"subfolder-0\"','json'),('209e9411-6ebe-42a8-bf07-d8a7d7fc7daa','name','',1606920852,_binary '\"subfolder_831913ad7a-1\"','json'),('239448db-8ffc-4cf7-91f0-e92234263e25','name','',1606920853,_binary '\".pydio\"','json'),('24692068-d4e3-4872-86d1-5652ba028c24','name','',1606920853,_binary '\"copySrcFolder_318b3f0a5d\"','json'),('25bafe8f-1097-49b9-80fc-618894ebf6ae','name','',1606920852,_binary '\".pydio\"','json'),('2769d27b-beb9-49f9-8f4b-dff1895e612e','name','',1606920851,_binary '\"subfolder-2\"','json'),('27b8566d-5cd6-4403-b178-4aff0d4919b5','name','',1606920854,_binary '\"subfolder_09a0b7c68b-2\"','json'),('284b6c24-51ac-404e-a00f-1129004f5c67','name','',1606920853,_binary '\".pydio\"','json'),('29d53cb4-39ea-4f0d-9a40-23ba8672f3ab','name','',1606920853,_binary '\"subfolder-0\"','json'),('2c768f60-98cb-4130-87db-0b0e1b3799ac','name','',1606920851,_binary '\"subfolder_affcb789e8-2\"','json'),('2d0ab1b5-5d2e-4090-91d8-aee0017be3e1','name','',1606920854,_binary '\"WebDav_dummy_folder-4a528609a0\"','json'),('2f6de137-b3d8-42d0-bae4-4e770e822b1b','name','',1606920854,_binary '\"sub-folder-A-1\"','json'),('30361e37-96c1-41a0-836f-245d36c074de','name','',1606920852,_binary '\"global-ws_encrypted-ws_copy-src_fd8ee48bdd\"','json'),('315d3142-ddf0-464c-b4d1-35bda22e1c22','name','',1606920854,_binary '\"subfolder_09a0b7c68b-0\"','json'),('327fc655-4d86-4f29-bb0e-55ce89a6f0b3','name','',1606920853,_binary '\"testFileMove-target-49d9\"','json'),('3371c6e7-b270-4949-89ac-cffa9e3a3da6','name','',1606920851,_binary '\"subfolder_affcb789e8-2\"','json'),('36ba99d4-f5de-41a1-bcbc-c19feac5f7ad','name','',1606920854,_binary '\"copy-from_encrypted-ws_target_d2c164f74f\"','json'),('370a590e-d509-4ca3-ac40-39cafb350b3f','name','',1606920854,_binary '\"sub-folder-A-0\"','json'),('38829c70-3d94-4bbb-adb3-faa737a0403b','name','',1606920854,_binary '\".pydio\"','json'),('3915679e-4b96-4bdb-aabe-8142c856eff1','name','',1606920851,_binary '\"subfolder-0\"','json'),('3922869f-39ac-45fd-bda8-902fca071fd9','name','',1606920851,_binary '\"testMove_orig_dbc8\"','json'),('39a3a136-46fd-42b2-bb08-d4bb4f194995','name','',1606920854,_binary '\"subfolder_2d2ede05a8-2\"','json'),('3aa0f8e5-dc04-4dd0-a2e2-25eae59671cb','name','',1606920853,_binary '\"subfolder-0\"','json'),('3aa40f38-5a55-49df-99b8-fe668818f03e','name','',1606920851,_binary '\"testFileDsMove-target-007a\"','json'),('3b4f604a-34ae-11eb-ae1c-3c075467ca63','name','',1606920851,_binary '\".pydio\"','json'),('3b732606-34ae-11eb-ae1c-3c075467ca63','name','',1606920852,_binary '\".pydio\"','json'),('3b73ef6e-34ae-11eb-ae1c-3c075467ca63','name','',1606920852,_binary '\".pydio\"','json'),('3b7647d2-34ae-11eb-ae1c-3c075467ca63','name','',1606920852,_binary '\".pydio\"','json'),('3b78f69e-34ae-11eb-ae1c-3c075467ca63','name','',1606920852,_binary '\".pydio\"','json'),('3b7c60a4-34ae-11eb-ae1c-3c075467ca63','name','',1606920852,_binary '\".pydio\"','json'),('3b7f6ee8-34ae-11eb-ae1c-3c075467ca63','name','',1606920852,_binary '\".pydio\"','json'),('3b8113f6-34ae-11eb-ae1c-3c075467ca63','name','',1606920852,_binary '\".pydio\"','json'),('3b9c4a68-34ae-11eb-ae1c-3c075467ca63','name','',1606920851,_binary '\".pydio\"','json'),('3ba2b178-34ae-11eb-ae1c-3c075467ca63','name','',1606920852,_binary '\".pydio\"','json'),('3ba3d9ea-34ae-11eb-ae1c-3c075467ca63','name','',1606920852,_binary '\".pydio\"','json'),('3bbd0b4a-34ae-11eb-ae1c-3c075467ca63','name','',1606920852,_binary '\".pydio\"','json'),('3bcd825e-34ae-11eb-ae1c-3c075467ca63','name','',1606920852,_binary '\".pydio\"','json'),('3bcf6aff-df42-41f3-a082-6ca208a3cc03','name','',1606920852,_binary '\"copySrcFolder_831913ad7a\"','json'),('3bef5604-34ae-11eb-ae1c-3c075467ca63','name','',1606920852,_binary '\".pydio\"','json'),('3bf04bb8-34ae-11eb-ae1c-3c075467ca63','name','',1606920852,_binary '\".pydio\"','json'),('3bfa64ae-34ae-11eb-ae1c-3c075467ca63','name','',1606920852,_binary '\".pydio\"','json'),('3bfda8bc-34ae-11eb-ae1c-3c075467ca63','name','',1606920852,_binary '\".pydio\"','json'),('3c004f22-34ae-11eb-ae1c-3c075467ca63','name','',1606920852,_binary '\".pydio\"','json'),('3c010412-34ae-11eb-ae1c-3c075467ca63','name','',1606920852,_binary '\".pydio\"','json'),('3c0226e4-34ae-11eb-ae1c-3c075467ca63','name','',1606920852,_binary '\".pydio\"','json'),('3c05ae0e-34ae-11eb-ae1c-3c075467ca63','name','',1606920852,_binary '\".pydio\"','json'),('3c225752-34ae-11eb-ae1c-3c075467ca63','name','',1606920852,_binary '\".pydio\"','json'),('3c29d8ce-34ae-11eb-ae1c-3c075467ca63','name','',1606920853,_binary '\".pydio\"','json'),('3c2ad076-34ae-11eb-ae1c-3c075467ca63','name','',1606920852,_binary '\".pydio\"','json'),('3c2c51da-34ae-11eb-ae1c-3c075467ca63','name','',1606920853,_binary '\".pydio\"','json'),('3c2f1c8a-f11a-40a9-8ce5-1bb50fb3897e','name','',1606920853,_binary '\"subfolder-0\"','json'),('3c3282bc-34ae-11eb-ae1c-3c075467ca63','name','',1606920853,_binary '\".pydio\"','json'),('3c38cd48-34ae-11eb-ae1c-3c075467ca63','name','',1606920853,_binary '\".pydio\"','json'),('3c3d5bce-34ae-11eb-ae1c-3c075467ca63','name','',1606920853,_binary '\".pydio\"','json'),('3c3e53c6-34ae-11eb-ae1c-3c075467ca63','name','',1606920853,_binary '\".pydio\"','json'),('3c4c5dfe-34ae-11eb-ae1c-3c075467ca63','name','',1606920853,_binary '\".pydio\"','json'),('3c52caea-34ae-11eb-ae1c-3c075467ca63','name','',1606920853,_binary '\".pydio\"','json'),('3c53828c-34ae-11eb-ae1c-3c075467ca63','name','',1606920853,_binary '\".pydio\"','json'),('3c575bc6-11ae-4151-ad48-ed7fabb57acc','name','',1606920854,_binary '\".pydio\"','json'),('3c5d4736-34ae-11eb-ae1c-3c075467ca63','name','',1606920853,_binary '\".pydio\"','json'),('3c946356-34ae-11eb-ae1c-3c075467ca63','name','',1606920852,_binary '\".pydio\"','json'),('3c979148-34ae-11eb-ae1c-3c075467ca63','name','',1606920852,_binary '\".pydio\"','json'),('3c98fe2a-34ae-11eb-ae1c-3c075467ca63','name','',1606920852,_binary '\".pydio\"','json'),('3c9a0086-34ae-11eb-ae1c-3c075467ca63','name','',1606920853,_binary '\".pydio\"','json'),('3c9b4338-34ae-11eb-ae1c-3c075467ca63','name','',1606920853,_binary '\".pydio\"','json'),('3c9c9896-34ae-11eb-ae1c-3c075467ca63','name','',1606920853,_binary '\".pydio\"','json'),('3c9d234c-34ae-11eb-ae1c-3c075467ca63','name','',1606920853,_binary '\".pydio\"','json'),('3c9df6f0-34ae-11eb-ae1c-3c075467ca63','name','',1606920853,_binary '\".pydio\"','json'),('3ca013f4-34ae-11eb-ae1c-3c075467ca63','name','',1606920853,_binary '\".pydio\"','json'),('3ca20ed4-34ae-11eb-ae1c-3c075467ca63','name','',1606920853,_binary '\".pydio\"','json'),('3ca3339a-34ae-11eb-ae1c-3c075467ca63','name','',1606920853,_binary '\".pydio\"','json'),('3ca3ef2e-34ae-11eb-ae1c-3c075467ca63','name','',1606920853,_binary '\".pydio\"','json'),('3ca49172-34ae-11eb-ae1c-3c075467ca63','name','',1606920853,_binary '\".pydio\"','json'),('3ca636e4-34ae-11eb-ae1c-3c075467ca63','name','',1606920853,_binary '\".pydio\"','json'),('3ca8b50e-34ae-11eb-ae1c-3c075467ca63','name','',1606920853,_binary '\".pydio\"','json'),('3d13e978-34ae-11eb-ac94-3c075467ca63','name','',1606920853,_binary '\".pydio\"','json'),('3d147b04-34ae-11eb-ac94-3c075467ca63','name','',1606920853,_binary '\".pydio\"','json'),('3d1517bc-34ae-11eb-ac94-3c075467ca63','name','',1606920853,_binary '\".pydio\"','json'),('3d15fdb2-34ae-11eb-ac94-3c075467ca63','name','',1606920853,_binary '\".pydio\"','json'),('3d16e010-34ae-11eb-ac94-3c075467ca63','name','',1606920853,_binary '\".pydio\"','json'),('3d17700c-34ae-11eb-ac94-3c075467ca63','name','',1606920853,_binary '\".pydio\"','json'),('3d182c5e-34ae-11eb-ac94-3c075467ca63','name','',1606920853,_binary '\".pydio\"','json'),('3d19073c-34ae-11eb-ac94-3c075467ca63','name','',1606920853,_binary '\".pydio\"','json'),('3d19d0cc-34ae-11eb-ac94-3c075467ca63','name','',1606920853,_binary '\".pydio\"','json'),('3d1acfc2-34ae-11eb-ac94-3c075467ca63','name','',1606920853,_binary '\".pydio\"','json'),('3d1dffb2-34ae-11eb-ac94-3c075467ca63','name','',1606920853,_binary '\".pydio\"','json'),('3d206c3e-34ae-11eb-ac94-3c075467ca63','name','',1606920853,_binary '\".pydio\"','json'),('3d22955e-34ae-11eb-ac94-3c075467ca63','name','',1606920853,_binary '\".pydio\"','json'),('3d2324ce-34ae-11eb-ac94-3c075467ca63','name','',1606920853,_binary '\".pydio\"','json'),('3d2538b8-34ae-11eb-ac94-3c075467ca63','name','',1606920853,_binary '\".pydio\"','json'),('3d2847e2-34ae-11eb-ac94-3c075467ca63','name','',1606920853,_binary '\".pydio\"','json'),('3d2b04a0-34ae-11eb-ac94-3c075467ca63','name','',1606920853,_binary '\".pydio\"','json'),('3d2ba55e-34ae-11eb-ac94-3c075467ca63','name','',1606920853,_binary '\".pydio\"','json'),('3d2c4f68-34ae-11eb-ac94-3c075467ca63','name','',1606920853,_binary '\".pydio\"','json'),('3d2dba4c-34ae-11eb-ac94-3c075467ca63','name','',1606920853,_binary '\".pydio\"','json'),('3d2f2422-34ae-11eb-ac94-3c075467ca63','name','',1606920854,_binary '\".pydio\"','json'),('3d3092bc-34ae-11eb-ac94-3c075467ca63','name','',1606920854,_binary '\".pydio\"','json'),('3d3120c4-34ae-11eb-ac94-3c075467ca63','name','',1606920854,_binary '\".pydio\"','json'),('3d31b912-34ae-11eb-ac94-3c075467ca63','name','',1606920854,_binary '\".pydio\"','json'),('3d3370c2-34ae-11eb-ac94-3c075467ca63','name','',1606920854,_binary '\".pydio\"','json'),('3d34e628-34ae-11eb-ac94-3c075467ca63','name','',1606920854,_binary '\".pydio\"','json'),('3d4e02a2-34ae-11eb-ac94-3c075467ca63','name','',1606920854,_binary '\".pydio\"','json'),('3d4f6e62-34ae-11eb-ac94-3c075467ca63','name','',1606920854,_binary '\".pydio\"','json'),('3d5220da-34ae-11eb-ac94-3c075467ca63','name','',1606920854,_binary '\".pydio\"','json'),('3d5c04e2-34ae-11eb-ac94-3c075467ca63','name','',1606920854,_binary '\".pydio\"','json'),('3d5cf91a-34ae-11eb-ac94-3c075467ca63','name','',1606920854,_binary '\".pydio\"','json'),('3d5df54a-34ae-11eb-ac94-3c075467ca63','name','',1606920854,_binary '\".pydio\"','json'),('3d5f77a8-34ae-11eb-ac94-3c075467ca63','name','',1606920854,_binary '\".pydio\"','json'),('3d600b82-34ae-11eb-ac94-3c075467ca63','name','',1606920854,_binary '\".pydio\"','json'),('3d612bd4-34ae-11eb-ac94-3c075467ca63','name','',1606920854,_binary '\".pydio\"','json'),('3d625ff4-34ae-11eb-ac94-3c075467ca63','name','',1606920854,_binary '\".pydio\"','json'),('3d63af80-34ae-11eb-ac94-3c075467ca63','name','',1606920854,_binary '\".pydio\"','json'),('3d644a6c-34ae-11eb-ac94-3c075467ca63','name','',1606920854,_binary '\".pydio\"','json'),('3d64e7f6-34ae-11eb-ac94-3c075467ca63','name','',1606920854,_binary '\".pydio\"','json'),('3d65a4e8-34ae-11eb-ac5b-3c075467ca63','name','',1606920854,_binary '\".pydio\"','json'),('3d6660c2-34ae-11eb-ac5b-3c075467ca63','name','',1606920854,_binary '\".pydio\"','json'),('3d66e18c-34ae-11eb-ac5b-3c075467ca63','name','',1606920854,_binary '\".pydio\"','json'),('3d67146b-df06-4b78-88fe-8c0b1299bfe8','name','',1606920853,_binary '\"subfolder_0a864cd2aa-2\"','json'),('3d67313c-34ae-11eb-ac94-3c075467ca63','name','',1606920854,_binary '\".pydio\"','json'),('3d675cc0-34ae-11eb-ac5b-3c075467ca63','name','',1606920854,_binary '\".pydio\"','json'),('3d67e6ae-34ae-11eb-ac5b-3c075467ca63','name','',1606920854,_binary '\".pydio\"','json'),('3d683f28-34ae-11eb-ac94-3c075467ca63','name','',1606920854,_binary '\".pydio\"','json'),('3d6860a2-34ae-11eb-ac5b-3c075467ca63','name','',1606920854,_binary '\".pydio\"','json'),('3d69f3ea-34ae-11eb-ac5b-3c075467ca63','name','',1606920854,_binary '\".pydio\"','json'),('3d6a8dd2-34ae-11eb-ac5b-3c075467ca63','name','',1606920854,_binary '\".pydio\"','json'),('3d6b0cbc-34ae-11eb-ac5b-3c075467ca63','name','',1606920854,_binary '\".pydio\"','json'),('3d6b8a98-34ae-11eb-ac5b-3c075467ca63','name','',1606920854,_binary '\".pydio\"','json'),('3d6c249e-34ae-11eb-ac5b-3c075467ca63','name','',1606920854,_binary '\".pydio\"','json'),('3d6d52e2-34ae-11eb-ac5b-3c075467ca63','name','',1606920854,_binary '\".pydio\"','json'),('3d6df710-34ae-11eb-ac5b-3c075467ca63','name','',1606920854,_binary '\".pydio\"','json'),('3d6e73ac-34ae-11eb-ac5b-3c075467ca63','name','',1606920854,_binary '\".pydio\"','json'),('3d77ab16-34ae-11eb-ac5b-3c075467ca63','name','',1606920854,_binary '\".pydio\"','json'),('3d799bf6-34ae-11eb-ac5b-3c075467ca63','name','',1606920854,_binary '\".pydio\"','json'),('3d7a3d0e-34ae-11eb-ac5b-3c075467ca63','name','',1606920854,_binary '\".pydio\"','json'),('3d7ae628-34ae-11eb-ac5b-3c075467ca63','name','',1606920854,_binary '\".pydio\"','json'),('3d7c7f38-34ae-11eb-ac5b-3c075467ca63','name','',1606920854,_binary '\".pydio\"','json'),('3d7e0e02-34ae-11eb-ac5b-3c075467ca63','name','',1606920854,_binary '\".pydio\"','json'),('3d837ce8-34ae-11eb-ac5b-3c075467ca63','name','',1606920854,_binary '\".pydio\"','json'),('3d8e979a-34ae-11eb-ac5b-3c075467ca63','name','',1606920854,_binary '\".pydio\"','json'),('3d90b390-34ae-11eb-ac5b-3c075467ca63','name','',1606920854,_binary '\".pydio\"','json'),('3d9285da-34ae-11eb-ac5b-3c075467ca63','name','',1606920854,_binary '\".pydio\"','json'),('3d9328e6-34ae-11eb-ac5b-3c075467ca63','name','',1606920854,_binary '\".pydio\"','json'),('3d9500ee-34ae-11eb-ac5b-3c075467ca63','name','',1606920854,_binary '\".pydio\"','json'),('3d9859d8-34ae-11eb-ac5b-3c075467ca63','name','',1606920854,_binary '\".pydio\"','json'),('3d9a4b26-34ae-11eb-ac5b-3c075467ca63','name','',1606920854,_binary '\".pydio\"','json'),('3d9ad05a-34ae-11eb-ac5b-3c075467ca63','name','',1606920854,_binary '\".pydio\"','json'),('3d9b4f4e-34ae-11eb-ac5b-3c075467ca63','name','',1606920854,_binary '\".pydio\"','json'),('3d9c52c2-34ae-11eb-ac5b-3c075467ca63','name','',1606920854,_binary '\".pydio\"','json'),('3d9d7f3a-34ae-11eb-ac5b-3c075467ca63','name','',1606920854,_binary '\".pydio\"','json'),('3d9e8218-34ae-11eb-ac5b-3c075467ca63','name','',1606920854,_binary '\".pydio\"','json'),('3d9f07f6-34ae-11eb-ac5b-3c075467ca63','name','',1606920854,_binary '\".pydio\"','json'),('3d9f97b6-34ae-11eb-ac5b-3c075467ca63','name','',1606920854,_binary '\".pydio\"','json'),('3da0a78c-34ae-11eb-ac5b-3c075467ca63','name','',1606920854,_binary '\".pydio\"','json'),('3da1a0f6-34ae-11eb-ac5b-3c075467ca63','name','',1606920854,_binary '\".pydio\"','json'),('3db5dfc6-34ae-11eb-ac5b-3c075467ca63','name','',1606920854,_binary '\".pydio\"','json'),('3db8b1f6-34ae-11eb-ac5b-3c075467ca63','name','',1606920854,_binary '\".pydio\"','json'),('3db9d8e2-34ae-11eb-ac5b-3c075467ca63','name','',1606920854,_binary '\".pydio\"','json'),('3dbac216-34ae-11eb-ac5b-3c075467ca63','name','',1606920854,_binary '\".pydio\"','json'),('3dbc3538-34ae-11eb-ac5b-3c075467ca63','name','',1606920854,_binary '\".pydio\"','json'),('3dbdc2c2-34ae-11eb-ac5b-3c075467ca63','name','',1606920854,_binary '\".pydio\"','json'),('3dbe6164-34ae-11eb-ac5b-3c075467ca63','name','',1606920854,_binary '\".pydio\"','json'),('3dbfe3c2-34ae-11eb-ac5b-3c075467ca63','name','',1606920854,_binary '\".pydio\"','json'),('3dc13c04-34ae-11eb-ac5b-3c075467ca63','name','',1606920854,_binary '\".pydio\"','json'),('3dc1eeec-34ae-11eb-ac5b-3c075467ca63','name','',1606920854,_binary '\".pydio\"','json'),('3dc3c05a-34ae-11eb-ac5b-3c075467ca63','name','',1606920854,_binary '\".pydio\"','json'),('3dc5394e-34ae-11eb-ac5b-3c075467ca63','name','',1606920854,_binary '\".pydio\"','json'),('3dc5d4f8-34ae-11eb-ac5b-3c075467ca63','name','',1606920854,_binary '\".pydio\"','json'),('3dc73bfe-34ae-11eb-ac5b-3c075467ca63','name','',1606920854,_binary '\".pydio\"','json'),('3dcd1312-34ae-11eb-ac5b-3c075467ca63','name','',1606920854,_binary '\".pydio\"','json'),('3dd812d0-34ae-11eb-ac5b-3c075467ca63','name','',1606920854,_binary '\".pydio\"','json'),('3de2f236-34ae-11eb-ac5b-3c075467ca63','name','',1606920854,_binary '\".pydio\"','json'),('3df318be-34ae-11eb-ac5b-3c075467ca63','name','',1606920854,_binary '\".pydio\"','json'),('3df49c2a-34ae-11eb-ac5b-3c075467ca63','name','',1606920854,_binary '\".pydio\"','json'),('3df600c4-34ae-11eb-ac5b-3c075467ca63','name','',1606920854,_binary '\".pydio\"','json'),('3df6f452-34ae-11eb-ac5b-3c075467ca63','name','',1606920854,_binary '\".pydio\"','json'),('3df8063a-34ae-11eb-ac5b-3c075467ca63','name','',1606920854,_binary '\".pydio\"','json'),('3df8cab6-34ae-11eb-ac5b-3c075467ca63','name','',1606920854,_binary '\".pydio\"','json'),('3df973f8-34ae-11eb-ac5b-3c075467ca63','name','',1606920854,_binary '\".pydio\"','json'),('3dfa2b5e-34ae-11eb-ac5b-3c075467ca63','name','',1606920854,_binary '\".pydio\"','json'),('3dfb7d92-34ae-11eb-ac5b-3c075467ca63','name','',1606920854,_binary '\".pydio\"','json'),('3dfd45dc-34ae-11eb-ac5b-3c075467ca63','name','',1606920854,_binary '\".pydio\"','json'),('3dfe2902-34ae-11eb-ac5b-3c075467ca63','name','',1606920854,_binary '\".pydio\"','json'),('3dff5e4e-34ae-11eb-ac5b-3c075467ca63','name','',1606920854,_binary '\".pydio\"','json'),('3e002b26-34ae-11eb-ac5b-3c075467ca63','name','',1606920854,_binary '\".pydio\"','json'),('3e01ee84-34ae-11eb-ac5b-3c075467ca63','name','',1606920854,_binary '\".pydio\"','json'),('3e0376fa-34ae-11eb-ac5b-3c075467ca63','name','',1606920854,_binary '\".pydio\"','json'),('3e05f088-34ae-11eb-ac5b-3c075467ca63','name','',1606920854,_binary '\".pydio\"','json'),('3e0aa3c6-34ae-11eb-ac5b-3c075467ca63','name','',1606920854,_binary '\".pydio\"','json'),('3e0dc128-34ae-11eb-ac5b-3c075467ca63','name','',1606920854,_binary '\".pydio\"','json'),('3e239800-1f65-4659-9343-a3b73db17d6e','name','',1606920851,_binary '\"testMove_target_d11b\"','json'),('3e7e0ebc-72c5-49e4-accc-628cbad57b5c','name','',1606920854,_binary '\"subfolder-0\"','json'),('3f3b8a62-508d-48e9-bc4a-18d59a2005fd','name','',1606920854,_binary '\"recycle_bin\"','json'),('4010d963-197d-4bef-a18a-3bd8243f6d95','name','',1606920852,_binary '\"subfolder_831913ad7a-2\"','json'),('42054a5d-40ed-4462-a466-bb1dea4fb975','name','',1606920851,_binary '\"subfolder_831913ad7a-1\"','json'),('42e59aef-3911-4501-b2d9-738c8ea308ca','name','',1606920854,_binary '\"global-ws_versioned-ws_copy-src_da62c7c3d2\"','json'),('42e8dace-0612-4d08-8557-97a4dc6622de','name','',1606914950,_binary '\".pydio\"','json'),('436eb588-f35d-4969-820f-1a4d4e33ca3a','name','',1606920854,_binary '\"testFileDsMove-target-9341\"','json'),('44f0ce77-5be0-49e7-8846-508322cfe691','name','',1606920854,_binary '\"sub-folder-A-0\"','json'),('454c8fc0-62ef-478c-a857-ad40c732ba0c','name','',1606920853,_binary '\"recycle_bin\"','json'),('45757149-db3c-4168-80ba-c01e77ceef06','name','',1606920854,_binary '\"sub-folder-A-1\"','json'),('466e0090-1965-471d-9473-a95b3a2a9ef6','name','',1606920854,_binary '\"copySrcFolder_09a0b7c68b\"','json'),('488e61c6-df58-448a-9e08-3da2ba3bf8c0','name','',1606920854,_binary '\"copySrcFolder_2d2ede05a8\"','json'),('493e8831-3311-4e63-a878-734c316a0582','name','',1606920854,_binary '\"subfolder_09a0b7c68b-2\"','json'),('4a572787-3c33-4637-b266-1a4c9fc19cd7','name','',1606920853,_binary '\"subfolder-1\"','json'),('4b575dba-cc9b-4c6a-8875-9baed3bb1bd3','name','',1606920851,_binary '\"sub-folder-A-0\"','json'),('4f66b604-abe8-408f-91b2-ecf5e5e20ed8','name','',1606920854,_binary '\"DAV_TEST_f5f661ff21\"','json'),('52afa668-d6f6-4cba-887f-922075081495','name','',1606920853,_binary '\"subfolder_0a864cd2aa-1\"','json'),('533acf02-6cf5-4a1d-b0a3-cf6821d4ad2d','name','',1606920851,_binary '\"subfolder-1\"','json'),('541353a1-6ed8-4a27-abe9-c3add113eac4','name','',1606920851,_binary '\"subfolder-1\"','json'),('5584f7f5-5799-4827-82a4-11de278408dd','name','',1606914879,_binary '\".pydio\"','json'),('5669ce45-0282-4753-829c-0daf110f6326','name','',1606920854,_binary '\"sub-folder-A-1\"','json'),('56c2a844-930a-463a-939f-8245f7e0b94a','name','',1606920854,_binary '\"testFileDsMove-target-3148\"','json'),('572a9425-026f-4603-acc4-aa7abd7496d8','name','',1606920851,_binary '\"sub-folder-A-1\"','json'),('589293b4-5da4-4892-9e64-8d5656ac0520','name','',1606920854,_binary '\"encrypted-ws_global-ws_testMove-src_9d6e\"','json'),('59deb714-c796-4c4f-8051-a77a0a3d8997','name','',1606920854,_binary '\"pagination_testing_folder_ab40241a77\"','json'),('5a2992bd-0bfd-41cc-978c-d1702614ad89','name','',1606920854,_binary '\"encrypted-ws_global-ws_copy-src_d2c164f74f\"','json'),('5b14fb8e-e733-44b4-8273-de4653a1b8b1','name','',1606920852,_binary '\".pydio\"','json'),('5baf53a6-e76b-4034-a7c6-36110ef9da34','name','',1606920851,_binary '\"subfolder_831913ad7a-0\"','json'),('5c1551a7-ec44-4648-8752-b2109fc60a30','name','',1606920852,_binary '\"subfolder_831913ad7a-0\"','json'),('5d45cf2f-d7f0-4358-90b7-49173092ccc6','name','',1606920851,_binary '\"subfolder-0\"','json'),('5f886418-bc64-4bcc-8af0-1a10c2410ed3','name','',1606920853,_binary '\"subfolder-1\"','json'),('6049fe99-be6c-4c63-9e4e-d7946c660cdd','name','',1606920854,_binary '\"DAV_TEST_10f30ac409\"','json'),('616d6889-4df5-4b97-a2f0-fad048087e06','name','',1606920853,_binary '\"global-ws_versioned-ws_testMove-src_c12f\"','json'),('61a1910b-274a-4a7c-b7b9-262db73e3f85','name','',1606920853,_binary '\"subfolder-1\"','json'),('62096d42-f270-42e4-942b-59ff9ad4a454','name','',1606920854,_binary '\"subfolder_2d2ede05a8-0\"','json'),('621fa555-8bcb-4744-afa8-5969826dd2fe','name','',1606920854,_binary '\"test_acl_workspace_a1f15e438e\"','json'),('62388f65-663c-4f6b-9d21-05490afeca48','name','',1606920854,_binary '\"TestGraphService-b8f0\"','json'),('65ae5e63-7e60-4745-aa39-0a09d774f2c1','name','',1606920852,_binary '\"sub-folder-A-1\"','json'),('673a929f-8c19-4784-a773-a3d481783a7f','name','',1606920853,_binary '\"subfolder_318b3f0a5d-1\"','json'),('68758203-ba73-4986-b154-43e8bf873484','name','',1606920854,_binary '\"testLink-moveTarget-1da7\"','json'),('69d6e296-e471-4946-913f-88a2869884e3','name','',1606920852,_binary '\"copy-from_global-ws_target_bcc2c86851\"','json'),('6ab25ff2-5f4a-4cad-94ba-f56b8ef5f344','name','',1606920853,_binary '\"sub-folder-A-1\"','json'),('6cfdeae1-e58b-430b-82e2-0b88fc6472ff','name','',1606920854,_binary '\"global-ws_encrypted-ws_copy-src_fd8ee48bdd\"','json'),('6d573210-4f69-4351-8b5f-115597efe938','name','',1606920854,_binary '\"sub-folder-A-0\"','json'),('6e0fe6c5-35cc-4e4a-bee8-e0f47cae0b81','name','',1606920853,_binary '\"subfolder_318b3f0a5d-0\"','json'),('6eaae272-6ec3-46c2-a661-2d19943db5ef','name','',1606920851,_binary '\"subfolder-1\"','json'),('6fce47be-8809-48e6-9313-cbacaad0e8b6','name','',1606920575,_binary '\"admin\"','json'),('702c49e0-194f-4523-b5bb-2431ebab7233','name','',1606920854,_binary '\"subfolder_2d2ede05a8-1\"','json'),('7030c10f-4298-4d4f-95f1-96f4cd74c20e','name','',1606914890,_binary '\".pydio\"','json'),('72f38b6b-ab5f-4c93-801f-0fab997259be','name','',1606920854,_binary '\"global-ws_encrypted-ws_copy-src_bcc2c86851\"','json'),('7358e07a-d2df-4128-936e-74c94280ac3e','name','',1606920851,_binary '\"sub-folder-A-0\"','json'),('75f0b01d-757e-4b79-86e2-3d980c199842','name','',1606920853,_binary '\"subfolder_0a864cd2aa-1\"','json'),('7603c3e6-fb47-463e-b3e0-f832cec19fbc','name','',1606920853,_binary '\"subfolder_318b3f0a5d-2\"','json'),('77c90640-9930-4a32-85a6-a94af08a687b','name','',1606920852,_binary '\"copyTargetFolder_831913ad7a\"','json'),('788ec382-4d29-4115-8506-cb9ea3730270','name','',1606920854,_binary '\"subfolder_09a0b7c68b-1\"','json'),('7968733c-5ede-4399-aa21-b27daac40332','name','',1606920854,_binary '\"TestWsCRUD-RootFolder_afaa\"','json'),('7bc0371e-3aac-409e-bd32-a1ad99802a72','name','',1606920854,_binary '\"TestSlugIncrement-RootFolder_d05291b875\"','json'),('7cb93d39-8a67-4ac6-b337-11967a39d22e','name','',1606920851,_binary '\"testMove_target_dbc8\"','json'),('7cd1c5f3-7cb8-4c43-878b-2de5ad22582c','name','',1606920853,_binary '\"sub-folder-A-1\"','json'),('7e9d059a-9374-4627-9485-268a52a445b6','name','',1606920853,_binary '\"subfolder_318b3f0a5d-1\"','json'),('7fb592e9-e7e9-418a-9f74-e3c68899588f','name','',1606920851,_binary '\"TestSharingMoveAccrossDs-33bb\"','json'),('7ff72d0c-702d-4bfc-ad4d-25842cc08a30','name','',1606920854,_binary '\"subfolder-0\"','json'),('7ffa1887-09bd-4ad2-92de-f207a9aad37d','name','',1606920854,_binary '\"copyTargetFolder_09a0b7c68b\"','json'),('8128128a-45e3-495f-b689-8f3ce0c069cb','name','',1606920851,_binary '\"testMove_orig_d11b\"','json'),('81478b8d-35e7-4af3-9eec-e2f8e8b15406','name','',1606920854,_binary '\"encrypted-ws_global-ws_testMove-src_8bac\"','json'),('814cbf7f-11e9-4303-9887-27679a75ffd2','name','',1606920854,_binary '\"WebDav_dummy_folder-dbb0fc9b80\"','json'),('82aeed2e-07be-44b9-a13b-f05af30311f3','name','',1606920854,_binary '\"subfolder-2\"','json'),('82f7072e-87a6-4cdf-b53c-b0b10556eed5','name','',1606920851,_binary '\"copySrcFolder_affcb789e8\"','json'),('836c4dac-ac8e-4414-aef7-89e98506fab5','name','',1606920854,_binary '\"subfolder-1\"','json'),('876416ea-5396-4781-aef4-076be8dd3dde','name','',1606920851,_binary '\"subfolder_affcb789e8-0\"','json'),('87702a66-8c13-4b85-969f-41d0b55c47d2','name','',1606920853,_binary '\"sub-folder-A-0\"','json'),('87b032fb-1195-4815-98a4-1884b9ae35b7','name','',1606920851,_binary '\"subfolder-1\"','json'),('884c495d-79d4-45eb-8e57-a86c7d1b50c1','name','',1606920853,_binary '\"subfolder_0a864cd2aa-2\"','json'),('88b25b86-a300-4703-a2b6-b203b5cadd63','name','',1606920852,_binary '\"sub-folder-A-0\"','json'),('8b1ddfdc-53b1-4c33-bafd-9f4655d6e7a2','name','',1606920854,_binary '\"copySrcFolder_09a0b7c68b\"','json'),('8b1e4b1c-ac22-4f9e-b767-5c1258b6b748','name','',1606920854,_binary '\".pydio\"','json'),('8f30fca0-3254-4b98-a70b-d7d2304cc8e2','name','',1606920852,_binary '\"sub-folder-A-1\"','json'),('8f886500-f29e-4247-a205-45f500504484','name','',1606914937,_binary '\".pydio\"','json'),('8f976b94-89c9-412b-b01b-eab16d75d9b8','name','',1606920854,_binary '\".pydio\"','json'),('8fcc73f7-d301-488d-ab19-9d4b30019b5d','name','',1606920854,_binary '\"testMove_orig_1c0c\"','json'),('8ffa8a72-7aeb-4b7a-b2f8-db46b8ecc8b3','name','',1606920853,_binary '\"copySrcFolder_318b3f0a5d\"','json'),('906d1450-6c6d-4523-b0fd-1e172b0fd8df','name','',1606920854,_binary '\"testMove_target_fde2\"','json'),('90ea29a0-b4a2-4695-811f-86756d441bda','name','',1606920851,_binary '\"copyTargetFolder_affcb789e8\"','json'),('924745bd-c53f-43bb-92dd-f6576714f53b','name','',1606920853,_binary '\"subfolder-0\"','json'),('9495b599-5a70-4993-8874-371697de640a','name','',1606920851,_binary '\"recycle_bin\"','json'),('9525b76f-18a9-4be6-80a3-21017149ea6b','name','',1606920854,_binary '\".pydio\"','json'),('9766f9f1-9543-4e18-bdbf-f8f0c746e993','name','',1606920854,_binary '\"copySrcFolder_2d2ede05a8\"','json'),('9792a8ea-cd1f-4302-a9da-5b87a2b53d2d','name','',1606920854,_binary '\"subfolder-2\"','json'),('99bfa7f3-ae4a-46a3-a1ea-97d216cca73b','name','',1606920854,_binary '\"test_quota_acl_workspace_3b469237f4\"','json'),('9a4307a7-3e6c-4c62-bbcc-1e69178956ea','name','',1606920854,_binary '\"WebDav_dummy_folder-686d2d7545\"','json'),('9b8539de-5545-4feb-8a2d-670635bb6d4a','name','',1606920853,_binary '\"subfolder_0a864cd2aa-0\"','json'),('9cb03d7b-13da-4eb4-b393-b3c48dd24825','name','',1606920853,_binary '\"subfolder-2\"','json'),('9dcfa7bb-c5e5-4339-9de9-adbfa6d9637c','name','',1606920854,_binary '\"subfolder_09a0b7c68b-1\"','json'),('9e8be699-bfbd-46d4-9dda-cebaa7fdcac1','name','',1606920854,_binary '\"subfolder_2d2ede05a8-0\"','json'),('a1cdccb1-6511-432a-b782-b51e8b49cfb5','name','',1606920853,_binary '\".pydio\"','json'),('a20ac910-41be-4055-9a88-d8f9313c36b7','name','',1606920854,_binary '\"sub-folder-A-1\"','json'),('a3e30eb1-9f5c-4fb0-8708-e334ff10583c','name','',1606920853,_binary '\"global-ws_versioned-ws_copy-src_da62c7c3d2\"','json'),('a4f82e2f-7a77-46b9-9d5d-ab792b5838d5','name','',1606920854,_binary '\"testMove_target_1c0c\"','json'),('a5bce560-b853-42cc-b800-f99312e93568','name','',1606920853,_binary '\"testMove_orig_df65\"','json'),('a7af38d1-7f7b-4cfa-bd48-8de578bdc316','name','',1606920854,_binary '\"sub-folder-A-0\"','json'),('ac0c2c4c-7a57-4136-a5e3-35b10d2610be','name','',1606920854,_binary '\"testProtectedLink-moveTarget-90ac\"','json'),('adff02ba-389f-423c-a3cf-49291cafc486','name','',1606920853,_binary '\"sub-folder-A-0\"','json'),('afa6299d-444e-4734-94ab-b9d03e3333f8','name','',1606920854,_binary '\".pydio\"','json'),('b2068631-6e1d-4a76-aede-7a3ae3126b32','name','',1606920853,_binary '\"subfolder_0a864cd2aa-0\"','json'),('b280ce18-60cb-4f45-ab87-48132e45d092','name','',1606920851,_binary '\"subfolder-0\"','json'),('b30e063f-b8b6-4141-93bd-dadfc23d9a05','name','',1606920853,_binary '\".pydio\"','json'),('b5fd30f4-a077-4378-8dd9-138a38c60171','name','',1606920853,_binary '\"subfolder-2\"','json'),('b659e295-a4cb-43ce-835c-6547d8afd937','name','',1606920853,_binary '\"copyTargetFolder_0a864cd2aa\"','json'),('baa7f7a8-3ad7-43fe-ac89-7b2ad88d2999','name','',1606920851,_binary '\"encrypted-ws_global-ws_copy-src_c497c03354\"','json'),('bad64fc1-591d-4073-ac35-640c37e8e91e','name','',1606920854,_binary '\"subfolder_2d2ede05a8-1\"','json'),('bb22fe6b-ebc3-4227-a277-05d420e684ee','name','',1606920854,_binary '\".pydio\"','json'),('bb559132-e5a1-4f64-8e25-a838b5045735','name','',1606920854,_binary '\"subfolder-0\"','json'),('bc4cadcb-d1c7-4d2f-b389-78c111785e64','name','',1606920853,_binary '\"testMove_orig_3c3f\"','json'),('bcd7e11e-dd1a-4532-b544-36bb9124d0ca','name','',1606920853,_binary '\"copySrcFolder_0a864cd2aa\"','json'),('bd7df0ae-cd6a-4a7f-916e-592f21a61cda','name','',1606920853,_binary '\"copySrcFolder_0a864cd2aa\"','json'),('bf7360fd-980f-4ca5-b96a-eb0238421126','name','',1606920853,_binary '\"testMove_target_3c3f\"','json'),('c12992d1-e3c5-499c-a5b5-a85dfbee32de','name','',1606920854,_binary '\".pydio\"','json'),('c3009306-e5f7-4a63-839a-a97c6ab63ead','name','',1606920851,_binary '\"subfolder_affcb789e8-1\"','json'),('c3a6ff23-c7b1-4dff-9eb0-f15914bfff3d','name','',1606920853,_binary '\".pydio\"','json'),('c3adceca-5485-4a9c-b96c-e682484dc288','name','',1606920854,_binary '\"testFileMove-target-4f6d\"','json'),('c56105a7-8169-41b6-831a-a8bd25fbd0a7','name','',1606920853,_binary '\"copyTargetFolder_318b3f0a5d\"','json'),('c90e0d1c-7b62-432a-a38c-28fb9f55f2de','name','',1606920576,_binary '\".pydio\"','json'),('ca2142d1-a055-4f42-982c-354df86ebd98','name','',1606920852,_binary '\"TestSharingAndMoveDir-33bb\"','json'),('ca21a010-94ee-4582-a0a2-c6e51b3a912d','name','',1606920851,_binary '\"sub-folder-A-1\"','json'),('ce7fb209-af64-46f4-891b-2282d653ddc9','name','',1606920854,_binary '\"subfolder-1\"','json'),('cfc5569f-fa18-40d7-ae97-cbba0e6621ae','name','',1606920851,_binary '\"encrypted-ws_global-ws_copy-src_d2c164f74f\"','json'),('d37f0af9-ec65-4d50-b119-26cb3e96e0fd','name','',1606920854,_binary '\"sub-folder-A-0\"','json'),('d386f6f3-8f31-4071-8235-b980d12ce8e6','name','',1606920854,_binary '\"f565d5e6b8\"','json'),('d3af7905-4d08-4317-a69f-846b01a9d9d7','name','',1606920853,_binary '\"subfolder-1\"','json'),('d4a5c3e6-3d0c-46e7-b997-325250f787f2','name','',1606920851,_binary '\"subfolder_affcb789e8-1\"','json'),('d511e909-f7e1-4fb0-a6c2-6a14869f6af6','name','',1606920854,_binary '\"subfolder-1\"','json'),('da670825-ca81-4f4b-b973-7c06b1c75d5a','name','',1606920853,_binary '\"global-ws_versioned-ws_copy-src_2a40b4f64f\"','json'),('db469477-797c-48e4-a4f4-bdec414a0a35','name','',1606920854,_binary '\"global-ws_versioned-ws_copy-src_2a40b4f64f\"','json'),('db5f1fa8-0bb6-454c-a621-66d0f20a7068','name','',1606920851,_binary '\"subfolder_affcb789e8-0\"','json'),('de1e4411-314e-4a73-93a7-634fb0f7efe8','name','',1606920854,_binary '\"recycle_bin\"','json'),('deddb56e-5b87-4c75-a1e8-9881e2b13e61','name','',1606920853,_binary '\"testFileMove-target-4606\"','json'),('df54131c-975b-40ac-bdcf-915168c568ab','name','',1606920851,_binary '\"testFileMove-target-a1f5\"','json'),('dfbe8c98-9096-483b-80dd-9e7bcb42dd01','name','',1606920853,_binary '\"testMove_target_df65\"','json'),('e0e24412-3a9f-43da-9da2-49d7f7be9a6a','name','',1606920854,_binary '\"subfolder_09a0b7c68b-0\"','json'),('e1b962cb-3e51-40e8-9818-284ceafca926','name','',1606920852,_binary '\"global-ws_encrypted-ws_testMove-src_e0e4\"','json'),('e1c7f79e-bc8d-4a7c-81e6-816833c2b2ce','name','',1606920854,_binary '\"folder-subscribe-1b2\"','json'),('e30893df-c0ec-4c34-9912-3e8f0c96016b','name','',1606914937,_binary '\"TestSlugIncrement-RootFolder_735edaee5a\"','json'),('e408a9f7-6e76-4b28-ba14-d1b2f59d520c','name','',1606920853,_binary '\"copy-from_global-ws_target_da62c7c3d2\"','json'),('e6a185ad-25c2-46a1-9e06-25b7323f46ef','name','',1606920854,_binary '\"DAV_TEST_4631185c33\"','json'),('e6b8e744-b444-49ab-aba8-5b13697f9d91','name','',1606920854,_binary '\"encrypted-ws_global-ws_copy-src_c497c03354\"','json'),('eb25c24a-000d-4fde-a64b-81f964aa7cf8','name','',1606920853,_binary '\"subfolder_318b3f0a5d-0\"','json'),('ed363e57-5c5b-4c5c-bade-d3a9862b7c22','name','',1606920853,_binary '\"copy-from_global-ws_target_2a40b4f64f\"','json'),('eec3db1c-cbcf-4617-9b40-03ab2bb163a7','name','',1606920854,_binary '\".pydio\"','json'),('eed0a013-dfb9-4bc5-ba4b-4df8d28d9617','name','',1606920854,_binary '\"TestSharingAndMoveTargetDir-33bb\"','json'),('f1b297b9-1279-457f-924a-d04258946779','name','',1606920852,_binary '\"copy-from_global-ws_target_fd8ee48bdd\"','json'),('f2b2837b-efa7-4fd3-b40c-76a0160e5add','name','',1606920854,_binary '\"copyTargetFolder_2d2ede05a8\"','json'),('f3dee3f9-0e8f-4c4a-9df1-3889379e4597','name','',1606920851,_binary '\"subfolder-2\"','json'),('f7c57367-bf5a-4b37-b798-9d6082258220','name','',1606920854,_binary '\"sub-folder-A-1\"','json'),('f8d37dba-e6d1-4fb6-bcd4-1c7725fa96e3','name','',1606914879,_binary '\"TestWsCRUD-RootFolder_cd9f\"','json'),('f928069e-2a27-46bf-a5b6-1ad4866968ca','name','',1606920854,_binary '\"subfolder-1\"','json'),('fabe85e3-128b-4d9c-a6fb-27223cf2a8a6','name','',1606920853,_binary '\"testFileDsMove-target-d230\"','json'),('fe63c64e-7a6e-4e3a-a15c-03b93c5de978','name','',1606920853,_binary '\"global-ws_versioned-ws_testMove-src_4aba\"','json'),('ff89434e-cb02-42c0-8340-bac39e02cff1','name','',1606920854,_binary '\"testFileMove-target-11f0\"','json');
/*!40000 ALTER TABLE `data_meta` ENABLE KEYS */;
UNLOCK TABLES;

--
-- Table structure for table `enc_legacy_nodes`
--

DROP TABLE IF EXISTS `enc_legacy_nodes`;
/*!40101 SET @saved_cs_client     = @@character_set_client */;
/*!50503 SET character_set_client = utf8mb4 */;
CREATE TABLE `enc_legacy_nodes` (
  `node_id` varchar(255) NOT NULL,
  `nonce` longblob,
  `block_size` int DEFAULT NULL,
  PRIMARY KEY (`node_id`)
) ENGINE=InnoDB DEFAULT CHARSET=utf8mb4 COLLATE=utf8mb4_0900_ai_ci;
/*!40101 SET character_set_client = @saved_cs_client */;

--
-- Dumping data for table `enc_legacy_nodes`
--

LOCK TABLES `enc_legacy_nodes` WRITE;
/*!40000 ALTER TABLE `enc_legacy_nodes` DISABLE KEYS */;
/*!40000 ALTER TABLE `enc_legacy_nodes` ENABLE KEYS */;
UNLOCK TABLES;

--
-- Table structure for table `enc_node_blocks`
--

DROP TABLE IF EXISTS `enc_node_blocks`;
/*!40101 SET @saved_cs_client     = @@character_set_client */;
/*!50503 SET character_set_client = utf8mb4 */;
CREATE TABLE `enc_node_blocks` (
  `node_id` varchar(255) NOT NULL,
  `part_id` int DEFAULT NULL,
  `seq_start` int DEFAULT NULL,
  `seq_end` int DEFAULT NULL,
  `block_data_size` int DEFAULT NULL,
  `block_header_size` int DEFAULT NULL,
  `owner` varchar(255) DEFAULT NULL,
  KEY `node_id` (`node_id`),
  CONSTRAINT `enc_node_blocks_ibfk_1` FOREIGN KEY (`node_id`) REFERENCES `enc_nodes` (`node_id`) ON DELETE CASCADE
) ENGINE=InnoDB DEFAULT CHARSET=utf8mb4 COLLATE=utf8mb4_0900_ai_ci;
/*!40101 SET character_set_client = @saved_cs_client */;

--
-- Dumping data for table `enc_node_blocks`
--

LOCK TABLES `enc_node_blocks` WRITE;
/*!40000 ALTER TABLE `enc_node_blocks` DISABLE KEYS */;
/*!40000 ALTER TABLE `enc_node_blocks` ENABLE KEYS */;
UNLOCK TABLES;

--
-- Table structure for table `enc_node_keys`
--

DROP TABLE IF EXISTS `enc_node_keys`;
/*!40101 SET @saved_cs_client     = @@character_set_client */;
/*!50503 SET character_set_client = utf8mb4 */;
CREATE TABLE `enc_node_keys` (
  `node_id` varchar(255) NOT NULL,
  `owner_id` varchar(255) NOT NULL,
  `user_id` varchar(255) NOT NULL,
  `key_data` blob,
  KEY `node_id` (`node_id`),
  CONSTRAINT `enc_node_keys_ibfk_1` FOREIGN KEY (`node_id`) REFERENCES `enc_nodes` (`node_id`) ON DELETE CASCADE
) ENGINE=InnoDB DEFAULT CHARSET=utf8mb4 COLLATE=utf8mb4_0900_ai_ci;
/*!40101 SET character_set_client = @saved_cs_client */;

--
-- Dumping data for table `enc_node_keys`
--

LOCK TABLES `enc_node_keys` WRITE;
/*!40000 ALTER TABLE `enc_node_keys` DISABLE KEYS */;
/*!40000 ALTER TABLE `enc_node_keys` ENABLE KEYS */;
UNLOCK TABLES;

--
-- Table structure for table `enc_nodes`
--

DROP TABLE IF EXISTS `enc_nodes`;
/*!40101 SET @saved_cs_client     = @@character_set_client */;
/*!50503 SET character_set_client = utf8mb4 */;
CREATE TABLE `enc_nodes` (
  `node_id` varchar(255) NOT NULL,
  `legacy` int DEFAULT '1',
  PRIMARY KEY (`node_id`)
) ENGINE=InnoDB DEFAULT CHARSET=utf8mb4 COLLATE=utf8mb4_0900_ai_ci;
/*!40101 SET character_set_client = @saved_cs_client */;

--
-- Dumping data for table `enc_nodes`
--

LOCK TABLES `enc_nodes` WRITE;
/*!40000 ALTER TABLE `enc_nodes` DISABLE KEYS */;
/*!40000 ALTER TABLE `enc_nodes` ENABLE KEYS */;
UNLOCK TABLES;

--
-- Table structure for table `gorp_migrations`
--

DROP TABLE IF EXISTS `gorp_migrations`;
/*!40101 SET @saved_cs_client     = @@character_set_client */;
/*!50503 SET character_set_client = utf8mb4 */;
CREATE TABLE `gorp_migrations` (
  `id` varchar(255) NOT NULL,
  `applied_at` datetime DEFAULT NULL,
  PRIMARY KEY (`id`)
) ENGINE=InnoDB DEFAULT CHARSET=utf8;
/*!40101 SET character_set_client = @saved_cs_client */;

--
-- Dumping data for table `gorp_migrations`
--

LOCK TABLES `gorp_migrations` WRITE;
/*!40000 ALTER TABLE `gorp_migrations` DISABLE KEYS */;
INSERT INTO `gorp_migrations` VALUES ('1','2020-12-02 13:10:47'),('2','2020-12-02 13:10:47'),('3','2020-12-02 13:10:47'),('data_index_cellsdata_idx_0.1.sql','2020-12-02 13:10:39'),('data_index_cellsdata_idx_0.2.sql','2020-12-02 13:10:40'),('data_index_cellsdata_idx_0.3.sql','2020-12-02 13:10:40'),('data_index_cellsdata_idx_0.4.sql','2020-12-02 13:10:41'),('data_index_encryptedsb051_idx_0.1.sql','2020-12-02 13:12:24'),('data_index_encryptedsb051_idx_0.2.sql','2020-12-02 13:12:24'),('data_index_encryptedsb051_idx_0.3.sql','2020-12-02 13:12:24'),('data_index_encryptedsb051_idx_0.4.sql','2020-12-02 13:12:24'),('data_index_encrypted_idx_0.1.sql','2020-12-02 13:11:44'),('data_index_encrypted_idx_0.2.sql','2020-12-02 13:11:44'),('data_index_encrypted_idx_0.3.sql','2020-12-02 13:11:44'),('data_index_encrypted_idx_0.4.sql','2020-12-02 13:11:44'),('data_index_globalds_idx_0.1.sql','2020-12-02 13:11:24'),('data_index_globalds_idx_0.2.sql','2020-12-02 13:11:24'),('data_index_globalds_idx_0.3.sql','2020-12-02 13:11:24'),('data_index_globalds_idx_0.4.sql','2020-12-02 13:11:24'),('data_index_personal_idx_0.1.sql','2020-12-02 13:10:39'),('data_index_personal_idx_0.2.sql','2020-12-02 13:10:40'),('data_index_personal_idx_0.3.sql','2020-12-02 13:10:40'),('data_index_personal_idx_0.4.sql','2020-12-02 13:10:41'),('data_index_pydiods1_idx_0.1.sql','2020-12-02 13:10:39'),('data_index_pydiods1_idx_0.2.sql','2020-12-02 13:10:40'),('data_index_pydiods1_idx_0.3.sql','2020-12-02 13:10:40'),('data_index_pydiods1_idx_0.4.sql','2020-12-02 13:10:41'),('data_index_testdscrud6817_idx_0.1.sql','2020-12-02 13:12:14'),('data_index_testdscrud6817_idx_0.2.sql','2020-12-02 13:12:14'),('data_index_testdscrud6817_idx_0.3.sql','2020-12-02 13:12:14'),('data_index_testdscrud6817_idx_0.4.sql','2020-12-02 13:12:14'),('data_index_versioned_idx_0.1.sql','2020-12-02 13:11:34'),('data_index_versioned_idx_0.2.sql','2020-12-02 13:11:34'),('data_index_versioned_idx_0.3.sql','2020-12-02 13:11:34'),('data_index_versioned_idx_0.4.sql','2020-12-02 13:11:34'),('data_key_data-key.0.1.sql','2020-12-02 13:10:36'),('data_key_data-key.0.2.sql','2020-12-02 13:10:36'),('data_key_data-key.0.3.sql','2020-12-02 13:10:37'),('data_meta_0.1.sql','2020-12-02 13:10:34'),('data_meta_0.2.sql','2020-12-02 13:10:34'),('idm_acl_0.1.sql','2020-12-02 13:10:35'),('idm_acl_0.2.sql','2020-12-02 13:10:35'),('idm_acl_0.3.sql','2020-12-02 13:10:35'),('idm_key_0.1.sql','2020-12-02 13:10:34'),('idm_oauth__0.1.sql','2020-12-02 13:10:34'),('idm_oauth__0.2.sql','2020-12-02 13:10:35'),('idm_policy_0.1.sql','2020-12-02 13:10:47'),('idm_role_0.1.sql','2020-12-02 13:10:36'),('idm_role_0.2.sql','2020-12-02 13:10:36'),('idm_role_0.3.sql','2020-12-02 13:10:36'),('idm_role_policies_0.1.sql','2020-12-02 13:10:36'),('idm_user_0.1.sql','2020-12-02 13:10:40'),('idm_user_0.2.sql','2020-12-02 13:10:40'),('idm_user_0.3.sql','2020-12-02 13:10:40'),('idm_user_0.4.sql','2020-12-02 13:10:40'),('idm_user_idx_0.1.sql','2020-12-02 13:10:38'),('idm_user_idx_0.2.sql','2020-12-02 13:10:39'),('idm_user_idx_0.3.sql','2020-12-02 13:10:39'),('idm_user_idx_0.4.sql','2020-12-02 13:10:40'),('idm_user_policies_0.1.sql','2020-12-02 13:10:38'),('idm_usr_meta_0.1.sql','2020-12-02 13:10:34'),('idm_usr_meta_ns_0.1.sql','2020-12-02 13:10:35'),('idm_usr_meta_policies_0.1.sql','2020-12-02 13:10:34'),('idm_workspace_0.1.sql','2020-12-02 13:10:36'),('idm_workspace_policies_0.1.sql','2020-12-02 13:10:36');
/*!40000 ALTER TABLE `gorp_migrations` ENABLE KEYS */;
UNLOCK TABLES;

--
-- Table structure for table `hydra_client`
--

DROP TABLE IF EXISTS `hydra_client`;
/*!40101 SET @saved_cs_client     = @@character_set_client */;
/*!50503 SET character_set_client = utf8mb4 */;
CREATE TABLE `hydra_client` (
  `id` varchar(255) NOT NULL,
  `client_name` text NOT NULL,
  `client_secret` text NOT NULL,
  `redirect_uris` text NOT NULL,
  `grant_types` text NOT NULL,
  `response_types` text NOT NULL,
  `scope` text NOT NULL,
  `owner` text NOT NULL,
  `policy_uri` text NOT NULL,
  `tos_uri` text NOT NULL,
  `client_uri` text NOT NULL,
  `logo_uri` text NOT NULL,
  `contacts` text NOT NULL,
  `client_secret_expires_at` int NOT NULL DEFAULT '0',
  `sector_identifier_uri` text NOT NULL,
  `jwks` text NOT NULL,
  `jwks_uri` text NOT NULL,
  `request_uris` text NOT NULL,
  `token_endpoint_auth_method` varchar(25) NOT NULL DEFAULT '',
  `request_object_signing_alg` varchar(10) NOT NULL DEFAULT '',
  `userinfo_signed_response_alg` varchar(10) NOT NULL DEFAULT '',
  `subject_type` varchar(15) NOT NULL DEFAULT '',
  `allowed_cors_origins` text NOT NULL,
  `pk` int unsigned NOT NULL AUTO_INCREMENT,
  `audience` text NOT NULL,
  `created_at` timestamp NOT NULL DEFAULT CURRENT_TIMESTAMP,
  `updated_at` timestamp NOT NULL DEFAULT CURRENT_TIMESTAMP,
  `frontchannel_logout_uri` text NOT NULL,
  `frontchannel_logout_session_required` tinyint(1) NOT NULL DEFAULT '0',
  `post_logout_redirect_uris` text NOT NULL,
  `backchannel_logout_uri` text NOT NULL,
  `backchannel_logout_session_required` tinyint(1) NOT NULL DEFAULT '0',
  PRIMARY KEY (`pk`),
  UNIQUE KEY `hydra_client_idx_id_uq` (`id`)
) ENGINE=InnoDB AUTO_INCREMENT=5 DEFAULT CHARSET=utf8mb4 COLLATE=utf8mb4_0900_ai_ci;
/*!40101 SET character_set_client = @saved_cs_client */;

--
-- Dumping data for table `hydra_client`
--

LOCK TABLES `hydra_client` WRITE;
/*!40000 ALTER TABLE `hydra_client` DISABLE KEYS */;
INSERT INTO `hydra_client` VALUES ('cells-frontend','CellsFrontend Application','$2a$10$.XhOgGTTUyz3ILYCARKIHelHXW7ypcgYJNZdnVOS2K4rpCP7ySfay','https://0.0.0.0:8080/auth/callback','authorization_code|refresh_token','code|token|id_token','openid email profile pydio offline','','','','','','',0,'','','','','','','','','',1,'','2020-12-08 11:10:59','2020-12-08 11:10:59','',0,'#default_bind#/auth/logout','',0),('cells-sync','CellsSync Application','$2a$10$BMNWjsPrbe60ecIwcukON.v5MJRW6rvYoa2lUuQAVDxFIFNHif1LK','http://localhost:3000/servers/callback|http://localhost:3636/servers/callback|http://localhost:3637/servers/callback|http://localhost:3638/servers/callback|http://localhost:3639/servers/callback|http://localhost:3640/servers/callback|http://localhost:3641/servers/callback|http://localhost:3642/servers/callback|http://localhost:3643/servers/callback|http://localhost:3644/servers/callback|http://localhost:3645/servers/callback|http://localhost:3646/servers/callback|http://localhost:3647/servers/callback|http://localhost:3648/servers/callback|http://localhost:3649/servers/callback|http://localhost:3650/servers/callback|http://localhost:3651/servers/callback|http://localhost:3652/servers/callback|http://localhost:3653/servers/callback|http://localhost:3654/servers/callback|http://localhost:3655/servers/callback|http://localhost:3656/servers/callback|http://localhost:3657/servers/callback|http://localhost:3658/servers/callback|http://localhost:3659/servers/callback|http://localhost:3660/servers/callback|http://localhost:3661/servers/callback|http://localhost:3662/servers/callback|http://localhost:3663/servers/callback|http://localhost:3664/servers/callback|http://localhost:3665/servers/callback|http://localhost:3666/servers/callback','authorization_code|refresh_token','code|token|id_token','openid email profile pydio offline','','','','','','',0,'','','','','','','','','',2,'','2020-12-08 11:10:59','2020-12-08 11:10:59','',0,'','',0),('cells-client','Cells Client CLI Tool','$2a$10$nEi1MjsO2W8W.05sD4d2vuOSDm42WvkhrU8bAMYigtCyjRQtZr58G','http://localhost:3000/servers/callback|https://0.0.0.0:8080/oauth2/oob','authorization_code|refresh_token','code|token|id_token','openid email profile pydio offline','','','','','','',0,'','','','','','','','','',3,'','2020-12-08 11:10:59','2020-12-08 11:10:59','',0,'','',0),('cells-mobile','Mobile Applications','$2a$10$bMO8dKTTy/wF/yMqNAKi4uP/sTxQ3FUGLLfYNib07zYHtQ2Q6TLva','cellsauth://callback','authorization_code|refresh_token','code|token|id_token','openid email profile pydio offline','','','','','','',0,'','','','','','','','','',4,'','2020-12-08 11:10:59','2020-12-08 11:10:59','',0,'','',0);
/*!40000 ALTER TABLE `hydra_client` ENABLE KEYS */;
UNLOCK TABLES;

--
-- Table structure for table `hydra_client_migration`
--

DROP TABLE IF EXISTS `hydra_client_migration`;
/*!40101 SET @saved_cs_client     = @@character_set_client */;
/*!50503 SET character_set_client = utf8mb4 */;
CREATE TABLE `hydra_client_migration` (
  `id` varchar(255) NOT NULL,
  `applied_at` datetime DEFAULT NULL,
  PRIMARY KEY (`id`)
) ENGINE=InnoDB DEFAULT CHARSET=utf8;
/*!40101 SET character_set_client = @saved_cs_client */;

--
-- Dumping data for table `hydra_client_migration`
--

LOCK TABLES `hydra_client_migration` WRITE;
/*!40000 ALTER TABLE `hydra_client_migration` DISABLE KEYS */;
INSERT INTO `hydra_client_migration` VALUES ('1','2020-12-02 13:10:34'),('10','2020-12-02 13:10:36'),('11','2020-12-02 13:10:36'),('12','2020-12-02 13:10:36'),('13','2020-12-02 13:10:37'),('2','2020-12-02 13:10:34'),('3','2020-12-02 13:10:35'),('4','2020-12-02 13:10:35'),('5','2020-12-02 13:10:35'),('6','2020-12-02 13:10:35'),('7','2020-12-02 13:10:36'),('8','2020-12-02 13:10:36'),('9','2020-12-02 13:10:36');
/*!40000 ALTER TABLE `hydra_client_migration` ENABLE KEYS */;
UNLOCK TABLES;

--
-- Table structure for table `hydra_jwk`
--

DROP TABLE IF EXISTS `hydra_jwk`;
/*!40101 SET @saved_cs_client     = @@character_set_client */;
/*!50503 SET character_set_client = utf8mb4 */;
CREATE TABLE `hydra_jwk` (
  `sid` varchar(255) NOT NULL,
  `kid` varchar(255) NOT NULL,
  `version` int NOT NULL DEFAULT '0',
  `keydata` text NOT NULL,
  `created_at` timestamp NOT NULL DEFAULT CURRENT_TIMESTAMP,
  `pk` int unsigned NOT NULL AUTO_INCREMENT,
  PRIMARY KEY (`pk`),
  UNIQUE KEY `hydra_jwk_idx_id_uq` (`sid`,`kid`)
) ENGINE=InnoDB AUTO_INCREMENT=5 DEFAULT CHARSET=utf8mb4 COLLATE=utf8mb4_0900_ai_ci;
/*!40101 SET character_set_client = @saved_cs_client */;

--
-- Dumping data for table `hydra_jwk`
--

LOCK TABLES `hydra_jwk` WRITE;
/*!40000 ALTER TABLE `hydra_jwk` DISABLE KEYS */;
INSERT INTO `hydra_jwk` VALUES ('hydra.openid.id-token','private:d66213b1-17c1-4f9e-835c-a7c63ad628b1',0,'gY2hQ20TcBLBSyJMMkhpdRyyCDyHYjr2Y6FF1p2DU1dEMriXmayfmIaljfnuQG0Nu4R0z-TryC2rutF-insxtwEaVmv9UwLqRK55Q4kfiU1H93UfCvY5ae_qSVXcesIfv5fPhi1LkWTSCC5lRz4GR7bU8ZyYWxe-LNQZBvZ6E6AixiNIwZwEAKG33PqWr2kxhYjCHBUVTlwsqpAMGyiN0kVqpzO1b9sLeAslpHjaJCoUFaTy7Rr9sd4x6GxtNi8PJ9a6J4VN5VB2RqmGtxvmUiK3gmTgumeQ-xQBEbnRVdQ5lBj7mw88omSz9iF1_ZV4XIa_Y6zWtUzl4YXWYWRgaZC8_SXrqjb03VVUDiGG4RM0C3oLIif43mtnA7tMEEUixpzO4IiJxwMmRXNzefMv0uDp2kklSWFMgDPowJLPWiuwhUXlIzfAow2DAtz8y7kXXpkDzBWwwGwLVpSt1fT4gWR0L2khRocpCuPbRahnwgWsFRN70KI3J24WNaOQT1E_Ut1N7cRgNp5c8fErr9cAxLkpRwcoUU6Ogld5mPkRayMbRJR7iJy5hE-rH6tYrbSTMh5HjmGe53WMAl3JX4YUsNMqdsWWpa9MnjWPPfPrctm7hCcIG4VwvbHL7-Th6oibgHXTQCV1BbodvqnH0vXMeKHaAkmZNazFznK4dGuHmJAk_TirHgAX3Yme0Xndh_cQIHbJ1Dn900_DIoo7ZilsZR2mxEngEbff57Mdl1l245RadoUKuX_0Vy1CRrVvPrLw4BpH506Q4iBJHIoVpvauOhpgVV7iC1_28mJLRH7gX3jtpYzlX8x6WACOMzrqI-y9pfTB1r4igJAE3Jb01XEboCoZenNw4nn-aFh5JETe98SNHJntZZ8N3MtTjtxwMb53BabakGFr_tigtMYkSm4Bal2dC0kv-VzavcdzxWO0oHbs11eW8ketNQk9v1ql4iT6c7TSUNT7RpCeY_8laTYZZpxr_Ub7DWDRFckQshmrktlqPK4tmkJ8G7-_iiZ_uV3rBiPfKnKcsgP4qwXd6zlRbZ-2dcLurQmDPI2vIvPRL7nb0fPRD1CSfd0Yy7cy27DXAG6AOAkpExy2XHQFV7Ad5eS20slYhQbGAfYLIUp1mOq269qoJdxF3YPryvVbYxL-WbfvLKs13To02T21N5I3aZ2ffT4xdm7M1wbQSRIZv8bhUmXzfASn1e0q2h-PGddprHIf2hXWfIYDTld26MlTcU6VfV-8KrZY-NRwNDoY4zj7qBAr275ijvGdywPAxpVqFpdV24FFojKTGwZf3VaWbxBw7-QzPahavAB0YNQ8VY7xt_P_nb6I-xZQbd1Z4OLTKmmF_pmFTufgCD13hPr0R5Ehyii-jBepTvqkEl6TaeI3v74TuKlawDPxkQilYUfCiCTzTUBXMHJBFgcWVwO9UYbTsmIjGH8qvenXnFwd82d7uAFbChmWvo2RJ3zaI5yRneXY2gJYBDAurAUOPMXW_rxh_NMuytX4FEeDVlOBHzA1hLz-uNU_4dwNRdoex5MOhNzZ_GI7pHNhwDH8Zv-YWLxfAonP27WW0IkpokEJt9FyzdeLGihzBc0HH4nlMlavDhRnn9UmMEx1RQSatK9YX9vzUWw2ghaKbXynhrVQ_rliAaAKqec1U_RSlY27H1lhDESHC5sLVMI3Ad9rQWpcF6gia_LTRDwXsU6TXFFZzNcY6bRpOuKby8tGXIjmLETq3xjwE8jn1sZIM8tZBZRoXbcsRjWCJfUWF4dojK-cfAOvhuVz2UQdTdK3FnWXy_0AJoxfNtKUdy_sYLK_9YQCFOPNwXa6DsmYd8VOcl3TFGRzaQ_4E_o-Bjhxv0jx7SZ5sNQlfNFx-aFskon86JlsM-Uhh8EEPbO--uo1J19S4Gv_KnhdTWrl11Ul7ZEl2iYQvpub7s-lv9tlh8zMi6LblrwnKWCLsnn0n0suX8ulURQGgKAuZWLKUZHlnMyr-Xg86Qw7HTerQUtISPisnMHCZzTzpMphtfHXqxmCbhKJLjXnA9pLjv4VlsRPDNtPlxF-zTfgrauT0AfNztR-I8nS0Ul1pT8d3pnWZVap_B2_SSL0LhrB_3mNjIgvg80CCMyJXyzeluSv74I3Q83fYI4fcBDOoK5IUlvx5AMwJgP1nT03zlQn9DhBUfQo8WY_JBMi1SyoqMn43bs8zwW3ebym2hdxX1EJAvq6LdigTCiQxBC4euGoGegAWOnLetE2eb3sViZxcw-sahTwDggpHY-huxWbUTquKiXHQtOIjsnFFCfY8hPU2kOmNbHAw75o1Z5VRYDguIWy4ezigoqJYN1ms8nLBzkWztjxDdp4d8orBuNwsdamY7kuQIKXz4MlPbbH-XVkgbrpxxZdYZJ9ts143jop-PTQNdgiPVDSIwsEJRKRHtoc37OX8iTS22d7ESpkYyorueYE9JiZNfSJUAbbR9_MZr9iPewqw9PYx9V8FkbtKrSme2pmtSd4nwp7_AnREVurSDx-8Sq149hJllxiM8ncCaD_u_ZJIIy1IaHs4MoNzzg4U5ocjN-BKkBi4by5O1tJEE0KnAsNyByYowyVYFN3xJamQbWG12jriXHSII1PWgaubnLzFs7zB-9dhXVWrSDjJBbab8nnWzuXcXxY67F6LpC1edISh0jule_hFx6gy4Qx-LeF8BBuuXTn0N2AHz9wLGtzDk8HX3VE02ThsHbBwoq91SSGGSB4JqI_h2x66VFFCqyD4TXU9SX6PCamZ19JQJ_9BxlrR4HUvPrbIQ7k_z4QMk1sOLflFWS89rjhk8JPX9fXm7naRqzkHnc63wkvoMvVIQyeqRDXsB0atZZpztx2i2bLsOI8NrhuXpkKgGDj5ew90DjCjeMilSHzA5bj5-WbpRxkEAdL2osGV0Yo1y5p_JoLBmfG9R70-JRjVBA6mu9UugTla_LDalrmwQ==','2020-12-02 13:10:38',1),('hydra.openid.id-token','public:d66213b1-17c1-4f9e-835c-a7c63ad628b1',0,'sNufRiNh-e2NnhtQDvcU5djMhF64yi4pyCWFMq4VqJ2lzg-hC7XRfeg1cB3PJs6ROx1WYp3bie5JuAu52umc8V7no5FhBcQkdXNoo_jtL9raQUxXp7Nq8ZfomIP-j0e8jCAOh_X9bmJ6aHwRZIqjEdfhIb1JSc28cVbDm2kOZX5AUppZ6GKMEnr-xJgTxqWGcvuT9IPZsDExWzFfJYAv3U8TM5WoQBi2j0n4soxEXCAcIn4A8i_lWrJngrjoBpVtBcpVd0Y7I1Mn7XJ5i65KElayL73NEQMSejRCgVWPj9omhP-r9ihiHBb0kK4nqAlFGZfcVeCZKtrQOYEf_kuC7e6P_I9HsGOAXKY7NKR-77tjkXmAlW_UMzogAETTW8CWDHJPYClhKArdXVDVj6KrGLZCCBMZN3J2sDpdWXmB_41_P9uXrf_uEPdWMmWT9FN9fzl4qpJs0VqmNF51nMAwborK5Hk3eZECtGhN0JerW53T202Itx--VrZfQfdNGB1sGH1J4yyz5dPfogXW9fHucPmR1VvvB4p-xyHb5luLB6XCJGnU7pERMUF47gxc-dAy10z83nxF8Fqbwl3MswoctUtRUNizUecLuqHBXNiA5wiPuhVs19PRfdftAkmV7AcPSCoOhPLJAT8hI8SNa4XT6kBi-efm0gT2HW6GJ2p9YvToH_DAOSE9CbNnPLvXCXs_NQ18GrHuYX--Qn3kUYAHAfOKCvogxCdSbrlwRFWsu9cnGdkHOGjDkiWdTMYxS_KiDrxtAsAYmeNAddK6Ql4wdZRIP5LC__dv3fMMLcO8wlw2rgCuOhBxP0uUuPXv8Po3zmPLrIBGy9y-f7X_38xItbT7xZM0TUbsrL7_ntQwf756l30qR099qguAS16XsHyGwW1KnDMYaBAPeFF0Qy6ufDUurTeGnG-4WvikzLqrdQYrZCsKj_ElHe0tYn2u06OaFVJ6KVxCVJdfYDQAe_hkLUVFgoZCuWA7HXFLxMn151Y00l9KJglOIr-tNz2hSx7DK7WV3P0seial_6ZXSWoBHZOs9Rc9uxwkTsutmnP84bHBtGPXvXeCUKv7C0bDzVgNI7urhA==','2020-12-02 13:10:38',2),('hydra.jwt.access-token','private:10224942-8b0d-4b53-87c2-503edda91e30',0,'TWJgwfXIUBjeLNM_SvPm0WlNeyk4aJAYyj0-pqBhX1PgoAYqakYzCk1cfteB3ALjF0FPSRewuNXG1XvhwtiE7UgZeadxbivLjKxnU4HvV5Qa3J2v4iL8riMYCsA2aOcsWasTycWKZmCyEK1G1-3XFuZvYF3RHqN4rTvJdSqetYpPd3xXglsn8u827AezzuwRPhpxzOm7n9GoVESnUszbZ611vJxWkHj8DacHD9DrAuWk0y0RVnrT6_d-zvN37RIiqscywIwMe9JQhmk5tOK2Rfqm9sJjzj7VqRoC-S5DTlBCAzjzgCr96BaLACvxIY6_76GIv8AXnDNgXJRSJE0baSlArRpLOwoW7fC7wKiO6WuPT3si9svxeBzzI2k3ZQq4H9b_krGEC0ZpY55FKOFoAaZKAG7b_vtTSV8UYtlxhqdlkUAIUurzqXGHTGM_bd5rhaEC3LnglKwGtF3UuvUPKscOdj9onXbwg-_ERVKzA7Vx0mjY2wnhHBrKDT8s7xJbmcRPFyeZ79AUdaGrQEK3BgxJo9SQzO7s0ZSN2WG2guU4OBVfQ0kHFibhFvzitPN-8ZyF-1rMfG_EUhCU0ho6TgJ_cWE22Rr1SgeGh5nYJnJPGit4Iw91R6qGnlS8MZGy3Q2fkWFw8BpTPmGlMea5rMZTlor2h8oyJwjODART8ShJs1Hcwp5QiFASwnPgggNGUodiZwx_ctQgSEmyC7p7fSR3ApUJ1pBPh9ETecV4qZ6g9FfMrN5hVM3tcFyR3IYiMnuVuAGuFWej54loptaSmFHZ7bBTn966xSUpSvOj0SM5e8w7_eNd3Km_tmWriS11EWcMrL_Bid6nR9lnie84Wi24TRlWatH6hDlJjxh5mHVRKZ42ExD6yvP3QGru2PrzccqX030GdP6wysFxTIP46iEWBn4rCIUN1kR4H8y4V54xnr_kjM3yva6vsVSK9FL7_Hy1oi1TzDXE38JzyuKfcxz8utTwrGFn6HGmJh_CYGhBzUzUr4bNzRzg_k7S2pWuJ3ZxzL6ok_EjsywuHW1-2rdtuxdL0W_pKpr8_iGnOKp-O7VgnmJvGt9lCMLhKjS3QBEc6z39D7fxvEHjIavIRlVhDhRMl8XXi_9_91pcpxlf-9csrTVN4xgawXMjiKO45JmKoYS67wHtPm6TUpwuMUGtZZjCdcvcF5LAOxZuV-r6cqD_C9v454zrVGAgJpkRLCR_L4HbTSrz6kc-N4F43TRAnzzNmri_yGg9vJluti6S0OyddfBit-ujT4cnTwoEA0_c0bzQQWA-afTr0IDjeDCwOxByDJjUwtrY8Q3Ay1YtTiRloeCzTrDWqya5R7ndzx3uXzI0qu7ZrDwGTEfAWOu2T_RqW8VZ0Zdsx8EpEUHhoQxrGzd7rJB7IJwGp62IFTyyHvNrjOfA9bABu1oiEYYuHKjBiNEVuIO2IMU5yViRQHMwerkaoDkusnghCL_ooXOQH7karALgYJNoJCnlAriLTnescftxmF8bXzslzkvp0jskeUp0DnKXM6uI-eYNWchXn3ynSsvPdyqNeIprGs-UmSxzrrAlr3rpCQnpErBY1wNTFivGq0bvoTp8MJwwfiJsNHnoXb9yU-dpls0AwO2Cze9tEvTOnjKgzb4cXRixMhtiNtU0MERoH1mtpR8mEmJS47nXBAAvFlR5nC3QEJrRcsWVymsMfJSyaPScBaLEa1Zi3FTgi5MNOIZ8NsQkLS2rpiuFcomH9JgUJi7PQ2sp2_tqH7Wh0ISlchYXrTI3gTihcJFWpkczAcA8Vm1lm5s0ySNwgo5-VIf4C5onW5CJgkR2WNGIQDi7CQl81S-s-h3K7Tw4IuxjMHrbK9oSMS3_LB2HbuTv7guDkKlCJKh0ekiR_pdCZYHW0_sMPpbSpKZrVFLy_oJDFBUTAKYfRP09fVcpe2-xx3p7m4HE_jJlwJja-KABXbWlNrUsu1eQCX70i7cbCpx3N_ZU30Ir0vxdd6OEhXb1ulW43gc3r1anqT1Xx2RenQstKtUNU7GHeeiY44l9MAgK9r0eq-wu6R4ajAftgwuJ-kBdQHWvZbJAsc7Av7z_j4cxenvHbC79hrPe76iaB2jbRRwdrn9-vxoV3bY6sa9fVMEkIAQh-zfQ2dq5RcEarC5KECEUsR7StP2twZwMMWLk7zGZvPkAz--bBZ8sdyUUJa-k2v-19ruUqMCysJF13umfQm_xi9nfoKGZ2DyvQ7FAHqA2S7wy3ubL1Sfiz7qnm7fxSoSXIWqcTB38uTvk-dxl7hyTNPlA2r-JvLzbQ-giyYsslfHj1-x6yHeahsPl3du4o5MLR0SOxmi07cvfMmtbp2HiP2zexbghpS28Tc5qGnVjH-Ovim4vmJknoz8BSW1X0aRmNtLxDq1YGufvwI-sLvC4-0WGOesw77BHYyc2JcbPV1iTlZjUypIsubyq-crWd2pwn4yPizk0fip4TPv62aRUgGOhuKSIZxHGrZYCH6deVscUCqNLIgCR-2Z3m2co4t-H0csVQAr4FTjpFdNg5XNQBpo0V3W05hIzvBNjSpNJa7kFUNYsCPqcjiyfV_rBYgFyHpBIpmSgLhI2s4lDHAJnrLYUV2ayohLOmb2mdk8LPnPDqD7GSzcnI04u8f0mQ-chKhm-seQVVVNK2tTU0clKT2SCqEk_fLlJIVwLUnMnq9qCuCGYSlyOq_W_b7pmRgy0D06zgTyRKqQWpwVaYkZDiu5EeSqXrgXhJlEHXIz3Vv2IGv7vso2WrrR4XZu5Pq4YaznhGETO2YWZAlXiip0ztXMHERt2ei_TWwnLN7r6tjwVsHWkeYkTK-HTwh4mxrnCm8HjgJdbg4Y0OQMXzi0SzowUDU8V9tZ57VeGRnjwOD5zfq6ZeHH9Ce6IPavLgk_GMgcwMhD24ERcHDB1FuGTK7k-h4oThx28_x3pOuQ0UJCTOA==','2020-12-02 13:10:44',3),('hydra.jwt.access-token','public:10224942-8b0d-4b53-87c2-503edda91e30',0,'NaCwpYrpy5f8YLK_rXa5dLdpOssEXUAGYg1LFu1lOEs8A4StH5tZpPC6SWkl-XJ7c6rCozoXF5VjJnXMfQa6Am9h-duB2HPFuVvfj_mVLgKoRXH9wy5Ya8sG-lpcBqnnpkVK2Ggj2LiuTyaC6LceHMHNKzS_vvdzn5vO5DC-er52cpcfqXs6rY4KaiEjZqO8oY5fDKHDzJsOT0mfj5QN-Ig2kv4Q8r5HGDpHH18R9L6lf_RYJJsQxkKMTsqp7SAEutmF8lyC5Nfqx5YIxEj4Iat5xW8Ln0uFw5fDUpailhIk6_HX4JNIbKRCd77NGD2m7ysnfPzZUvDCjUMvnCTQuO1orJRUPvg8EbzXXudO33U43u-sA_D-npplJx9zGUl_xalzNZhJZLSHAjuU42CufvF8iPi0SH6eAfhemt8PnkxJDQ0TehzqarPyOiM1iAHBr2o9W-X2DrgzRuZKPwyfSomwFukyvW3PIYmbOcN2GVQDAxbW720rPZnZYilylJlYmbEvsf-7bxRmVDfDmi_op263TxFRdSidE1ur5ymUCRKknDYJCcx3j7NvTvgbqxxaxb7ndr-jPMgN1MktFcwdC33q7La0HpD8-ZBROMafUpxJnu6I1IhYIkIphmpXyxM8_A_wuj81lZUtFCxDPM4lAgt6FusM6COouHZV-xRY2-RMOc-DckJwrPfQUYf15j-T6VZFYxXU2RT3rO2zuyrWxc2JAopLjJYvYsKaobdO3qs6vpoqpTI5S9R013ImTrMaL7t2PxPLnTJYCql_3E13Klkbhp_kQI_37ly5amg5d73XLTVP_WM-tijOwuDokw2Z32-VnsPLdp4eP2-gsFepcahZryviuHRyJWZjAYt38xxbC6X2n3XwfoiCahLzArQMsrsDlP24OUpSzEagWThHXSpUD-G91ylOX6nz-53sLlT1s7IKKIXSSKJxrUTZ2WPx_YY-Bgvr1qCNK_aZ0FieZ2WMyhFogSsMsdX9N_79izZWZNensqvB6W2A5RrGNG4MNZbAVA9aOlPYeXNvaCR6NkvdWsaYb5VrxfhyCvXU21DdiXd9KslTyrwII1JBebtOM4UGxQ==','2020-12-02 13:10:44',4);
/*!40000 ALTER TABLE `hydra_jwk` ENABLE KEYS */;
UNLOCK TABLES;

--
-- Table structure for table `hydra_jwk_migration`
--

DROP TABLE IF EXISTS `hydra_jwk_migration`;
/*!40101 SET @saved_cs_client     = @@character_set_client */;
/*!50503 SET character_set_client = utf8mb4 */;
CREATE TABLE `hydra_jwk_migration` (
  `id` varchar(255) NOT NULL,
  `applied_at` datetime DEFAULT NULL,
  PRIMARY KEY (`id`)
) ENGINE=InnoDB DEFAULT CHARSET=utf8;
/*!40101 SET character_set_client = @saved_cs_client */;

--
-- Dumping data for table `hydra_jwk_migration`
--

LOCK TABLES `hydra_jwk_migration` WRITE;
/*!40000 ALTER TABLE `hydra_jwk_migration` DISABLE KEYS */;
INSERT INTO `hydra_jwk_migration` VALUES ('1','2020-12-02 13:10:37'),('2','2020-12-02 13:10:37'),('3','2020-12-02 13:10:37'),('4','2020-12-02 13:10:37');
/*!40000 ALTER TABLE `hydra_jwk_migration` ENABLE KEYS */;
UNLOCK TABLES;

--
-- Table structure for table `hydra_oauth2_access`
--

DROP TABLE IF EXISTS `hydra_oauth2_access`;
/*!40101 SET @saved_cs_client     = @@character_set_client */;
/*!50503 SET character_set_client = utf8mb4 */;
CREATE TABLE `hydra_oauth2_access` (
  `signature` varchar(255) NOT NULL,
  `request_id` varchar(40) NOT NULL DEFAULT '',
  `requested_at` timestamp NOT NULL DEFAULT CURRENT_TIMESTAMP,
  `client_id` varchar(255) NOT NULL DEFAULT '',
  `scope` text NOT NULL,
  `granted_scope` text NOT NULL,
  `form_data` text NOT NULL,
  `session_data` text NOT NULL,
  `subject` varchar(255) NOT NULL DEFAULT '',
  `active` tinyint(1) NOT NULL DEFAULT '1',
  `requested_audience` text NOT NULL,
  `granted_audience` text NOT NULL,
  `challenge_id` varchar(40) DEFAULT NULL,
  PRIMARY KEY (`signature`),
  UNIQUE KEY `hydra_oauth2_access_request_id_idx` (`request_id`),
  KEY `hydra_oauth2_access_requested_at_idx` (`requested_at`),
  KEY `hydra_oauth2_access_client_id_idx` (`client_id`),
  KEY `hydra_oauth2_access_challenge_id_fk` (`challenge_id`),
  CONSTRAINT `hydra_oauth2_access_challenge_id_fk` FOREIGN KEY (`challenge_id`) REFERENCES `hydra_oauth2_consent_request_handled` (`challenge`) ON DELETE CASCADE,
  CONSTRAINT `hydra_oauth2_access_client_id_fk` FOREIGN KEY (`client_id`) REFERENCES `hydra_client` (`id`) ON DELETE CASCADE
) ENGINE=InnoDB DEFAULT CHARSET=utf8mb4 COLLATE=utf8mb4_0900_ai_ci;
/*!40101 SET character_set_client = @saved_cs_client */;

--
-- Dumping data for table `hydra_oauth2_access`
--

LOCK TABLES `hydra_oauth2_access` WRITE;
/*!40000 ALTER TABLE `hydra_oauth2_access` DISABLE KEYS */;
INSERT INTO `hydra_oauth2_access` VALUES ('xL49vXYvIDFk-JKxUSqxAV5ErFBmRYw6PV5YU3GDp3o','8da530dfdfbd480b86e99a46122a6ed7','2020-12-04 07:30:21','cells-frontend','','openid|profile|offline','','{\"idToken\":{\"Claims\":{\"JTI\":\"\",\"Issuer\":\"https://0.0.0.0:8080/oidc/\",\"Subject\":\"6645056e-6b73-4a69-9cbf-83f6bfaee074\",\"Audience\":null,\"Nonce\":\"\",\"ExpiresAt\":\"0001-01-01T00:00:00Z\",\"IssuedAt\":\"2020-12-04T08:30:21.266285Z\",\"RequestedAt\":\"2020-12-04T08:30:21.266286Z\",\"AuthTime\":\"2020-12-04T08:30:21.266285Z\",\"AccessTokenHash\":\"\",\"AuthenticationContextClassReference\":\"\",\"CodeHash\":\"\",\"Extra\":{\"authSource\":\"Pydio Cells\",\"email\":\"\",\"name\":\"admin\",\"sid\":\"24d3f3de-aac0-4771-a053-2b6773c5c89f\"}},\"Headers\":{\"Extra\":{\"kid\":\"public:d66213b1-17c1-4f9e-835c-a7c63ad628b1\"}},\"ExpiresAt\":{\"access_token\":\"2020-12-04T08:40:21Z\",\"authorize_code\":\"2020-12-04T08:40:21.267824Z\",\"refresh_token\":\"2021-02-02T08:30:21Z\"},\"Username\":\"\",\"Subject\":\"6645056e-6b73-4a69-9cbf-83f6bfaee074\"},\"extra\":{},\"KID\":\"\",\"ClientID\":\"cells-frontend\",\"ConsentChallenge\":\"8da530dfdfbd480b86e99a46122a6ed7\"}','6645056e-6b73-4a69-9cbf-83f6bfaee074',1,'','','8da530dfdfbd480b86e99a46122a6ed7');
/*!40000 ALTER TABLE `hydra_oauth2_access` ENABLE KEYS */;
UNLOCK TABLES;

--
-- Table structure for table `hydra_oauth2_authentication_consent_migration`
--

DROP TABLE IF EXISTS `hydra_oauth2_authentication_consent_migration`;
/*!40101 SET @saved_cs_client     = @@character_set_client */;
/*!50503 SET character_set_client = utf8mb4 */;
CREATE TABLE `hydra_oauth2_authentication_consent_migration` (
  `id` varchar(255) NOT NULL,
  `applied_at` datetime DEFAULT NULL,
  PRIMARY KEY (`id`)
) ENGINE=InnoDB DEFAULT CHARSET=utf8;
/*!40101 SET character_set_client = @saved_cs_client */;

--
-- Dumping data for table `hydra_oauth2_authentication_consent_migration`
--

LOCK TABLES `hydra_oauth2_authentication_consent_migration` WRITE;
/*!40000 ALTER TABLE `hydra_oauth2_authentication_consent_migration` DISABLE KEYS */;
INSERT INTO `hydra_oauth2_authentication_consent_migration` VALUES ('1','2020-12-02 13:10:44'),('10','2020-12-02 13:10:45'),('11','2020-12-02 13:10:45'),('12','2020-12-02 13:10:45'),('2','2020-12-02 13:10:44'),('3','2020-12-02 13:10:45'),('4','2020-12-02 13:10:45'),('5','2020-12-02 13:10:45'),('6','2020-12-02 13:10:45'),('7','2020-12-02 13:10:45'),('8','2020-12-02 13:10:45'),('9','2020-12-02 13:10:45');
/*!40000 ALTER TABLE `hydra_oauth2_authentication_consent_migration` ENABLE KEYS */;
UNLOCK TABLES;

--
-- Table structure for table `hydra_oauth2_authentication_request`
--

DROP TABLE IF EXISTS `hydra_oauth2_authentication_request`;
/*!40101 SET @saved_cs_client     = @@character_set_client */;
/*!50503 SET character_set_client = utf8mb4 */;
CREATE TABLE `hydra_oauth2_authentication_request` (
  `challenge` varchar(40) NOT NULL,
  `requested_scope` text NOT NULL,
  `verifier` varchar(40) NOT NULL,
  `csrf` varchar(40) NOT NULL,
  `subject` varchar(255) NOT NULL,
  `request_url` text NOT NULL,
  `skip` tinyint(1) NOT NULL,
  `client_id` varchar(255) NOT NULL,
  `requested_at` timestamp NOT NULL DEFAULT CURRENT_TIMESTAMP,
  `authenticated_at` timestamp NULL DEFAULT NULL,
  `oidc_context` text NOT NULL,
  `login_session_id` varchar(40),
  `requested_at_audience` text NOT NULL,
  PRIMARY KEY (`challenge`),
  UNIQUE KEY `hydra_oauth2_authentication_request_veri_idx` (`verifier`),
  KEY `hydra_oauth2_authentication_request_cid_idx` (`client_id`),
  KEY `hydra_oauth2_authentication_request_sub_idx` (`subject`),
  KEY `hydra_oauth2_authentication_request_login_session_id_fk` (`login_session_id`),
  CONSTRAINT `hydra_oauth2_authentication_request_client_id_fk` FOREIGN KEY (`client_id`) REFERENCES `hydra_client` (`id`) ON DELETE CASCADE,
  CONSTRAINT `hydra_oauth2_authentication_request_login_session_id_fk` FOREIGN KEY (`login_session_id`) REFERENCES `hydra_oauth2_authentication_session` (`id`) ON DELETE CASCADE
) ENGINE=InnoDB DEFAULT CHARSET=utf8mb4 COLLATE=utf8mb4_0900_ai_ci;
/*!40101 SET character_set_client = @saved_cs_client */;

--
-- Dumping data for table `hydra_oauth2_authentication_request`
--

LOCK TABLES `hydra_oauth2_authentication_request` WRITE;
/*!40000 ALTER TABLE `hydra_oauth2_authentication_request` DISABLE KEYS */;
INSERT INTO `hydra_oauth2_authentication_request` VALUES ('01739ac134e6401db99cbe4cfb7f4e2a','openid|profile|offline','3fb7477d7b88437d8f3c5f4fb4284bc0','100bacdf1e4d432fbac5d120018c19d0','','https://0.0.0.0:8080/oidc/oauth2/auth',0,'cells-frontend','2020-12-02 12:15:40',NULL,'null','53592751-3286-4ff0-9b9c-496bf9b34197',''),('08a7026e189a45edaafdd4347d839a3f','openid|profile|offline','182b49d70eb744ebbf07957ea1522d98','51bca61dbe2142d3b58c9f907837a851','','https://0.0.0.0:8080/oidc/oauth2/auth',0,'cells-frontend','2020-12-02 12:15:40',NULL,'null','6e65056f-f3a1-4bf4-9412-2228646b05d4',''),('097c9f6bfc024f29ab8e9e223a2a7420','openid|profile|offline','817de0e813b046cd8201c8752b4d3dfb','d0a71f9b7e2a43a98217ee9098bb78bf','','https://0.0.0.0:8080/oidc/oauth2/auth',0,'cells-frontend','2020-12-02 12:12:18',NULL,'null','254c4b0d-d8f8-4e36-aa09-aaf5dfce9593',''),('0b37b071106441008b9895d7849068f0','openid|profile|offline','04878bfd3b494316b60c9ec3c9589cd0','184d39f819684c5c82f147cfc7a55dd5','','https://0.0.0.0:8080/oidc/oauth2/auth',0,'cells-frontend','2020-12-02 13:49:33',NULL,'null','ecf45057-c613-4a62-a1ff-903970f981ff',''),('0ba25c0202b5429386b87854a2052de2','openid|profile|offline','971ebe8658524f638f0d07c1aac4defa','424ab0319580479db9651fb939c7b333','','https://0.0.0.0:8080/oidc/oauth2/auth',0,'cells-frontend','2020-12-02 12:15:34',NULL,'null','a992d02f-29f0-4fb4-8b24-1a55c18632bf',''),('0e3fb5fdcd994d7bb367301937f5606f','openid|profile|offline','35f012c164eb4dc2957725c7f1b58907','b5682835cb354008ae7d84f9042739e5','','https://0.0.0.0:8080/oidc/oauth2/auth',0,'cells-frontend','2020-12-02 12:11:57',NULL,'null','66e1069f-ff02-4931-ac57-41736cf0a454',''),('1126c5d48fd545598ce96e52b36f46f2','openid|profile|offline','fd378639893348f09b481104fc622386','fe52d817aa904340be0aa6ae138c63d1','','https://0.0.0.0:8080/oidc/oauth2/auth',0,'cells-frontend','2020-12-02 12:15:39',NULL,'null','83cc29d6-63d8-44a7-b74b-a2cc77d61dfe',''),('16fb8d77ddff48f4803803745e6f7860','openid|profile|offline','fec7e37960ca40788179c0cae61a7c0e','f5d383f0e8d7411dad7c84cf865a8415','','https://0.0.0.0:8080/oidc/oauth2/auth',0,'cells-frontend','2020-12-02 12:15:39',NULL,'null','18da6381-c110-4718-b786-964c75fc1b94',''),('1aa9b8353fb64518a729c0b393064a5e','openid|profile|offline','2c6a09be281a4856a3f7182d5569d103','97ff72c4aee04b688b1fba986414e0c0','','https://0.0.0.0:8080/oidc/oauth2/auth',0,'cells-frontend','2020-12-02 12:15:41',NULL,'null','f1ff080e-8b52-4477-9e6f-e2ced5c0d651',''),('238f6e5736ef4045bfe4630ebafc22fb','openid|profile|offline','af8c283794bb43f792bd202c395e419f','51fb8d72264841b9a25fe9bba5122c31','','https://0.0.0.0:8080/oidc/oauth2/auth',0,'cells-frontend','2020-12-02 12:15:42',NULL,'null','97b7be4f-fc0d-4132-8725-afa665d1dd7a',''),('2717e2a9689142ddb5ee0cfac268e29d','openid|profile|offline','b7045f56359d478293f4105d1375611c','33fa6ede252c46eda64ca72a2fea056a','','https://0.0.0.0:8080/oidc/oauth2/auth',0,'cells-frontend','2020-12-02 12:15:33',NULL,'null','c446b3ec-9591-4c48-865d-fc117ec65ea8',''),('29413e5fcace4aa386c190edebd01335','openid|profile|offline','ef12469d8ffc4103a7cd1d346ee77cc4','9e7f320d65d24653b12d58aad3e025ab','','https://0.0.0.0:8080/oidc/oauth2/auth',0,'cells-frontend','2020-12-02 12:11:58',NULL,'null','ec0cf1c5-1e49-4dc8-82b2-43b4438f6e3a',''),('2a73b83aab614a2cb93c0bd9b50a4eac','openid|profile|offline','8e51b9da57e44d3c8602b9b7a038976f','fa28cc4c4a8f4935a69c66326ea2aeb7','','https://0.0.0.0:8080/oidc/oauth2/auth',0,'cells-frontend','2020-12-02 12:15:35',NULL,'null','dc40abde-14ea-4ecf-ac9b-77b94a4482c5',''),('2c48c125701d425fadf3bb21f2b8b275','openid|profile|offline','08bb66c2b17143a0bd26b2b168e39bef','cf9604c237f04f3986f619dab4dc21be','','https://0.0.0.0:8080/oidc/oauth2/auth',0,'cells-frontend','2020-12-02 12:15:40',NULL,'null','b1629262-e646-45f7-b3b7-7ec8fbe62558',''),('2ead026c77a44b96a5ed6fb88dcce750','openid|profile|offline','333d52d3bee441849902e674e8ea24d5','6c76e2ff77f34c9f8201eabd66d810ef','','https://0.0.0.0:8080/oidc/oauth2/auth',0,'cells-frontend','2020-12-02 12:15:55',NULL,'null','8c0b2417-4543-442d-98c4-888992a9d397',''),('31699593c8144bd29d6e3fdb8e22dd33','openid|profile|offline','34e63799a9a94ea1b982824ec6fd3f2b','c36b400c95674a7e8162cca9d49a9ed7','','https://0.0.0.0:8080/oidc/oauth2/auth',0,'cells-frontend','2020-12-02 12:12:03',NULL,'null','b351fabe-38db-4ba9-9cbf-23ee2c9d5a2a',''),('331b78bf75ac4778be2aacb7b719ac89','openid|profile|offline','38e0aee10a62421586937619a2dfb20f','b075a441340c4013abcd5b3a88e51e3b','','https://0.0.0.0:8080/oidc/oauth2/auth',0,'cells-frontend','2020-12-02 12:11:55',NULL,'null','2c84e20f-b135-4cab-8dfe-6ab2930326c2',''),('344e3286d9244743a1ebe9c68fe0b1c9','openid|profile|offline','aff02ae2184d4ffdb733bc72ef8c8dee','18001d745f204ed883b2801e5b6e20bd','','https://0.0.0.0:8080/oidc/oauth2/auth',0,'cells-frontend','2020-12-02 12:15:46',NULL,'null','f5f796a7-cb3e-4b7c-8d66-206dc931d3e0',''),('3588d4a8fd3f43b5b32d3682f9b5aca6','openid|profile|offline','d8815cd904ae4725bec92d4f60b8166a','6198bc0ed2cf468782d4a49d0afdd8cf','','https://0.0.0.0:8080/oidc/oauth2/auth',0,'cells-frontend','2020-12-02 12:11:56',NULL,'null','decebfea-902f-47a6-bc65-006a222df2c3',''),('3aede923558c438d9887adb24bea6acb','openid|profile|offline','ec17db245e3c4cbf8d42256d1237480d','4b09eae909284853a08d4fc724877db4','','https://0.0.0.0:8080/oidc/oauth2/auth',0,'cells-frontend','2020-12-02 12:12:19',NULL,'null','655eee3d-55ad-46b6-b241-979576f958b6',''),('3d4bf051fe7b4ce28f97d343ccd840a1','openid|profile|offline','12fe52d379474d4dafa08747e03dc4eb','55b7a17d1cbb4660bde48f6654c34619','','https://0.0.0.0:8080/oidc/oauth2/auth',0,'cells-frontend','2020-12-04 07:30:21',NULL,'null','24d3f3de-aac0-4771-a053-2b6773c5c89f',''),('3dfc2676f4194d089addcc781d68e415','openid|profile|offline','acb304158ff3463d9bf3487482486d30','233e3f1327b34b4fb7a4d16f9bdd461d','','https://0.0.0.0:8080/oidc/oauth2/auth',0,'cells-frontend','2020-12-02 12:12:19',NULL,'null','ed6675cd-ced4-453c-ab2b-15a9770a93a1',''),('49a7640ef0b948099b1a51cfae7e8240','openid|profile|offline','b82a5cc188114eb18fcd9f6b14c0b624','b43b7356f7b842cf93355fd658be86af','','https://0.0.0.0:8080/oidc/oauth2/auth',0,'cells-frontend','2020-12-02 12:15:41',NULL,'null','a2601d07-4ac0-475a-8f65-ca5bea9efc0c',''),('4a5b8a64ad3441d98b102c2e432f7c11','openid|profile|offline','fe03ca87be81487d820c600301884401','041eaf6fdb6b4d988af6b03908c052a6','','https://0.0.0.0:8080/oidc/oauth2/auth',0,'cells-frontend','2020-12-02 12:15:34',NULL,'null','2e43be0d-67b1-4563-b84c-8df49310d6c3',''),('514ff84766b04a7da97d46647231ff0d','openid|profile|offline','f71b01ab2a88414f988586b1637598c0','7817f0cbbf53417bb4da838d7140763b','','https://0.0.0.0:8080/oidc/oauth2/auth',0,'cells-frontend','2020-12-02 12:14:38',NULL,'null','d268e365-bcb6-4310-bbd2-d49763c968d4',''),('51f597613afd447cafd3013c1a6bd3d6','openid|profile|offline','305720b90b7a45239e12f708827fcf89','3a5bca14597b4d01bd6a06a79bf02952','','https://0.0.0.0:8080/oidc/oauth2/auth',0,'cells-frontend','2020-12-02 12:15:39',NULL,'null','cee8c1c0-5548-4a38-a2d5-a978adba429e',''),('54510ca86e8c48cbb63f7b8e4d657a14','openid|profile|offline','3eca754d79764120bfe21c20b121fa5a','cac156c0d763435eae9b1ecb76dd3f76','','https://0.0.0.0:8080/oidc/oauth2/auth',0,'cells-frontend','2020-12-02 12:12:19',NULL,'null','96916c85-34f3-4674-b271-2f31211b1c50',''),('56ee0440e4234491b3d9d61bfedc6f51','openid|profile|offline','95633f38f3914b1a80bc0b3cd5eba8d8','c5d30353052446bf9df35acee048ac19','','https://0.0.0.0:8080/oidc/oauth2/auth',0,'cells-frontend','2020-12-02 12:12:17',NULL,'null','5d91ff46-f78b-4828-bdcb-3259f471e7a1',''),('5c86eb3c04864fd3b0fe9e5e8fe35fcc','openid|profile|offline','9bcc45cd9db74bc0af8beb049746f93c','cbc86156076b40b0b75a61cc57e7a875','','https://0.0.0.0:8080/oidc/oauth2/auth',0,'cells-frontend','2020-12-02 12:11:55',NULL,'null','b81ea948-a067-4b23-aa02-ff9f6fb7dcac',''),('5cb902c449f2481cb0ec620aa8c81a52','openid|profile|offline','d59f8cf47ef7444a8fff50333de1ad7d','0eb9add7542e47dd9bb14ccd75d1805d','','https://0.0.0.0:8080/oidc/oauth2/auth',0,'cells-frontend','2020-12-02 12:15:48',NULL,'null','021d0260-9623-4abc-959c-f387f043bdac',''),('5fd6150fe0a34cc7af3568103f1fb2e5','openid|profile|offline','6592b0cb1d434191966450f19a5d5044','ced5ef50a3c64680944f156431681bbc','','https://0.0.0.0:8080/oidc/oauth2/auth',0,'cells-frontend','2020-12-02 12:11:57',NULL,'null','e1e66a6d-1ff4-4541-beaa-af343d0022ee',''),('65f5fb88e81248e28b8d0776a7153bba','openid|profile|offline','58db9e437d4c4120a90bae9e05063ba7','e91ee70b23e1481499135f961e00ea37','','https://0.0.0.0:8080/oidc/oauth2/auth',0,'cells-frontend','2020-12-02 12:15:49',NULL,'null','f6ca8b91-29ce-4650-a890-5085e40de949',''),('6ea325edd67a41a9bc8913b25fc86e6f','openid|profile|offline','21a1495f31f940d8b679763987975a34','e8e0cc66fa914472aa4300eba83947a2','','https://0.0.0.0:8080/oidc/oauth2/auth',0,'cells-frontend','2020-12-02 12:11:56',NULL,'null','ad68c870-f118-4a65-a56b-8ec745eb437d',''),('7258fb2803d44f1c9e6a41ef1bcd6149','openid|profile|offline','6e57d6d606904e5099f60cd0f25f1f96','372e2518e3bf427a8673e35bf637a9da','','https://0.0.0.0:8080/oidc/oauth2/auth',0,'cells-frontend','2020-12-02 12:15:41',NULL,'null','7b066663-d2b5-4a3f-8b43-b34e633da954',''),('72cf8d5ee7854bf585aa35a41f39d28c','openid|profile|offline','1a6f78efcc9743059ce193a7183ded00','92dde6c602454052bff4bbbeb1a23b70','','https://0.0.0.0:8080/oidc/oauth2/auth',0,'cells-frontend','2020-12-02 12:15:39',NULL,'null','7b57cb64-7328-4c27-bc8b-bddc7a6d44f9',''),('74008a9ff981497a8262b5e2ff8ce29b','openid|email|profile|pydio|offline','540c02327bcc41848efbc25e59deef35','6c2e3c52ffe74f38915e0188acc36809','','https://0.0.0.0:8080/oidc/oauth2/auth?client_id=cells-client&redirect_uri=http%3A%2F%2Flocalhost%3A3000%2Fservers%2Fcallback&response_type=code&scope=openid%20email%20profile%20pydio%20offline&state=7d4bcfd08d724be2acbcd0495526ece6&code_challenge=KCac3fF45r9EnGArZiG8UC0cUIlGguGeB1kjL4vUmqY&code_challenge_method=S256',0,'cells-client','2020-12-03 07:41:52',NULL,'{}','b49ae713-2dc2-4d55-aae8-c0ad82ce85b1',''),('79fe7d9832f9422e980e46f0a9b2b961','openid|profile|offline','d3fb57932896416886bdcaf8d468fce6','38690784037b421eb9c0ade77653a992','','https://0.0.0.0:8080/oidc/oauth2/auth',0,'cells-frontend','2020-12-02 12:15:43',NULL,'null','64198dd6-d93a-47a8-af5a-a05b701e9779',''),('7fbc34db597049908e30529a289d957e','openid|profile|offline','5990b9f58c4a4195bf49e4b8111a648a','b74eed4239654d998123880cdd15c98b','','https://0.0.0.0:8080/oidc/oauth2/auth',0,'cells-frontend','2020-12-02 12:11:58',NULL,'null','d86bc5bc-3a54-498e-b312-729980dba94c',''),('822ad6ca0270449e8e3a760fa71008af','openid|profile|offline','e7ccd852b6964c078275b2d9f8f94b0f','b52b176f50af47d88ab8bd726a4b45dd','','https://0.0.0.0:8080/oidc/oauth2/auth',0,'cells-frontend','2020-12-02 12:12:35',NULL,'null','a859c0d5-cd97-44c8-b62e-38cb82c75ad4',''),('82af4c61656e43b7b1c6215ddd6e8a9d','openid|profile|offline','60069000ea1f45b6915ba50dd3881b96','6293033f6deb4401b0804ca30dedd41e','','https://0.0.0.0:8080/oidc/oauth2/auth',0,'cells-frontend','2020-12-02 12:15:40',NULL,'null','3cdff508-b75a-4d02-8b1d-e812ebf84da1',''),('83a3a4e98ac34e4eb1820655420afb20','openid|profile|offline','7b71fb18528b4c1b8fca3151a4eeef75','84da16376c914d578ec7cf56ec60ec13','','https://0.0.0.0:8080/oidc/oauth2/auth',0,'cells-frontend','2020-12-02 12:15:49',NULL,'null','cd951458-757e-4d59-944e-b594de4efbfb',''),('8527c6999b2b4515868f468e4128e31e','openid|profile|offline','a77d3abc2f73475682627081bdf2b1d3','8d7d3f59c40b4c568a85ac59e532a222','','https://0.0.0.0:8080/oidc/oauth2/auth',0,'cells-frontend','2020-12-02 12:12:18',NULL,'null','25c73a96-e42e-4e6e-845e-76154658d9a2',''),('85b5b65350754713b59f9e351323c826','openid|profile|offline','600f86da4b794ba89db5a6b87ae18876','069b6a80ac37403c8c126ddf2342141e','','https://0.0.0.0:8080/oidc/oauth2/auth',0,'cells-frontend','2020-12-02 12:15:35',NULL,'null','9001ba79-2061-4415-b63b-fb80929fb1c2',''),('8b08f794cff445d7b7fc6d3b8f3eca12','openid|profile|offline','6bd08056b56a4cd691fa286b0bb4bc93','5e28d411916d4870904815c32f82d3de','','https://0.0.0.0:8080/oidc/oauth2/auth',0,'cells-frontend','2020-12-02 12:12:18',NULL,'null','8cf50aaf-3cef-45ca-be79-a17061d888a9',''),('90fdebaa1b32463699a8ac4a0d73c749','openid|profile|offline','78be7cac81da4262be7e4b45b570fd73','2ed10909e8764f3aa5477e90d500afff','','https://0.0.0.0:8080/oidc/oauth2/auth',0,'cells-frontend','2020-12-02 12:12:03',NULL,'null','bc337901-f371-4b00-ab5b-16cf2a50c5bd',''),('91dbe72478b94250b7902cc93053ee56','openid|profile|offline','ad5998abddb845008c3a7527433d4caf','ec1838cd1b6443929d59673eeba00534','','https://0.0.0.0:8080/oidc/oauth2/auth',0,'cells-frontend','2020-12-02 12:15:34',NULL,'null','5740d4a0-6df4-4238-bea2-35a15ab7c9f8',''),('aa8918556554407a9212f41d3dacf4f3','openid|profile|offline','229fe6890c21479c9eaa45824386e50d','8ed39aad076b4d1d8b8b57a5c9d6902c','','https://0.0.0.0:8080/oidc/oauth2/auth',0,'cells-frontend','2020-12-02 12:15:41',NULL,'null','8f8b49c6-8c55-4c44-92bf-caf9501055a7',''),('af8482d8a4bc41b793041c1486b9349d','openid|profile|offline','9bed49788b5344eeb0de57df6d19bee6','f9ae3409dfc04fcc8b2f9854b8a9abb6','','https://0.0.0.0:8080/oidc/oauth2/auth',0,'cells-frontend','2020-12-02 12:15:35',NULL,'null','179ca662-4250-4bb9-9eb6-36ce0d5502f7',''),('b155be6a846e4636a600525ca045430f','openid|profile|offline','eccced3c8d7747ec92074414227a7cdb','b439f4bb1c6945e7a0138e9af561948a','','https://0.0.0.0:8080/oidc/oauth2/auth',0,'cells-frontend','2020-12-02 12:11:14',NULL,'null','90e35bd7-4184-4069-85fe-775b53428f72',''),('b3b37511fa61483297a3c6841f9136c5','openid|profile|offline','5c8f1c7756b74f2a8ceaa453dfb879f2','e1d1bdd2b5a3485e89ba101f76329eb7','','https://0.0.0.0:8080/oidc/oauth2/auth',0,'cells-frontend','2020-12-02 12:15:36',NULL,'null','2caf3101-72c9-46ad-b1cc-a1388cc2db55',''),('c42b262588c34159976d40e458696807','openid|profile|offline','d0b9ea54fc464f3f9d0d59e64eca9bd5','c6ea06f7c6304244862a16f0dceb46ee','','https://0.0.0.0:8080/oidc/oauth2/auth',0,'cells-frontend','2020-12-02 12:11:55',NULL,'null','ea478009-e157-4a0d-aa0e-802262ad9829',''),('c51830b073bb4c58a5ac11384e0be255','openid|profile|offline','c3132f455f2c476c80f0b5e2a7c31566','45043982878c4c21a27e231b1a4c659e','','https://0.0.0.0:8080/oidc/oauth2/auth',0,'cells-frontend','2020-12-02 12:12:20',NULL,'null','aadb53c0-d013-49ae-acbe-189825e47aef',''),('c62f410d1ed443d8b8075ea982484c3e','openid|profile|offline','a38c00277b094a7685fed8804858d527','a545e51347734846be562dc468938c9c','','https://0.0.0.0:8080/oidc/oauth2/auth',0,'cells-frontend','2020-12-02 12:15:41',NULL,'null','3f82b34d-200e-4354-8298-1121df144d5e',''),('ca62baca07574a2d82287f1ed646a7c0','openid|profile|offline','ade7882a3c1144028e0c70fbd788f6fc','f9af0be0565743f1bb431072126b4254','','https://0.0.0.0:8080/oidc/oauth2/auth',0,'cells-frontend','2020-12-02 12:12:35',NULL,'null','6dea4965-21a0-41ef-9dbf-781343ea2c2c',''),('d66246e30c2b49f194b428e6d38eb381','openid|profile|offline','0a126e70588249d5bdac1b68b804d999','a3f49a65b5b045979db4314544890cce','','https://0.0.0.0:8080/oidc/oauth2/auth',0,'cells-frontend','2020-12-02 12:14:38',NULL,'null','59fd7dce-e6d3-46af-bd9f-d33897b6f67b',''),('dcc94c9338d840799dfec5931adf1c98','openid|profile|offline','0185de7473544ecfb7b67bcaab0e2c52','fce719d416444d76a4c81934c5d72386','','https://0.0.0.0:8080/oidc/oauth2/auth',0,'cells-frontend','2020-12-02 12:15:41',NULL,'null','b74aa6b7-f755-407c-8b0d-ab961b9c46b7',''),('ddd49592fe254f7394c908a3bf5f869a','openid|profile|offline','89448aaee20c434da87293b1f42552e1','aa07f22e9740487eaaedbe82cb68aaa8','','https://0.0.0.0:8080/oidc/oauth2/auth',0,'cells-frontend','2020-12-02 12:12:19',NULL,'null','f48ef12c-4e1c-4914-87b2-478376972a34',''),('e56dde06703b4040b219fa265caf7f20','openid|profile|offline','ca2c094834364dbfa236ba74bc6e5c6f','3b1221717d5e4cb289ef1f41ad6dc78c','','https://0.0.0.0:8080/oidc/oauth2/auth',0,'cells-frontend','2020-12-02 12:15:41',NULL,'null','24c61ec0-4c3f-4f4d-9a46-49b94287866e',''),('e652839d110e435f82e56a0508447507','openid|profile|offline','dfedaf0dd3ae41f6bee9be05510e5722','5721bbaca8a34056a2c7bb0d76a6fb0e','','https://0.0.0.0:8080/oidc/oauth2/auth',0,'cells-frontend','2020-12-02 12:11:14',NULL,'null','67702e69-61f9-4517-9d4d-c5a113b54603',''),('eb074266c9d248dd90c6e320585ff131','openid|profile|offline','52626aa9928a4590929150ce0683d919','5dcdfb6022c94309b08851db731c1f6d','','https://0.0.0.0:8080/oidc/oauth2/auth',0,'cells-frontend','2020-12-02 12:15:40',NULL,'null','780cd3ca-5beb-4c49-9eeb-0379256a774d',''),('eb56773ea2a24617bf02639b30006e58','openid|profile|offline','35d0562de47e41ae93332a398594ea8c','f713b8c597f54640859a3c76e8c29a2d','','https://0.0.0.0:8080/oidc/oauth2/auth',0,'cells-frontend','2020-12-02 12:11:55',NULL,'null','9d5f60b1-fb62-41fc-8ad5-efeb6e23db22',''),('ec54dcacc7a544bcac73579115dd783e','openid|profile|offline','ff038efdb4614b75ac999220ed01da49','f3f51f4f9cc140db9a38d8dcdde6b102','','https://0.0.0.0:8080/oidc/oauth2/auth',0,'cells-frontend','2020-12-02 12:15:40',NULL,'null','a2780f1d-b940-4d28-afdf-6ed77e08c91c',''),('f52c0435c33b42dd817f724d69181a28','openid|profile|offline','32cfe0480c284d638da83ae00ad19f2b','bf30e7a2a7a2458ea89ce7074a181ee5','','https://0.0.0.0:8080/oidc/oauth2/auth',0,'cells-frontend','2020-12-02 12:12:20',NULL,'null','4baa422e-1489-460d-ae48-2bbe2055c69e',''),('f9a15c701be44fdeb23a4f57e11d2aa9','openid|profile|offline','f1922f4d5ca345699e7092423203a4e0','fdbdc83dfbf24f979a26e5a40fcf2973','','https://0.0.0.0:8080/oidc/oauth2/auth',0,'cells-frontend','2020-12-02 12:15:52',NULL,'null','523c24f1-dd3f-43e9-9fc1-15a90494196b','');
/*!40000 ALTER TABLE `hydra_oauth2_authentication_request` ENABLE KEYS */;
UNLOCK TABLES;

--
-- Table structure for table `hydra_oauth2_authentication_request_handled`
--

DROP TABLE IF EXISTS `hydra_oauth2_authentication_request_handled`;
/*!40101 SET @saved_cs_client     = @@character_set_client */;
/*!50503 SET character_set_client = utf8mb4 */;
CREATE TABLE `hydra_oauth2_authentication_request_handled` (
  `challenge` varchar(40) NOT NULL,
  `subject` varchar(255) NOT NULL,
  `remember` tinyint(1) NOT NULL,
  `remember_for` int NOT NULL,
  `error` text NOT NULL,
  `acr` text NOT NULL,
  `requested_at` timestamp NOT NULL DEFAULT CURRENT_TIMESTAMP,
  `authenticated_at` timestamp NULL DEFAULT NULL,
  `was_used` tinyint(1) NOT NULL,
  `forced_subject_identifier` varchar(255) DEFAULT '',
  `context` text NOT NULL,
  PRIMARY KEY (`challenge`),
  CONSTRAINT `hydra_oauth2_authentication_request_handled_challenge_fk` FOREIGN KEY (`challenge`) REFERENCES `hydra_oauth2_authentication_request` (`challenge`) ON DELETE CASCADE
) ENGINE=InnoDB DEFAULT CHARSET=utf8mb4 COLLATE=utf8mb4_0900_ai_ci;
/*!40101 SET character_set_client = @saved_cs_client */;

--
-- Dumping data for table `hydra_oauth2_authentication_request_handled`
--

LOCK TABLES `hydra_oauth2_authentication_request_handled` WRITE;
/*!40000 ALTER TABLE `hydra_oauth2_authentication_request_handled` DISABLE KEYS */;
INSERT INTO `hydra_oauth2_authentication_request_handled` VALUES ('01739ac134e6401db99cbe4cfb7f4e2a','b4a5fa2b-c555-4c75-b20f-120de9e8bfa6',0,0,'{}','','2020-12-02 12:15:40','2020-12-02 12:15:40',1,'','{}'),('08a7026e189a45edaafdd4347d839a3f','d94aba17-3f7d-4cf4-9e0e-ed4c12a4a71c',0,0,'{}','','2020-12-02 12:15:40','2020-12-02 12:15:40',1,'','{}'),('097c9f6bfc024f29ab8e9e223a2a7420','d94aba17-3f7d-4cf4-9e0e-ed4c12a4a71c',0,0,'{}','','2020-12-02 12:12:18','2020-12-02 12:12:18',1,'','{}'),('0b37b071106441008b9895d7849068f0','6645056e-6b73-4a69-9cbf-83f6bfaee074',0,0,'{}','','2020-12-02 13:49:33','2020-12-02 13:49:33',1,'','{}'),('0ba25c0202b5429386b87854a2052de2','b4a5fa2b-c555-4c75-b20f-120de9e8bfa6',0,0,'{}','','2020-12-02 12:15:34','2020-12-02 12:15:34',1,'','{}'),('0e3fb5fdcd994d7bb367301937f5606f','d94aba17-3f7d-4cf4-9e0e-ed4c12a4a71c',0,0,'{}','','2020-12-02 12:11:57','2020-12-02 12:11:57',1,'','{}'),('1126c5d48fd545598ce96e52b36f46f2','d94aba17-3f7d-4cf4-9e0e-ed4c12a4a71c',0,0,'{}','','2020-12-02 12:15:39','2020-12-02 12:15:39',1,'','{}'),('16fb8d77ddff48f4803803745e6f7860','d94aba17-3f7d-4cf4-9e0e-ed4c12a4a71c',0,0,'{}','','2020-12-02 12:15:39','2020-12-02 12:15:39',1,'','{}'),('1aa9b8353fb64518a729c0b393064a5e','d94aba17-3f7d-4cf4-9e0e-ed4c12a4a71c',0,0,'{}','','2020-12-02 12:15:41','2020-12-02 12:15:41',1,'','{}'),('238f6e5736ef4045bfe4630ebafc22fb','b4a5fa2b-c555-4c75-b20f-120de9e8bfa6',0,0,'{}','','2020-12-02 12:15:42','2020-12-02 12:15:42',1,'','{}'),('2717e2a9689142ddb5ee0cfac268e29d','d94aba17-3f7d-4cf4-9e0e-ed4c12a4a71c',0,0,'{}','','2020-12-02 12:15:33','2020-12-02 12:15:33',1,'','{}'),('29413e5fcace4aa386c190edebd01335','d94aba17-3f7d-4cf4-9e0e-ed4c12a4a71c',0,0,'{}','','2020-12-02 12:11:58','2020-12-02 12:11:58',1,'','{}'),('2a73b83aab614a2cb93c0bd9b50a4eac','d94aba17-3f7d-4cf4-9e0e-ed4c12a4a71c',0,0,'{}','','2020-12-02 12:15:35','2020-12-02 12:15:35',1,'','{}'),('2c48c125701d425fadf3bb21f2b8b275','b4a5fa2b-c555-4c75-b20f-120de9e8bfa6',0,0,'{}','','2020-12-02 12:15:40','2020-12-02 12:15:40',1,'','{}'),('2ead026c77a44b96a5ed6fb88dcce750','d94aba17-3f7d-4cf4-9e0e-ed4c12a4a71c',0,0,'{}','','2020-12-02 12:15:55','2020-12-02 12:15:55',1,'','{}'),('31699593c8144bd29d6e3fdb8e22dd33','d94aba17-3f7d-4cf4-9e0e-ed4c12a4a71c',0,0,'{}','','2020-12-02 12:12:03','2020-12-02 12:12:03',1,'','{}'),('331b78bf75ac4778be2aacb7b719ac89','d94aba17-3f7d-4cf4-9e0e-ed4c12a4a71c',0,0,'{}','','2020-12-02 12:11:55','2020-12-02 12:11:55',1,'','{}'),('344e3286d9244743a1ebe9c68fe0b1c9','d94aba17-3f7d-4cf4-9e0e-ed4c12a4a71c',0,0,'{}','','2020-12-02 12:15:46','2020-12-02 12:15:46',1,'','{}'),('3588d4a8fd3f43b5b32d3682f9b5aca6','d94aba17-3f7d-4cf4-9e0e-ed4c12a4a71c',0,0,'{}','','2020-12-02 12:11:56','2020-12-02 12:11:56',1,'','{}'),('3aede923558c438d9887adb24bea6acb','d94aba17-3f7d-4cf4-9e0e-ed4c12a4a71c',0,0,'{}','','2020-12-02 12:12:19','2020-12-02 12:12:19',1,'','{}'),('3d4bf051fe7b4ce28f97d343ccd840a1','6645056e-6b73-4a69-9cbf-83f6bfaee074',0,0,'{}','','2020-12-04 07:30:21','2020-12-04 07:30:21',1,'','{}'),('3dfc2676f4194d089addcc781d68e415','d94aba17-3f7d-4cf4-9e0e-ed4c12a4a71c',0,0,'{}','','2020-12-02 12:12:19','2020-12-02 12:12:19',1,'','{}'),('49a7640ef0b948099b1a51cfae7e8240','d94aba17-3f7d-4cf4-9e0e-ed4c12a4a71c',0,0,'{}','','2020-12-02 12:15:41','2020-12-02 12:15:41',1,'','{}'),('4a5b8a64ad3441d98b102c2e432f7c11','b4a5fa2b-c555-4c75-b20f-120de9e8bfa6',0,0,'{}','','2020-12-02 12:15:34','2020-12-02 12:15:34',1,'','{}'),('514ff84766b04a7da97d46647231ff0d','d94aba17-3f7d-4cf4-9e0e-ed4c12a4a71c',0,0,'{}','','2020-12-02 12:14:39','2020-12-02 12:14:39',1,'','{}'),('51f597613afd447cafd3013c1a6bd3d6','d94aba17-3f7d-4cf4-9e0e-ed4c12a4a71c',0,0,'{}','','2020-12-02 12:15:39','2020-12-02 12:15:39',1,'','{}'),('54510ca86e8c48cbb63f7b8e4d657a14','d94aba17-3f7d-4cf4-9e0e-ed4c12a4a71c',0,0,'{}','','2020-12-02 12:12:19','2020-12-02 12:12:19',1,'','{}'),('56ee0440e4234491b3d9d61bfedc6f51','d94aba17-3f7d-4cf4-9e0e-ed4c12a4a71c',0,0,'{}','','2020-12-02 12:12:17','2020-12-02 12:12:17',1,'','{}'),('5c86eb3c04864fd3b0fe9e5e8fe35fcc','d94aba17-3f7d-4cf4-9e0e-ed4c12a4a71c',0,0,'{}','','2020-12-02 12:11:55','2020-12-02 12:11:55',1,'','{}'),('5cb902c449f2481cb0ec620aa8c81a52','d94aba17-3f7d-4cf4-9e0e-ed4c12a4a71c',0,0,'{}','','2020-12-02 12:15:48','2020-12-02 12:15:48',1,'','{}'),('5fd6150fe0a34cc7af3568103f1fb2e5','d94aba17-3f7d-4cf4-9e0e-ed4c12a4a71c',0,0,'{}','','2020-12-02 12:11:57','2020-12-02 12:11:57',1,'','{}'),('65f5fb88e81248e28b8d0776a7153bba','d94aba17-3f7d-4cf4-9e0e-ed4c12a4a71c',0,0,'{}','','2020-12-02 12:15:49','2020-12-02 12:15:49',1,'','{}'),('6ea325edd67a41a9bc8913b25fc86e6f','d94aba17-3f7d-4cf4-9e0e-ed4c12a4a71c',0,0,'{}','','2020-12-02 12:11:56','2020-12-02 12:11:56',1,'','{}'),('7258fb2803d44f1c9e6a41ef1bcd6149','b4a5fa2b-c555-4c75-b20f-120de9e8bfa6',0,0,'{}','','2020-12-02 12:15:41','2020-12-02 12:15:41',1,'','{}'),('72cf8d5ee7854bf585aa35a41f39d28c','d94aba17-3f7d-4cf4-9e0e-ed4c12a4a71c',0,0,'{}','','2020-12-02 12:15:39','2020-12-02 12:15:39',1,'','{}'),('74008a9ff981497a8262b5e2ff8ce29b','6645056e-6b73-4a69-9cbf-83f6bfaee074',0,0,'{}','','2020-12-03 07:42:07','2020-12-03 07:42:07',1,'','{}'),('79fe7d9832f9422e980e46f0a9b2b961','d94aba17-3f7d-4cf4-9e0e-ed4c12a4a71c',0,0,'{}','','2020-12-02 12:15:43','2020-12-02 12:15:43',1,'','{}'),('7fbc34db597049908e30529a289d957e','d94aba17-3f7d-4cf4-9e0e-ed4c12a4a71c',0,0,'{}','','2020-12-02 12:11:58','2020-12-02 12:11:58',1,'','{}'),('822ad6ca0270449e8e3a760fa71008af','d94aba17-3f7d-4cf4-9e0e-ed4c12a4a71c',0,0,'{}','','2020-12-02 12:12:35','2020-12-02 12:12:35',1,'','{}'),('82af4c61656e43b7b1c6215ddd6e8a9d','d94aba17-3f7d-4cf4-9e0e-ed4c12a4a71c',0,0,'{}','','2020-12-02 12:15:40','2020-12-02 12:15:40',1,'','{}'),('83a3a4e98ac34e4eb1820655420afb20','d94aba17-3f7d-4cf4-9e0e-ed4c12a4a71c',0,0,'{}','','2020-12-02 12:15:49','2020-12-02 12:15:49',1,'','{}'),('8527c6999b2b4515868f468e4128e31e','d94aba17-3f7d-4cf4-9e0e-ed4c12a4a71c',0,0,'{}','','2020-12-02 12:12:18','2020-12-02 12:12:18',1,'','{}'),('85b5b65350754713b59f9e351323c826','d94aba17-3f7d-4cf4-9e0e-ed4c12a4a71c',0,0,'{}','','2020-12-02 12:15:35','2020-12-02 12:15:35',1,'','{}'),('8b08f794cff445d7b7fc6d3b8f3eca12','d94aba17-3f7d-4cf4-9e0e-ed4c12a4a71c',0,0,'{}','','2020-12-02 12:12:18','2020-12-02 12:12:18',1,'','{}'),('90fdebaa1b32463699a8ac4a0d73c749','d94aba17-3f7d-4cf4-9e0e-ed4c12a4a71c',0,0,'{}','','2020-12-02 12:12:03','2020-12-02 12:12:03',1,'','{}'),('91dbe72478b94250b7902cc93053ee56','d94aba17-3f7d-4cf4-9e0e-ed4c12a4a71c',0,0,'{}','','2020-12-02 12:15:34','2020-12-02 12:15:34',1,'','{}'),('aa8918556554407a9212f41d3dacf4f3','d94aba17-3f7d-4cf4-9e0e-ed4c12a4a71c',0,0,'{}','','2020-12-02 12:15:41','2020-12-02 12:15:41',1,'','{}'),('af8482d8a4bc41b793041c1486b9349d','d94aba17-3f7d-4cf4-9e0e-ed4c12a4a71c',0,0,'{}','','2020-12-02 12:15:35','2020-12-02 12:15:35',1,'','{}'),('b155be6a846e4636a600525ca045430f','6645056e-6b73-4a69-9cbf-83f6bfaee074',0,0,'{}','','2020-12-02 12:11:14','2020-12-02 12:11:14',1,'','{}'),('b3b37511fa61483297a3c6841f9136c5','d94aba17-3f7d-4cf4-9e0e-ed4c12a4a71c',0,0,'{}','','2020-12-02 12:15:36','2020-12-02 12:15:36',1,'','{}'),('c42b262588c34159976d40e458696807','d94aba17-3f7d-4cf4-9e0e-ed4c12a4a71c',0,0,'{}','','2020-12-02 12:11:55','2020-12-02 12:11:55',1,'','{}'),('c51830b073bb4c58a5ac11384e0be255','d94aba17-3f7d-4cf4-9e0e-ed4c12a4a71c',0,0,'{}','','2020-12-02 12:12:20','2020-12-02 12:12:20',1,'','{}'),('c62f410d1ed443d8b8075ea982484c3e','b4a5fa2b-c555-4c75-b20f-120de9e8bfa6',0,0,'{}','','2020-12-02 12:15:41','2020-12-02 12:15:41',1,'','{}'),('ca62baca07574a2d82287f1ed646a7c0','d94aba17-3f7d-4cf4-9e0e-ed4c12a4a71c',0,0,'{}','','2020-12-02 12:12:35','2020-12-02 12:12:35',1,'','{}'),('d66246e30c2b49f194b428e6d38eb381','d94aba17-3f7d-4cf4-9e0e-ed4c12a4a71c',0,0,'{}','','2020-12-02 12:14:38','2020-12-02 12:14:38',1,'','{}'),('dcc94c9338d840799dfec5931adf1c98','b4a5fa2b-c555-4c75-b20f-120de9e8bfa6',0,0,'{}','','2020-12-02 12:15:41','2020-12-02 12:15:41',1,'','{}'),('ddd49592fe254f7394c908a3bf5f869a','d94aba17-3f7d-4cf4-9e0e-ed4c12a4a71c',0,0,'{}','','2020-12-02 12:12:19','2020-12-02 12:12:19',1,'','{}'),('e56dde06703b4040b219fa265caf7f20','d94aba17-3f7d-4cf4-9e0e-ed4c12a4a71c',0,0,'{}','','2020-12-02 12:15:41','2020-12-02 12:15:41',1,'','{}'),('e652839d110e435f82e56a0508447507','6645056e-6b73-4a69-9cbf-83f6bfaee074',0,0,'{}','','2020-12-02 12:11:14','2020-12-02 12:11:14',1,'','{}'),('eb074266c9d248dd90c6e320585ff131','d94aba17-3f7d-4cf4-9e0e-ed4c12a4a71c',0,0,'{}','','2020-12-02 12:15:40','2020-12-02 12:15:40',1,'','{}'),('eb56773ea2a24617bf02639b30006e58','d94aba17-3f7d-4cf4-9e0e-ed4c12a4a71c',0,0,'{}','','2020-12-02 12:11:55','2020-12-02 12:11:55',1,'','{}'),('ec54dcacc7a544bcac73579115dd783e','d94aba17-3f7d-4cf4-9e0e-ed4c12a4a71c',0,0,'{}','','2020-12-02 12:15:40','2020-12-02 12:15:40',1,'','{}'),('f52c0435c33b42dd817f724d69181a28','d94aba17-3f7d-4cf4-9e0e-ed4c12a4a71c',0,0,'{}','','2020-12-02 12:12:20','2020-12-02 12:12:20',1,'','{}'),('f9a15c701be44fdeb23a4f57e11d2aa9','d94aba17-3f7d-4cf4-9e0e-ed4c12a4a71c',0,0,'{}','','2020-12-02 12:15:52','2020-12-02 12:15:52',1,'','{}');
/*!40000 ALTER TABLE `hydra_oauth2_authentication_request_handled` ENABLE KEYS */;
UNLOCK TABLES;

--
-- Table structure for table `hydra_oauth2_authentication_session`
--

DROP TABLE IF EXISTS `hydra_oauth2_authentication_session`;
/*!40101 SET @saved_cs_client     = @@character_set_client */;
/*!50503 SET character_set_client = utf8mb4 */;
CREATE TABLE `hydra_oauth2_authentication_session` (
  `id` varchar(40) NOT NULL,
  `authenticated_at` timestamp NOT NULL DEFAULT CURRENT_TIMESTAMP,
  `subject` varchar(255) NOT NULL,
  `remember` tinyint(1) NOT NULL DEFAULT '0',
  PRIMARY KEY (`id`)
) ENGINE=InnoDB DEFAULT CHARSET=utf8mb4 COLLATE=utf8mb4_0900_ai_ci;
/*!40101 SET character_set_client = @saved_cs_client */;

--
-- Dumping data for table `hydra_oauth2_authentication_session`
--

LOCK TABLES `hydra_oauth2_authentication_session` WRITE;
/*!40000 ALTER TABLE `hydra_oauth2_authentication_session` DISABLE KEYS */;
INSERT INTO `hydra_oauth2_authentication_session` VALUES ('021d0260-9623-4abc-959c-f387f043bdac','2020-12-02 12:15:48','d94aba17-3f7d-4cf4-9e0e-ed4c12a4a71c',0),('179ca662-4250-4bb9-9eb6-36ce0d5502f7','2020-12-02 12:15:35','d94aba17-3f7d-4cf4-9e0e-ed4c12a4a71c',0),('18da6381-c110-4718-b786-964c75fc1b94','2020-12-02 12:15:39','d94aba17-3f7d-4cf4-9e0e-ed4c12a4a71c',0),('24c61ec0-4c3f-4f4d-9a46-49b94287866e','2020-12-02 12:15:41','d94aba17-3f7d-4cf4-9e0e-ed4c12a4a71c',0),('24d3f3de-aac0-4771-a053-2b6773c5c89f','2020-12-04 07:30:21','6645056e-6b73-4a69-9cbf-83f6bfaee074',0),('254c4b0d-d8f8-4e36-aa09-aaf5dfce9593','2020-12-02 12:12:18','d94aba17-3f7d-4cf4-9e0e-ed4c12a4a71c',0),('25c73a96-e42e-4e6e-845e-76154658d9a2','2020-12-02 12:12:18','d94aba17-3f7d-4cf4-9e0e-ed4c12a4a71c',0),('2c84e20f-b135-4cab-8dfe-6ab2930326c2','2020-12-02 12:11:55','d94aba17-3f7d-4cf4-9e0e-ed4c12a4a71c',0),('2caf3101-72c9-46ad-b1cc-a1388cc2db55','2020-12-02 12:15:36','d94aba17-3f7d-4cf4-9e0e-ed4c12a4a71c',0),('2e43be0d-67b1-4563-b84c-8df49310d6c3','2020-12-02 12:15:34','b4a5fa2b-c555-4c75-b20f-120de9e8bfa6',0),('3cdff508-b75a-4d02-8b1d-e812ebf84da1','2020-12-02 12:15:40','d94aba17-3f7d-4cf4-9e0e-ed4c12a4a71c',0),('3f82b34d-200e-4354-8298-1121df144d5e','2020-12-02 12:15:41','b4a5fa2b-c555-4c75-b20f-120de9e8bfa6',0),('4baa422e-1489-460d-ae48-2bbe2055c69e','2020-12-02 12:12:20','d94aba17-3f7d-4cf4-9e0e-ed4c12a4a71c',0),('523c24f1-dd3f-43e9-9fc1-15a90494196b','2020-12-02 12:15:52','d94aba17-3f7d-4cf4-9e0e-ed4c12a4a71c',0),('53592751-3286-4ff0-9b9c-496bf9b34197','2020-12-02 12:15:40','b4a5fa2b-c555-4c75-b20f-120de9e8bfa6',0),('5740d4a0-6df4-4238-bea2-35a15ab7c9f8','2020-12-02 12:15:34','d94aba17-3f7d-4cf4-9e0e-ed4c12a4a71c',0),('59fd7dce-e6d3-46af-bd9f-d33897b6f67b','2020-12-02 12:14:38','d94aba17-3f7d-4cf4-9e0e-ed4c12a4a71c',0),('5d91ff46-f78b-4828-bdcb-3259f471e7a1','2020-12-02 12:12:17','d94aba17-3f7d-4cf4-9e0e-ed4c12a4a71c',0),('64198dd6-d93a-47a8-af5a-a05b701e9779','2020-12-02 12:15:43','d94aba17-3f7d-4cf4-9e0e-ed4c12a4a71c',0),('655eee3d-55ad-46b6-b241-979576f958b6','2020-12-02 12:12:19','d94aba17-3f7d-4cf4-9e0e-ed4c12a4a71c',0),('66e1069f-ff02-4931-ac57-41736cf0a454','2020-12-02 12:11:58','d94aba17-3f7d-4cf4-9e0e-ed4c12a4a71c',0),('67702e69-61f9-4517-9d4d-c5a113b54603','2020-12-02 12:11:14','6645056e-6b73-4a69-9cbf-83f6bfaee074',0),('6dea4965-21a0-41ef-9dbf-781343ea2c2c','2020-12-02 12:12:35','d94aba17-3f7d-4cf4-9e0e-ed4c12a4a71c',0),('6e65056f-f3a1-4bf4-9412-2228646b05d4','2020-12-02 12:15:40','d94aba17-3f7d-4cf4-9e0e-ed4c12a4a71c',0),('780cd3ca-5beb-4c49-9eeb-0379256a774d','2020-12-02 12:15:40','d94aba17-3f7d-4cf4-9e0e-ed4c12a4a71c',0),('7b066663-d2b5-4a3f-8b43-b34e633da954','2020-12-02 12:15:41','b4a5fa2b-c555-4c75-b20f-120de9e8bfa6',0),('7b57cb64-7328-4c27-bc8b-bddc7a6d44f9','2020-12-02 12:15:39','d94aba17-3f7d-4cf4-9e0e-ed4c12a4a71c',0),('83cc29d6-63d8-44a7-b74b-a2cc77d61dfe','2020-12-02 12:15:39','d94aba17-3f7d-4cf4-9e0e-ed4c12a4a71c',0),('8c0b2417-4543-442d-98c4-888992a9d397','2020-12-02 12:15:55','d94aba17-3f7d-4cf4-9e0e-ed4c12a4a71c',0),('8cf50aaf-3cef-45ca-be79-a17061d888a9','2020-12-02 12:12:18','d94aba17-3f7d-4cf4-9e0e-ed4c12a4a71c',0),('8f8b49c6-8c55-4c44-92bf-caf9501055a7','2020-12-02 12:15:41','d94aba17-3f7d-4cf4-9e0e-ed4c12a4a71c',0),('9001ba79-2061-4415-b63b-fb80929fb1c2','2020-12-02 12:15:35','d94aba17-3f7d-4cf4-9e0e-ed4c12a4a71c',0),('90e35bd7-4184-4069-85fe-775b53428f72','2020-12-02 12:11:14','6645056e-6b73-4a69-9cbf-83f6bfaee074',0),('96916c85-34f3-4674-b271-2f31211b1c50','2020-12-02 12:12:19','d94aba17-3f7d-4cf4-9e0e-ed4c12a4a71c',0),('97b7be4f-fc0d-4132-8725-afa665d1dd7a','2020-12-02 12:15:42','b4a5fa2b-c555-4c75-b20f-120de9e8bfa6',0),('9d5f60b1-fb62-41fc-8ad5-efeb6e23db22','2020-12-02 12:11:55','d94aba17-3f7d-4cf4-9e0e-ed4c12a4a71c',0),('a2601d07-4ac0-475a-8f65-ca5bea9efc0c','2020-12-02 12:15:41','d94aba17-3f7d-4cf4-9e0e-ed4c12a4a71c',0),('a2780f1d-b940-4d28-afdf-6ed77e08c91c','2020-12-02 12:15:40','d94aba17-3f7d-4cf4-9e0e-ed4c12a4a71c',0),('a859c0d5-cd97-44c8-b62e-38cb82c75ad4','2020-12-02 12:12:35','d94aba17-3f7d-4cf4-9e0e-ed4c12a4a71c',0),('a992d02f-29f0-4fb4-8b24-1a55c18632bf','2020-12-02 12:15:34','b4a5fa2b-c555-4c75-b20f-120de9e8bfa6',0),('aadb53c0-d013-49ae-acbe-189825e47aef','2020-12-02 12:12:20','d94aba17-3f7d-4cf4-9e0e-ed4c12a4a71c',0),('ad68c870-f118-4a65-a56b-8ec745eb437d','2020-12-02 12:11:56','d94aba17-3f7d-4cf4-9e0e-ed4c12a4a71c',0),('b1629262-e646-45f7-b3b7-7ec8fbe62558','2020-12-02 12:15:40','b4a5fa2b-c555-4c75-b20f-120de9e8bfa6',0),('b351fabe-38db-4ba9-9cbf-23ee2c9d5a2a','2020-12-02 12:12:03','d94aba17-3f7d-4cf4-9e0e-ed4c12a4a71c',0),('b49ae713-2dc2-4d55-aae8-c0ad82ce85b1','2020-12-03 07:42:07','6645056e-6b73-4a69-9cbf-83f6bfaee074',0),('b74aa6b7-f755-407c-8b0d-ab961b9c46b7','2020-12-02 12:15:41','b4a5fa2b-c555-4c75-b20f-120de9e8bfa6',0),('b81ea948-a067-4b23-aa02-ff9f6fb7dcac','2020-12-02 12:11:55','d94aba17-3f7d-4cf4-9e0e-ed4c12a4a71c',0),('bc337901-f371-4b00-ab5b-16cf2a50c5bd','2020-12-02 12:12:03','d94aba17-3f7d-4cf4-9e0e-ed4c12a4a71c',0),('c446b3ec-9591-4c48-865d-fc117ec65ea8','2020-12-02 12:15:33','d94aba17-3f7d-4cf4-9e0e-ed4c12a4a71c',0),('cd951458-757e-4d59-944e-b594de4efbfb','2020-12-02 12:15:49','d94aba17-3f7d-4cf4-9e0e-ed4c12a4a71c',0),('cee8c1c0-5548-4a38-a2d5-a978adba429e','2020-12-02 12:15:39','d94aba17-3f7d-4cf4-9e0e-ed4c12a4a71c',0),('d268e365-bcb6-4310-bbd2-d49763c968d4','2020-12-02 12:14:39','d94aba17-3f7d-4cf4-9e0e-ed4c12a4a71c',0),('d86bc5bc-3a54-498e-b312-729980dba94c','2020-12-02 12:11:58','d94aba17-3f7d-4cf4-9e0e-ed4c12a4a71c',0),('dc40abde-14ea-4ecf-ac9b-77b94a4482c5','2020-12-02 12:15:35','d94aba17-3f7d-4cf4-9e0e-ed4c12a4a71c',0),('decebfea-902f-47a6-bc65-006a222df2c3','2020-12-02 12:11:56','d94aba17-3f7d-4cf4-9e0e-ed4c12a4a71c',0),('e1e66a6d-1ff4-4541-beaa-af343d0022ee','2020-12-02 12:11:57','d94aba17-3f7d-4cf4-9e0e-ed4c12a4a71c',0),('ea478009-e157-4a0d-aa0e-802262ad9829','2020-12-02 12:11:55','d94aba17-3f7d-4cf4-9e0e-ed4c12a4a71c',0),('ec0cf1c5-1e49-4dc8-82b2-43b4438f6e3a','2020-12-02 12:11:58','d94aba17-3f7d-4cf4-9e0e-ed4c12a4a71c',0),('ecf45057-c613-4a62-a1ff-903970f981ff','2020-12-02 13:49:33','6645056e-6b73-4a69-9cbf-83f6bfaee074',0),('ed6675cd-ced4-453c-ab2b-15a9770a93a1','2020-12-02 12:12:19','d94aba17-3f7d-4cf4-9e0e-ed4c12a4a71c',0),('f1ff080e-8b52-4477-9e6f-e2ced5c0d651','2020-12-02 12:15:41','d94aba17-3f7d-4cf4-9e0e-ed4c12a4a71c',0),('f48ef12c-4e1c-4914-87b2-478376972a34','2020-12-02 12:12:19','d94aba17-3f7d-4cf4-9e0e-ed4c12a4a71c',0),('f5f796a7-cb3e-4b7c-8d66-206dc931d3e0','2020-12-02 12:15:46','d94aba17-3f7d-4cf4-9e0e-ed4c12a4a71c',0),('f6ca8b91-29ce-4650-a890-5085e40de949','2020-12-02 12:15:49','d94aba17-3f7d-4cf4-9e0e-ed4c12a4a71c',0);
/*!40000 ALTER TABLE `hydra_oauth2_authentication_session` ENABLE KEYS */;
UNLOCK TABLES;

--
-- Table structure for table `hydra_oauth2_code`
--

DROP TABLE IF EXISTS `hydra_oauth2_code`;
/*!40101 SET @saved_cs_client     = @@character_set_client */;
/*!50503 SET character_set_client = utf8mb4 */;
CREATE TABLE `hydra_oauth2_code` (
  `signature` varchar(255) NOT NULL,
  `request_id` varchar(40) NOT NULL DEFAULT '',
  `requested_at` timestamp NOT NULL DEFAULT CURRENT_TIMESTAMP,
  `client_id` varchar(255) NOT NULL DEFAULT '',
  `scope` text NOT NULL,
  `granted_scope` text NOT NULL,
  `form_data` text NOT NULL,
  `session_data` text NOT NULL,
  `subject` varchar(255) NOT NULL DEFAULT '',
  `active` tinyint(1) NOT NULL DEFAULT '1',
  `requested_audience` text NOT NULL,
  `granted_audience` text NOT NULL,
  `challenge_id` varchar(40) DEFAULT NULL,
  PRIMARY KEY (`signature`),
  KEY `hydra_oauth2_code_client_id_idx` (`client_id`),
  KEY `hydra_oauth2_code_challenge_id_fk` (`challenge_id`),
  CONSTRAINT `hydra_oauth2_code_challenge_id_fk` FOREIGN KEY (`challenge_id`) REFERENCES `hydra_oauth2_consent_request_handled` (`challenge`) ON DELETE CASCADE,
  CONSTRAINT `hydra_oauth2_code_client_id_fk` FOREIGN KEY (`client_id`) REFERENCES `hydra_client` (`id`) ON DELETE CASCADE
) ENGINE=InnoDB DEFAULT CHARSET=utf8mb4 COLLATE=utf8mb4_0900_ai_ci;
/*!40101 SET character_set_client = @saved_cs_client */;

--
-- Dumping data for table `hydra_oauth2_code`
--

LOCK TABLES `hydra_oauth2_code` WRITE;
/*!40000 ALTER TABLE `hydra_oauth2_code` DISABLE KEYS */;
INSERT INTO `hydra_oauth2_code` VALUES ('_5We9ADCsg7H-ZRjgRC8txT1aXnHwBZNKhxJ-T2FPS4','23d0406dee8d46ea86ca479c2c49a9f0','2020-12-02 12:12:03','cells-frontend','','openid|profile|offline','redirect_uri=','{\"idToken\":{\"Claims\":{\"JTI\":\"\",\"Issuer\":\"https://0.0.0.0:8080/oidc/\",\"Subject\":\"d94aba17-3f7d-4cf4-9e0e-ed4c12a4a71c\",\"Audience\":null,\"Nonce\":\"\",\"ExpiresAt\":\"0001-01-01T00:00:00Z\",\"IssuedAt\":\"2020-12-02T13:12:02.938105Z\",\"RequestedAt\":\"2020-12-02T13:12:02.938106Z\",\"AuthTime\":\"2020-12-02T13:12:02.938105Z\",\"AccessTokenHash\":\"\",\"AuthenticationContextClassReference\":\"\",\"CodeHash\":\"\",\"Extra\":{\"authSource\":\"Pydio Cells\",\"email\":\"\",\"name\":\"tests_admin\",\"sid\":\"b351fabe-38db-4ba9-9cbf-23ee2c9d5a2a\"}},\"Headers\":{\"Extra\":{\"kid\":\"public:d66213b1-17c1-4f9e-835c-a7c63ad628b1\"}},\"ExpiresAt\":{\"authorize_code\":\"2020-12-02T13:22:02.938201Z\"},\"Username\":\"\",\"Subject\":\"d94aba17-3f7d-4cf4-9e0e-ed4c12a4a71c\"},\"extra\":{},\"KID\":\"\",\"ClientID\":\"cells-frontend\",\"ConsentChallenge\":\"23d0406dee8d46ea86ca479c2c49a9f0\"}','d94aba17-3f7d-4cf4-9e0e-ed4c12a4a71c',0,'','','23d0406dee8d46ea86ca479c2c49a9f0'),('_w8i0nZ8-ZwtvneVQrYiyHvD36MFK1aFc0OaepLzQfY','99624f227bc84b97b1d99fca36d93bb4','2020-12-02 12:15:34','cells-frontend','','openid|profile|offline','redirect_uri=','{\"idToken\":{\"Claims\":{\"JTI\":\"\",\"Issuer\":\"https://0.0.0.0:8080/oidc/\",\"Subject\":\"b4a5fa2b-c555-4c75-b20f-120de9e8bfa6\",\"Audience\":null,\"Nonce\":\"\",\"ExpiresAt\":\"0001-01-01T00:00:00Z\",\"IssuedAt\":\"2020-12-02T13:15:33.802587Z\",\"RequestedAt\":\"2020-12-02T13:15:33.802588Z\",\"AuthTime\":\"2020-12-02T13:15:33.802588Z\",\"AccessTokenHash\":\"\",\"AuthenticationContextClassReference\":\"\",\"CodeHash\":\"\",\"Extra\":{\"authSource\":\"Pydio Cells\",\"email\":\"\",\"name\":\"tests_rw_user\",\"sid\":\"2e43be0d-67b1-4563-b84c-8df49310d6c3\"}},\"Headers\":{\"Extra\":{\"kid\":\"public:d66213b1-17c1-4f9e-835c-a7c63ad628b1\"}},\"ExpiresAt\":{\"authorize_code\":\"2020-12-02T13:25:33.802676Z\"},\"Username\":\"\",\"Subject\":\"b4a5fa2b-c555-4c75-b20f-120de9e8bfa6\"},\"extra\":{},\"KID\":\"\",\"ClientID\":\"cells-frontend\",\"ConsentChallenge\":\"99624f227bc84b97b1d99fca36d93bb4\"}','b4a5fa2b-c555-4c75-b20f-120de9e8bfa6',0,'','','99624f227bc84b97b1d99fca36d93bb4'),('-4_cEvbqT7hXvSay7QzU1bL0pYykcsMZfl2AWAQXY68','da795f8ca20940f0a19d37c671e3ec28','2020-12-02 12:15:39','cells-frontend','','openid|profile|offline','redirect_uri=','{\"idToken\":{\"Claims\":{\"JTI\":\"\",\"Issuer\":\"https://0.0.0.0:8080/oidc/\",\"Subject\":\"d94aba17-3f7d-4cf4-9e0e-ed4c12a4a71c\",\"Audience\":null,\"Nonce\":\"\",\"ExpiresAt\":\"0001-01-01T00:00:00Z\",\"IssuedAt\":\"2020-12-02T13:15:39.369127Z\",\"RequestedAt\":\"2020-12-02T13:15:39.369128Z\",\"AuthTime\":\"2020-12-02T13:15:39.369128Z\",\"AccessTokenHash\":\"\",\"AuthenticationContextClassReference\":\"\",\"CodeHash\":\"\",\"Extra\":{\"authSource\":\"Pydio Cells\",\"email\":\"\",\"name\":\"tests_admin\",\"sid\":\"18da6381-c110-4718-b786-964c75fc1b94\"}},\"Headers\":{\"Extra\":{\"kid\":\"public:d66213b1-17c1-4f9e-835c-a7c63ad628b1\"}},\"ExpiresAt\":{\"authorize_code\":\"2020-12-02T13:25:39.369317Z\"},\"Username\":\"\",\"Subject\":\"d94aba17-3f7d-4cf4-9e0e-ed4c12a4a71c\"},\"extra\":{},\"KID\":\"\",\"ClientID\":\"cells-frontend\",\"ConsentChallenge\":\"da795f8ca20940f0a19d37c671e3ec28\"}','d94aba17-3f7d-4cf4-9e0e-ed4c12a4a71c',0,'','','da795f8ca20940f0a19d37c671e3ec28'),('-4eWVsaU7bmjXMlT9jH1MN5C4-f0dknxe0ksbenF2jc','69ecb9d6cb1a447ab04255f7462a116d','2020-12-02 12:12:19','cells-frontend','','openid|profile|offline','redirect_uri=','{\"idToken\":{\"Claims\":{\"JTI\":\"\",\"Issuer\":\"https://0.0.0.0:8080/oidc/\",\"Subject\":\"d94aba17-3f7d-4cf4-9e0e-ed4c12a4a71c\",\"Audience\":null,\"Nonce\":\"\",\"ExpiresAt\":\"0001-01-01T00:00:00Z\",\"IssuedAt\":\"2020-12-02T13:12:18.667203Z\",\"RequestedAt\":\"2020-12-02T13:12:18.667203Z\",\"AuthTime\":\"2020-12-02T13:12:18.667203Z\",\"AccessTokenHash\":\"\",\"AuthenticationContextClassReference\":\"\",\"CodeHash\":\"\",\"Extra\":{\"authSource\":\"Pydio Cells\",\"email\":\"\",\"name\":\"tests_admin\",\"sid\":\"f48ef12c-4e1c-4914-87b2-478376972a34\"}},\"Headers\":{\"Extra\":{\"kid\":\"public:d66213b1-17c1-4f9e-835c-a7c63ad628b1\"}},\"ExpiresAt\":{\"authorize_code\":\"2020-12-02T13:22:18.667335Z\"},\"Username\":\"\",\"Subject\":\"d94aba17-3f7d-4cf4-9e0e-ed4c12a4a71c\"},\"extra\":{},\"KID\":\"\",\"ClientID\":\"cells-frontend\",\"ConsentChallenge\":\"69ecb9d6cb1a447ab04255f7462a116d\"}','d94aba17-3f7d-4cf4-9e0e-ed4c12a4a71c',0,'','','69ecb9d6cb1a447ab04255f7462a116d'),('-FhksSDYgjA1hKVv_6mUcDGNB5CzEK78kzCzDNwlobw','918a0c4570dd428994172bd130c06e1b','2020-12-02 12:15:34','cells-frontend','','openid|profile|offline','redirect_uri=','{\"idToken\":{\"Claims\":{\"JTI\":\"\",\"Issuer\":\"https://0.0.0.0:8080/oidc/\",\"Subject\":\"d94aba17-3f7d-4cf4-9e0e-ed4c12a4a71c\",\"Audience\":null,\"Nonce\":\"\",\"ExpiresAt\":\"0001-01-01T00:00:00Z\",\"IssuedAt\":\"2020-12-02T13:15:33.561723Z\",\"RequestedAt\":\"2020-12-02T13:15:33.561724Z\",\"AuthTime\":\"2020-12-02T13:15:33.561724Z\",\"AccessTokenHash\":\"\",\"AuthenticationContextClassReference\":\"\",\"CodeHash\":\"\",\"Extra\":{\"authSource\":\"Pydio Cells\",\"email\":\"\",\"name\":\"tests_admin\",\"sid\":\"5740d4a0-6df4-4238-bea2-35a15ab7c9f8\"}},\"Headers\":{\"Extra\":{\"kid\":\"public:d66213b1-17c1-4f9e-835c-a7c63ad628b1\"}},\"ExpiresAt\":{\"authorize_code\":\"2020-12-02T13:25:33.561812Z\"},\"Username\":\"\",\"Subject\":\"d94aba17-3f7d-4cf4-9e0e-ed4c12a4a71c\"},\"extra\":{},\"KID\":\"\",\"ClientID\":\"cells-frontend\",\"ConsentChallenge\":\"918a0c4570dd428994172bd130c06e1b\"}','d94aba17-3f7d-4cf4-9e0e-ed4c12a4a71c',0,'','','918a0c4570dd428994172bd130c06e1b'),('5IdijtRDmCUPQ9vi4O2AAqbMFSG0OilgRNvdq-8cRis','ae14f2eae88e47f6be0e0ad8b9e6969d','2020-12-02 12:15:35','cells-frontend','','openid|profile|offline','redirect_uri=','{\"idToken\":{\"Claims\":{\"JTI\":\"\",\"Issuer\":\"https://0.0.0.0:8080/oidc/\",\"Subject\":\"d94aba17-3f7d-4cf4-9e0e-ed4c12a4a71c\",\"Audience\":null,\"Nonce\":\"\",\"ExpiresAt\":\"0001-01-01T00:00:00Z\",\"IssuedAt\":\"2020-12-02T13:15:35.442841Z\",\"RequestedAt\":\"2020-12-02T13:15:35.442842Z\",\"AuthTime\":\"2020-12-02T13:15:35.442841Z\",\"AccessTokenHash\":\"\",\"AuthenticationContextClassReference\":\"\",\"CodeHash\":\"\",\"Extra\":{\"authSource\":\"Pydio Cells\",\"email\":\"\",\"name\":\"tests_admin\",\"sid\":\"9001ba79-2061-4415-b63b-fb80929fb1c2\"}},\"Headers\":{\"Extra\":{\"kid\":\"public:d66213b1-17c1-4f9e-835c-a7c63ad628b1\"}},\"ExpiresAt\":{\"authorize_code\":\"2020-12-02T13:25:35.442929Z\"},\"Username\":\"\",\"Subject\":\"d94aba17-3f7d-4cf4-9e0e-ed4c12a4a71c\"},\"extra\":{},\"KID\":\"\",\"ClientID\":\"cells-frontend\",\"ConsentChallenge\":\"ae14f2eae88e47f6be0e0ad8b9e6969d\"}','d94aba17-3f7d-4cf4-9e0e-ed4c12a4a71c',0,'','','ae14f2eae88e47f6be0e0ad8b9e6969d'),('5xcIJ6DZqZ5Rssefo9wz_VM1rZzgUw_KT2HjERBVYcw','3b2fb15590754793bdfe6a8f8b4fd501','2020-12-02 12:15:40','cells-frontend','','openid|profile|offline','redirect_uri=','{\"idToken\":{\"Claims\":{\"JTI\":\"\",\"Issuer\":\"https://0.0.0.0:8080/oidc/\",\"Subject\":\"d94aba17-3f7d-4cf4-9e0e-ed4c12a4a71c\",\"Audience\":null,\"Nonce\":\"\",\"ExpiresAt\":\"0001-01-01T00:00:00Z\",\"IssuedAt\":\"2020-12-02T13:15:39.786979Z\",\"RequestedAt\":\"2020-12-02T13:15:39.78698Z\",\"AuthTime\":\"2020-12-02T13:15:39.786979Z\",\"AccessTokenHash\":\"\",\"AuthenticationContextClassReference\":\"\",\"CodeHash\":\"\",\"Extra\":{\"authSource\":\"Pydio Cells\",\"email\":\"\",\"name\":\"tests_admin\",\"sid\":\"a2780f1d-b940-4d28-afdf-6ed77e08c91c\"}},\"Headers\":{\"Extra\":{\"kid\":\"public:d66213b1-17c1-4f9e-835c-a7c63ad628b1\"}},\"ExpiresAt\":{\"authorize_code\":\"2020-12-02T13:25:39.787111Z\"},\"Username\":\"\",\"Subject\":\"d94aba17-3f7d-4cf4-9e0e-ed4c12a4a71c\"},\"extra\":{},\"KID\":\"\",\"ClientID\":\"cells-frontend\",\"ConsentChallenge\":\"3b2fb15590754793bdfe6a8f8b4fd501\"}','d94aba17-3f7d-4cf4-9e0e-ed4c12a4a71c',0,'','','3b2fb15590754793bdfe6a8f8b4fd501'),('6J2hh6beZFoSRJ5TY8F3dwUhRRDeD0gm7wAB_mfEnM0','9c0c55739b23474191c8f369e10ddea7','2020-12-02 12:11:56','cells-frontend','','openid|profile|offline','redirect_uri=','{\"idToken\":{\"Claims\":{\"JTI\":\"\",\"Issuer\":\"https://0.0.0.0:8080/oidc/\",\"Subject\":\"d94aba17-3f7d-4cf4-9e0e-ed4c12a4a71c\",\"Audience\":null,\"Nonce\":\"\",\"ExpiresAt\":\"0001-01-01T00:00:00Z\",\"IssuedAt\":\"2020-12-02T13:11:56.249564Z\",\"RequestedAt\":\"2020-12-02T13:11:56.249565Z\",\"AuthTime\":\"2020-12-02T13:11:56.249565Z\",\"AccessTokenHash\":\"\",\"AuthenticationContextClassReference\":\"\",\"CodeHash\":\"\",\"Extra\":{\"authSource\":\"Pydio Cells\",\"email\":\"\",\"name\":\"tests_admin\",\"sid\":\"ad68c870-f118-4a65-a56b-8ec745eb437d\"}},\"Headers\":{\"Extra\":{\"kid\":\"public:d66213b1-17c1-4f9e-835c-a7c63ad628b1\"}},\"ExpiresAt\":{\"authorize_code\":\"2020-12-02T13:21:56.249657Z\"},\"Username\":\"\",\"Subject\":\"d94aba17-3f7d-4cf4-9e0e-ed4c12a4a71c\"},\"extra\":{},\"KID\":\"\",\"ClientID\":\"cells-frontend\",\"ConsentChallenge\":\"9c0c55739b23474191c8f369e10ddea7\"}','d94aba17-3f7d-4cf4-9e0e-ed4c12a4a71c',0,'','','9c0c55739b23474191c8f369e10ddea7'),('6w4AaoeIkh-WJnl3F3eBEM46RA6PrxT8X55Ry-oaL4Y','610e692c5cb94b41b68103d87c519a47','2020-12-02 12:12:18','cells-frontend','','openid|profile|offline','redirect_uri=','{\"idToken\":{\"Claims\":{\"JTI\":\"\",\"Issuer\":\"https://0.0.0.0:8080/oidc/\",\"Subject\":\"d94aba17-3f7d-4cf4-9e0e-ed4c12a4a71c\",\"Audience\":null,\"Nonce\":\"\",\"ExpiresAt\":\"0001-01-01T00:00:00Z\",\"IssuedAt\":\"2020-12-02T13:12:17.720369Z\",\"RequestedAt\":\"2020-12-02T13:12:17.720369Z\",\"AuthTime\":\"2020-12-02T13:12:17.720369Z\",\"AccessTokenHash\":\"\",\"AuthenticationContextClassReference\":\"\",\"CodeHash\":\"\",\"Extra\":{\"authSource\":\"Pydio Cells\",\"email\":\"\",\"name\":\"tests_admin\",\"sid\":\"8cf50aaf-3cef-45ca-be79-a17061d888a9\"}},\"Headers\":{\"Extra\":{\"kid\":\"public:d66213b1-17c1-4f9e-835c-a7c63ad628b1\"}},\"ExpiresAt\":{\"authorize_code\":\"2020-12-02T13:22:17.720482Z\"},\"Username\":\"\",\"Subject\":\"d94aba17-3f7d-4cf4-9e0e-ed4c12a4a71c\"},\"extra\":{},\"KID\":\"\",\"ClientID\":\"cells-frontend\",\"ConsentChallenge\":\"610e692c5cb94b41b68103d87c519a47\"}','d94aba17-3f7d-4cf4-9e0e-ed4c12a4a71c',0,'','','610e692c5cb94b41b68103d87c519a47'),('7N303AcRyGB9iXFyxQ9h0KlSRgRiT71NHwA6Kv1pmXg','89ae66e4015a4ea08d3e484f8342e92d','2020-12-02 12:11:56','cells-frontend','','openid|profile|offline','redirect_uri=','{\"idToken\":{\"Claims\":{\"JTI\":\"\",\"Issuer\":\"https://0.0.0.0:8080/oidc/\",\"Subject\":\"d94aba17-3f7d-4cf4-9e0e-ed4c12a4a71c\",\"Audience\":null,\"Nonce\":\"\",\"ExpiresAt\":\"0001-01-01T00:00:00Z\",\"IssuedAt\":\"2020-12-02T13:11:55.971178Z\",\"RequestedAt\":\"2020-12-02T13:11:55.971178Z\",\"AuthTime\":\"2020-12-02T13:11:55.971178Z\",\"AccessTokenHash\":\"\",\"AuthenticationContextClassReference\":\"\",\"CodeHash\":\"\",\"Extra\":{\"authSource\":\"Pydio Cells\",\"email\":\"\",\"name\":\"tests_admin\",\"sid\":\"decebfea-902f-47a6-bc65-006a222df2c3\"}},\"Headers\":{\"Extra\":{\"kid\":\"public:d66213b1-17c1-4f9e-835c-a7c63ad628b1\"}},\"ExpiresAt\":{\"authorize_code\":\"2020-12-02T13:21:55.971287Z\"},\"Username\":\"\",\"Subject\":\"d94aba17-3f7d-4cf4-9e0e-ed4c12a4a71c\"},\"extra\":{},\"KID\":\"\",\"ClientID\":\"cells-frontend\",\"ConsentChallenge\":\"89ae66e4015a4ea08d3e484f8342e92d\"}','d94aba17-3f7d-4cf4-9e0e-ed4c12a4a71c',0,'','','89ae66e4015a4ea08d3e484f8342e92d'),('9h9cnCH2h12qsZLOewM338vqfo3lkiVZK_lXf5oJwJA','1e06d92b44764ce0830b9617894a68d2','2020-12-02 12:11:57','cells-frontend','','openid|profile|offline','redirect_uri=','{\"idToken\":{\"Claims\":{\"JTI\":\"\",\"Issuer\":\"https://0.0.0.0:8080/oidc/\",\"Subject\":\"d94aba17-3f7d-4cf4-9e0e-ed4c12a4a71c\",\"Audience\":null,\"Nonce\":\"\",\"ExpiresAt\":\"0001-01-01T00:00:00Z\",\"IssuedAt\":\"2020-12-02T13:11:57.278753Z\",\"RequestedAt\":\"2020-12-02T13:11:57.278754Z\",\"AuthTime\":\"2020-12-02T13:11:57.278753Z\",\"AccessTokenHash\":\"\",\"AuthenticationContextClassReference\":\"\",\"CodeHash\":\"\",\"Extra\":{\"authSource\":\"Pydio Cells\",\"email\":\"\",\"name\":\"tests_admin\",\"sid\":\"e1e66a6d-1ff4-4541-beaa-af343d0022ee\"}},\"Headers\":{\"Extra\":{\"kid\":\"public:d66213b1-17c1-4f9e-835c-a7c63ad628b1\"}},\"ExpiresAt\":{\"authorize_code\":\"2020-12-02T13:21:57.278839Z\"},\"Username\":\"\",\"Subject\":\"d94aba17-3f7d-4cf4-9e0e-ed4c12a4a71c\"},\"extra\":{},\"KID\":\"\",\"ClientID\":\"cells-frontend\",\"ConsentChallenge\":\"1e06d92b44764ce0830b9617894a68d2\"}','d94aba17-3f7d-4cf4-9e0e-ed4c12a4a71c',0,'','','1e06d92b44764ce0830b9617894a68d2'),('9lao7E_uJsP317akDa5iP359lWP-U66EKENF8_vK3_Y','adbd89367d5749438a32e156a1cbda66','2020-12-02 12:14:39','cells-frontend','','openid|profile|offline','redirect_uri=','{\"idToken\":{\"Claims\":{\"JTI\":\"\",\"Issuer\":\"https://0.0.0.0:8080/oidc/\",\"Subject\":\"d94aba17-3f7d-4cf4-9e0e-ed4c12a4a71c\",\"Audience\":null,\"Nonce\":\"\",\"ExpiresAt\":\"0001-01-01T00:00:00Z\",\"IssuedAt\":\"2020-12-02T13:14:38.529113Z\",\"RequestedAt\":\"2020-12-02T13:14:38.529113Z\",\"AuthTime\":\"2020-12-02T13:14:38.529113Z\",\"AccessTokenHash\":\"\",\"AuthenticationContextClassReference\":\"\",\"CodeHash\":\"\",\"Extra\":{\"authSource\":\"Pydio Cells\",\"email\":\"\",\"name\":\"tests_admin\",\"sid\":\"d268e365-bcb6-4310-bbd2-d49763c968d4\"}},\"Headers\":{\"Extra\":{\"kid\":\"public:d66213b1-17c1-4f9e-835c-a7c63ad628b1\"}},\"ExpiresAt\":{\"authorize_code\":\"2020-12-02T13:24:38.529195Z\"},\"Username\":\"\",\"Subject\":\"d94aba17-3f7d-4cf4-9e0e-ed4c12a4a71c\"},\"extra\":{},\"KID\":\"\",\"ClientID\":\"cells-frontend\",\"ConsentChallenge\":\"adbd89367d5749438a32e156a1cbda66\"}','d94aba17-3f7d-4cf4-9e0e-ed4c12a4a71c',0,'','','adbd89367d5749438a32e156a1cbda66'),('aSepYupXmHGbxRVnPahJGNa_1nY7MaWirFuxMQSgvXA','bd315cb1c89d4c42bb6510153460b29b','2020-12-02 12:15:49','cells-frontend','','openid|profile|offline','redirect_uri=','{\"idToken\":{\"Claims\":{\"JTI\":\"\",\"Issuer\":\"https://0.0.0.0:8080/oidc/\",\"Subject\":\"d94aba17-3f7d-4cf4-9e0e-ed4c12a4a71c\",\"Audience\":null,\"Nonce\":\"\",\"ExpiresAt\":\"0001-01-01T00:00:00Z\",\"IssuedAt\":\"2020-12-02T13:15:49.265973Z\",\"RequestedAt\":\"2020-12-02T13:15:49.265973Z\",\"AuthTime\":\"2020-12-02T13:15:49.265973Z\",\"AccessTokenHash\":\"\",\"AuthenticationContextClassReference\":\"\",\"CodeHash\":\"\",\"Extra\":{\"authSource\":\"Pydio Cells\",\"email\":\"\",\"name\":\"tests_admin\",\"sid\":\"f6ca8b91-29ce-4650-a890-5085e40de949\"}},\"Headers\":{\"Extra\":{\"kid\":\"public:d66213b1-17c1-4f9e-835c-a7c63ad628b1\"}},\"ExpiresAt\":{\"authorize_code\":\"2020-12-02T13:25:49.266111Z\"},\"Username\":\"\",\"Subject\":\"d94aba17-3f7d-4cf4-9e0e-ed4c12a4a71c\"},\"extra\":{},\"KID\":\"\",\"ClientID\":\"cells-frontend\",\"ConsentChallenge\":\"bd315cb1c89d4c42bb6510153460b29b\"}','d94aba17-3f7d-4cf4-9e0e-ed4c12a4a71c',0,'','','bd315cb1c89d4c42bb6510153460b29b'),('BAK3Ci6rAgbhYfvdL7ZFrpgXmnv-94e6XPRxsK-Ox78','bab62e4531dc46d8b2aa30b33e8fd784','2020-12-02 12:15:41','cells-frontend','','openid|profile|offline','redirect_uri=','{\"idToken\":{\"Claims\":{\"JTI\":\"\",\"Issuer\":\"https://0.0.0.0:8080/oidc/\",\"Subject\":\"b4a5fa2b-c555-4c75-b20f-120de9e8bfa6\",\"Audience\":null,\"Nonce\":\"\",\"ExpiresAt\":\"0001-01-01T00:00:00Z\",\"IssuedAt\":\"2020-12-02T13:15:40.82295Z\",\"RequestedAt\":\"2020-12-02T13:15:40.82295Z\",\"AuthTime\":\"2020-12-02T13:15:40.82295Z\",\"AccessTokenHash\":\"\",\"AuthenticationContextClassReference\":\"\",\"CodeHash\":\"\",\"Extra\":{\"authSource\":\"Pydio Cells\",\"email\":\"\",\"name\":\"tests_rw_user\",\"sid\":\"3f82b34d-200e-4354-8298-1121df144d5e\"}},\"Headers\":{\"Extra\":{\"kid\":\"public:d66213b1-17c1-4f9e-835c-a7c63ad628b1\"}},\"ExpiresAt\":{\"authorize_code\":\"2020-12-02T13:25:40.823065Z\"},\"Username\":\"\",\"Subject\":\"b4a5fa2b-c555-4c75-b20f-120de9e8bfa6\"},\"extra\":{},\"KID\":\"\",\"ClientID\":\"cells-frontend\",\"ConsentChallenge\":\"bab62e4531dc46d8b2aa30b33e8fd784\"}','b4a5fa2b-c555-4c75-b20f-120de9e8bfa6',0,'','','bab62e4531dc46d8b2aa30b33e8fd784'),('C_GVclvcvVD7-yf3MZC-bssTrhl5UgNku4DMTZfQF_o','1c7674b31ed146dcbeccc90c83dfc3e1','2020-12-02 12:11:55','cells-frontend','','openid|profile|offline','redirect_uri=','{\"idToken\":{\"Claims\":{\"JTI\":\"\",\"Issuer\":\"https://0.0.0.0:8080/oidc/\",\"Subject\":\"d94aba17-3f7d-4cf4-9e0e-ed4c12a4a71c\",\"Audience\":null,\"Nonce\":\"\",\"ExpiresAt\":\"0001-01-01T00:00:00Z\",\"IssuedAt\":\"2020-12-02T13:11:55.484936Z\",\"RequestedAt\":\"2020-12-02T13:11:55.484937Z\",\"AuthTime\":\"2020-12-02T13:11:55.484937Z\",\"AccessTokenHash\":\"\",\"AuthenticationContextClassReference\":\"\",\"CodeHash\":\"\",\"Extra\":{\"authSource\":\"Pydio Cells\",\"email\":\"\",\"name\":\"tests_admin\",\"sid\":\"9d5f60b1-fb62-41fc-8ad5-efeb6e23db22\"}},\"Headers\":{\"Extra\":{\"kid\":\"public:d66213b1-17c1-4f9e-835c-a7c63ad628b1\"}},\"ExpiresAt\":{\"authorize_code\":\"2020-12-02T13:21:55.485074Z\"},\"Username\":\"\",\"Subject\":\"d94aba17-3f7d-4cf4-9e0e-ed4c12a4a71c\"},\"extra\":{},\"KID\":\"\",\"ClientID\":\"cells-frontend\",\"ConsentChallenge\":\"1c7674b31ed146dcbeccc90c83dfc3e1\"}','d94aba17-3f7d-4cf4-9e0e-ed4c12a4a71c',0,'','','1c7674b31ed146dcbeccc90c83dfc3e1'),('du2GvOgu3YEUHe8p_4PWzcSuylttLmOobKbQLmHXa1E','4f9998cf96be4b6ba9d2b6245d43e732','2020-12-02 12:15:40','cells-frontend','','openid|profile|offline','redirect_uri=','{\"idToken\":{\"Claims\":{\"JTI\":\"\",\"Issuer\":\"https://0.0.0.0:8080/oidc/\",\"Subject\":\"d94aba17-3f7d-4cf4-9e0e-ed4c12a4a71c\",\"Audience\":null,\"Nonce\":\"\",\"ExpiresAt\":\"0001-01-01T00:00:00Z\",\"IssuedAt\":\"2020-12-02T13:15:39.775618Z\",\"RequestedAt\":\"2020-12-02T13:15:39.775619Z\",\"AuthTime\":\"2020-12-02T13:15:39.775619Z\",\"AccessTokenHash\":\"\",\"AuthenticationContextClassReference\":\"\",\"CodeHash\":\"\",\"Extra\":{\"authSource\":\"Pydio Cells\",\"email\":\"\",\"name\":\"tests_admin\",\"sid\":\"6e65056f-f3a1-4bf4-9412-2228646b05d4\"}},\"Headers\":{\"Extra\":{\"kid\":\"public:d66213b1-17c1-4f9e-835c-a7c63ad628b1\"}},\"ExpiresAt\":{\"authorize_code\":\"2020-12-02T13:25:39.775764Z\"},\"Username\":\"\",\"Subject\":\"d94aba17-3f7d-4cf4-9e0e-ed4c12a4a71c\"},\"extra\":{},\"KID\":\"\",\"ClientID\":\"cells-frontend\",\"ConsentChallenge\":\"4f9998cf96be4b6ba9d2b6245d43e732\"}','d94aba17-3f7d-4cf4-9e0e-ed4c12a4a71c',0,'','','4f9998cf96be4b6ba9d2b6245d43e732'),('FanDjZaLQjzK4wyjVV0h_YCaKJKCuDRl0EcsfEPOj5A','8da530dfdfbd480b86e99a46122a6ed7','2020-12-04 07:30:21','cells-frontend','','openid|profile|offline','redirect_uri=','{\"idToken\":{\"Claims\":{\"JTI\":\"\",\"Issuer\":\"https://0.0.0.0:8080/oidc/\",\"Subject\":\"6645056e-6b73-4a69-9cbf-83f6bfaee074\",\"Audience\":null,\"Nonce\":\"\",\"ExpiresAt\":\"0001-01-01T00:00:00Z\",\"IssuedAt\":\"2020-12-04T08:30:21.266285Z\",\"RequestedAt\":\"2020-12-04T08:30:21.266286Z\",\"AuthTime\":\"2020-12-04T08:30:21.266285Z\",\"AccessTokenHash\":\"\",\"AuthenticationContextClassReference\":\"\",\"CodeHash\":\"\",\"Extra\":{\"authSource\":\"Pydio Cells\",\"email\":\"\",\"name\":\"admin\",\"sid\":\"24d3f3de-aac0-4771-a053-2b6773c5c89f\"}},\"Headers\":{\"Extra\":{\"kid\":\"public:d66213b1-17c1-4f9e-835c-a7c63ad628b1\"}},\"ExpiresAt\":{\"authorize_code\":\"2020-12-04T08:40:21.267824Z\"},\"Username\":\"\",\"Subject\":\"6645056e-6b73-4a69-9cbf-83f6bfaee074\"},\"extra\":{},\"KID\":\"\",\"ClientID\":\"cells-frontend\",\"ConsentChallenge\":\"8da530dfdfbd480b86e99a46122a6ed7\"}','6645056e-6b73-4a69-9cbf-83f6bfaee074',0,'','','8da530dfdfbd480b86e99a46122a6ed7'),('FoCABtMoLK9SBm1Mq5Baem3WvWoB2gmzfOHzhKQbXm4','83905a6ab3e44dd4a602912054b3918e','2020-12-02 12:15:42','cells-frontend','','openid|profile|offline','redirect_uri=','{\"idToken\":{\"Claims\":{\"JTI\":\"\",\"Issuer\":\"https://0.0.0.0:8080/oidc/\",\"Subject\":\"b4a5fa2b-c555-4c75-b20f-120de9e8bfa6\",\"Audience\":null,\"Nonce\":\"\",\"ExpiresAt\":\"0001-01-01T00:00:00Z\",\"IssuedAt\":\"2020-12-02T13:15:41.770898Z\",\"RequestedAt\":\"2020-12-02T13:15:41.770899Z\",\"AuthTime\":\"2020-12-02T13:15:41.770899Z\",\"AccessTokenHash\":\"\",\"AuthenticationContextClassReference\":\"\",\"CodeHash\":\"\",\"Extra\":{\"authSource\":\"Pydio Cells\",\"email\":\"\",\"name\":\"tests_rw_user\",\"sid\":\"97b7be4f-fc0d-4132-8725-afa665d1dd7a\"}},\"Headers\":{\"Extra\":{\"kid\":\"public:d66213b1-17c1-4f9e-835c-a7c63ad628b1\"}},\"ExpiresAt\":{\"authorize_code\":\"2020-12-02T13:25:41.771033Z\"},\"Username\":\"\",\"Subject\":\"b4a5fa2b-c555-4c75-b20f-120de9e8bfa6\"},\"extra\":{},\"KID\":\"\",\"ClientID\":\"cells-frontend\",\"ConsentChallenge\":\"83905a6ab3e44dd4a602912054b3918e\"}','b4a5fa2b-c555-4c75-b20f-120de9e8bfa6',0,'','','83905a6ab3e44dd4a602912054b3918e'),('gv1wh0ktI81V6AIRzYXe6kTCsRtNmCApLPVB0Nu0og8','53a8f945eb274478b9baa2e394b93bcb','2020-12-02 12:15:33','cells-frontend','','openid|profile|offline','redirect_uri=','{\"idToken\":{\"Claims\":{\"JTI\":\"\",\"Issuer\":\"https://0.0.0.0:8080/oidc/\",\"Subject\":\"d94aba17-3f7d-4cf4-9e0e-ed4c12a4a71c\",\"Audience\":null,\"Nonce\":\"\",\"ExpiresAt\":\"0001-01-01T00:00:00Z\",\"IssuedAt\":\"2020-12-02T13:15:33.309609Z\",\"RequestedAt\":\"2020-12-02T13:15:33.309609Z\",\"AuthTime\":\"2020-12-02T13:15:33.309609Z\",\"AccessTokenHash\":\"\",\"AuthenticationContextClassReference\":\"\",\"CodeHash\":\"\",\"Extra\":{\"authSource\":\"Pydio Cells\",\"email\":\"\",\"name\":\"tests_admin\",\"sid\":\"c446b3ec-9591-4c48-865d-fc117ec65ea8\"}},\"Headers\":{\"Extra\":{\"kid\":\"public:d66213b1-17c1-4f9e-835c-a7c63ad628b1\"}},\"ExpiresAt\":{\"authorize_code\":\"2020-12-02T13:25:33.309728Z\"},\"Username\":\"\",\"Subject\":\"d94aba17-3f7d-4cf4-9e0e-ed4c12a4a71c\"},\"extra\":{},\"KID\":\"\",\"ClientID\":\"cells-frontend\",\"ConsentChallenge\":\"53a8f945eb274478b9baa2e394b93bcb\"}','d94aba17-3f7d-4cf4-9e0e-ed4c12a4a71c',0,'','','53a8f945eb274478b9baa2e394b93bcb'),('GXRvVWxioA3eHcw4Q8q9zoy2i5GqzzY9DA80OWwHmXs','9798ccec275d4c258a1919783e75ce7b','2020-12-02 12:15:55','cells-frontend','','openid|profile|offline','redirect_uri=','{\"idToken\":{\"Claims\":{\"JTI\":\"\",\"Issuer\":\"https://0.0.0.0:8080/oidc/\",\"Subject\":\"d94aba17-3f7d-4cf4-9e0e-ed4c12a4a71c\",\"Audience\":null,\"Nonce\":\"\",\"ExpiresAt\":\"0001-01-01T00:00:00Z\",\"IssuedAt\":\"2020-12-02T13:15:55.026822Z\",\"RequestedAt\":\"2020-12-02T13:15:55.026823Z\",\"AuthTime\":\"2020-12-02T13:15:55.026823Z\",\"AccessTokenHash\":\"\",\"AuthenticationContextClassReference\":\"\",\"CodeHash\":\"\",\"Extra\":{\"authSource\":\"Pydio Cells\",\"email\":\"\",\"name\":\"tests_admin\",\"sid\":\"8c0b2417-4543-442d-98c4-888992a9d397\"}},\"Headers\":{\"Extra\":{\"kid\":\"public:d66213b1-17c1-4f9e-835c-a7c63ad628b1\"}},\"ExpiresAt\":{\"authorize_code\":\"2020-12-02T13:25:55.026909Z\"},\"Username\":\"\",\"Subject\":\"d94aba17-3f7d-4cf4-9e0e-ed4c12a4a71c\"},\"extra\":{},\"KID\":\"\",\"ClientID\":\"cells-frontend\",\"ConsentChallenge\":\"9798ccec275d4c258a1919783e75ce7b\"}','d94aba17-3f7d-4cf4-9e0e-ed4c12a4a71c',0,'','','9798ccec275d4c258a1919783e75ce7b'),('HhM5J1iUCmR9D_0azMd-KqzDvM_VaRCTiGT0PUfN544','6229401d3194495c88b2f7ecc6af40e4','2020-12-02 12:15:40','cells-frontend','','openid|profile|offline','redirect_uri=','{\"idToken\":{\"Claims\":{\"JTI\":\"\",\"Issuer\":\"https://0.0.0.0:8080/oidc/\",\"Subject\":\"d94aba17-3f7d-4cf4-9e0e-ed4c12a4a71c\",\"Audience\":null,\"Nonce\":\"\",\"ExpiresAt\":\"0001-01-01T00:00:00Z\",\"IssuedAt\":\"2020-12-02T13:15:39.819876Z\",\"RequestedAt\":\"2020-12-02T13:15:39.819877Z\",\"AuthTime\":\"2020-12-02T13:15:39.819877Z\",\"AccessTokenHash\":\"\",\"AuthenticationContextClassReference\":\"\",\"CodeHash\":\"\",\"Extra\":{\"authSource\":\"Pydio Cells\",\"email\":\"\",\"name\":\"tests_admin\",\"sid\":\"3cdff508-b75a-4d02-8b1d-e812ebf84da1\"}},\"Headers\":{\"Extra\":{\"kid\":\"public:d66213b1-17c1-4f9e-835c-a7c63ad628b1\"}},\"ExpiresAt\":{\"authorize_code\":\"2020-12-02T13:25:39.820606Z\"},\"Username\":\"\",\"Subject\":\"d94aba17-3f7d-4cf4-9e0e-ed4c12a4a71c\"},\"extra\":{},\"KID\":\"\",\"ClientID\":\"cells-frontend\",\"ConsentChallenge\":\"6229401d3194495c88b2f7ecc6af40e4\"}','d94aba17-3f7d-4cf4-9e0e-ed4c12a4a71c',0,'','','6229401d3194495c88b2f7ecc6af40e4'),('hnPYpuf2UQF4HsTQXXUpyKU6DSkrZd88mSao35B3WIM','6d98995c95a340e5a663498789980c98','2020-12-02 12:12:19','cells-frontend','','openid|profile|offline','redirect_uri=','{\"idToken\":{\"Claims\":{\"JTI\":\"\",\"Issuer\":\"https://0.0.0.0:8080/oidc/\",\"Subject\":\"d94aba17-3f7d-4cf4-9e0e-ed4c12a4a71c\",\"Audience\":null,\"Nonce\":\"\",\"ExpiresAt\":\"0001-01-01T00:00:00Z\",\"IssuedAt\":\"2020-12-02T13:12:18.91569Z\",\"RequestedAt\":\"2020-12-02T13:12:18.915691Z\",\"AuthTime\":\"2020-12-02T13:12:18.915691Z\",\"AccessTokenHash\":\"\",\"AuthenticationContextClassReference\":\"\",\"CodeHash\":\"\",\"Extra\":{\"authSource\":\"Pydio Cells\",\"email\":\"\",\"name\":\"tests_admin\",\"sid\":\"96916c85-34f3-4674-b271-2f31211b1c50\"}},\"Headers\":{\"Extra\":{\"kid\":\"public:d66213b1-17c1-4f9e-835c-a7c63ad628b1\"}},\"ExpiresAt\":{\"authorize_code\":\"2020-12-02T13:22:18.915785Z\"},\"Username\":\"\",\"Subject\":\"d94aba17-3f7d-4cf4-9e0e-ed4c12a4a71c\"},\"extra\":{},\"KID\":\"\",\"ClientID\":\"cells-frontend\",\"ConsentChallenge\":\"6d98995c95a340e5a663498789980c98\"}','d94aba17-3f7d-4cf4-9e0e-ed4c12a4a71c',0,'','','6d98995c95a340e5a663498789980c98'),('hSbzltgViHOjl8QaVSafCRyXI-ZIkwMgd70w8JKghaM','db3df18938974a41a6bfca4274bdbeb3','2020-12-02 12:15:41','cells-frontend','','openid|profile|offline','redirect_uri=','{\"idToken\":{\"Claims\":{\"JTI\":\"\",\"Issuer\":\"https://0.0.0.0:8080/oidc/\",\"Subject\":\"d94aba17-3f7d-4cf4-9e0e-ed4c12a4a71c\",\"Audience\":null,\"Nonce\":\"\",\"ExpiresAt\":\"0001-01-01T00:00:00Z\",\"IssuedAt\":\"2020-12-02T13:15:40.594636Z\",\"RequestedAt\":\"2020-12-02T13:15:40.594637Z\",\"AuthTime\":\"2020-12-02T13:15:40.594637Z\",\"AccessTokenHash\":\"\",\"AuthenticationContextClassReference\":\"\",\"CodeHash\":\"\",\"Extra\":{\"authSource\":\"Pydio Cells\",\"email\":\"\",\"name\":\"tests_admin\",\"sid\":\"a2601d07-4ac0-475a-8f65-ca5bea9efc0c\"}},\"Headers\":{\"Extra\":{\"kid\":\"public:d66213b1-17c1-4f9e-835c-a7c63ad628b1\"}},\"ExpiresAt\":{\"authorize_code\":\"2020-12-02T13:25:40.594753Z\"},\"Username\":\"\",\"Subject\":\"d94aba17-3f7d-4cf4-9e0e-ed4c12a4a71c\"},\"extra\":{},\"KID\":\"\",\"ClientID\":\"cells-frontend\",\"ConsentChallenge\":\"db3df18938974a41a6bfca4274bdbeb3\"}','d94aba17-3f7d-4cf4-9e0e-ed4c12a4a71c',0,'','','db3df18938974a41a6bfca4274bdbeb3'),('ieURHoLTlU-mOL_6GH0PFWJXqoUb_v9gDUvs-ACPXDw','366535ed5f7e443d95c78ea0da4916de','2020-12-02 12:12:20','cells-frontend','','openid|profile|offline','redirect_uri=','{\"idToken\":{\"Claims\":{\"JTI\":\"\",\"Issuer\":\"https://0.0.0.0:8080/oidc/\",\"Subject\":\"d94aba17-3f7d-4cf4-9e0e-ed4c12a4a71c\",\"Audience\":null,\"Nonce\":\"\",\"ExpiresAt\":\"0001-01-01T00:00:00Z\",\"IssuedAt\":\"2020-12-02T13:12:19.960841Z\",\"RequestedAt\":\"2020-12-02T13:12:19.960842Z\",\"AuthTime\":\"2020-12-02T13:12:19.960842Z\",\"AccessTokenHash\":\"\",\"AuthenticationContextClassReference\":\"\",\"CodeHash\":\"\",\"Extra\":{\"authSource\":\"Pydio Cells\",\"email\":\"\",\"name\":\"tests_admin\",\"sid\":\"4baa422e-1489-460d-ae48-2bbe2055c69e\"}},\"Headers\":{\"Extra\":{\"kid\":\"public:d66213b1-17c1-4f9e-835c-a7c63ad628b1\"}},\"ExpiresAt\":{\"authorize_code\":\"2020-12-02T13:22:19.960938Z\"},\"Username\":\"\",\"Subject\":\"d94aba17-3f7d-4cf4-9e0e-ed4c12a4a71c\"},\"extra\":{},\"KID\":\"\",\"ClientID\":\"cells-frontend\",\"ConsentChallenge\":\"366535ed5f7e443d95c78ea0da4916de\"}','d94aba17-3f7d-4cf4-9e0e-ed4c12a4a71c',0,'','','366535ed5f7e443d95c78ea0da4916de'),('IGg8oop8WEaqtcd1KAUU19e7s1YnD2-NSrZlZ9xH2ns','3d05bd033e004837a884398dea69098f','2020-12-02 12:12:20','cells-frontend','','openid|profile|offline','redirect_uri=','{\"idToken\":{\"Claims\":{\"JTI\":\"\",\"Issuer\":\"https://0.0.0.0:8080/oidc/\",\"Subject\":\"d94aba17-3f7d-4cf4-9e0e-ed4c12a4a71c\",\"Audience\":null,\"Nonce\":\"\",\"ExpiresAt\":\"0001-01-01T00:00:00Z\",\"IssuedAt\":\"2020-12-02T13:12:19.710434Z\",\"RequestedAt\":\"2020-12-02T13:12:19.710435Z\",\"AuthTime\":\"2020-12-02T13:12:19.710435Z\",\"AccessTokenHash\":\"\",\"AuthenticationContextClassReference\":\"\",\"CodeHash\":\"\",\"Extra\":{\"authSource\":\"Pydio Cells\",\"email\":\"\",\"name\":\"tests_admin\",\"sid\":\"aadb53c0-d013-49ae-acbe-189825e47aef\"}},\"Headers\":{\"Extra\":{\"kid\":\"public:d66213b1-17c1-4f9e-835c-a7c63ad628b1\"}},\"ExpiresAt\":{\"authorize_code\":\"2020-12-02T13:22:19.710536Z\"},\"Username\":\"\",\"Subject\":\"d94aba17-3f7d-4cf4-9e0e-ed4c12a4a71c\"},\"extra\":{},\"KID\":\"\",\"ClientID\":\"cells-frontend\",\"ConsentChallenge\":\"3d05bd033e004837a884398dea69098f\"}','d94aba17-3f7d-4cf4-9e0e-ed4c12a4a71c',0,'','','3d05bd033e004837a884398dea69098f'),('ISicckyHYnLwlgzXP8s9WVW6khtQ1-EhWpupeyFjW48','1ddaae726e564ae69cf683924248bd18','2020-12-02 12:11:58','cells-frontend','','openid|profile|offline','redirect_uri=','{\"idToken\":{\"Claims\":{\"JTI\":\"\",\"Issuer\":\"https://0.0.0.0:8080/oidc/\",\"Subject\":\"d94aba17-3f7d-4cf4-9e0e-ed4c12a4a71c\",\"Audience\":null,\"Nonce\":\"\",\"ExpiresAt\":\"0001-01-01T00:00:00Z\",\"IssuedAt\":\"2020-12-02T13:11:57.768677Z\",\"RequestedAt\":\"2020-12-02T13:11:57.768678Z\",\"AuthTime\":\"2020-12-02T13:11:57.768678Z\",\"AccessTokenHash\":\"\",\"AuthenticationContextClassReference\":\"\",\"CodeHash\":\"\",\"Extra\":{\"authSource\":\"Pydio Cells\",\"email\":\"\",\"name\":\"tests_admin\",\"sid\":\"d86bc5bc-3a54-498e-b312-729980dba94c\"}},\"Headers\":{\"Extra\":{\"kid\":\"public:d66213b1-17c1-4f9e-835c-a7c63ad628b1\"}},\"ExpiresAt\":{\"authorize_code\":\"2020-12-02T13:21:57.768769Z\"},\"Username\":\"\",\"Subject\":\"d94aba17-3f7d-4cf4-9e0e-ed4c12a4a71c\"},\"extra\":{},\"KID\":\"\",\"ClientID\":\"cells-frontend\",\"ConsentChallenge\":\"1ddaae726e564ae69cf683924248bd18\"}','d94aba17-3f7d-4cf4-9e0e-ed4c12a4a71c',0,'','','1ddaae726e564ae69cf683924248bd18'),('JHBnOkh3viFpqSF0X7k_Wv0clWaPIaUPOxmlGruPzEc','f3b2912cb56c4acdb4e23511e6221674','2020-12-02 12:15:36','cells-frontend','','openid|profile|offline','redirect_uri=','{\"idToken\":{\"Claims\":{\"JTI\":\"\",\"Issuer\":\"https://0.0.0.0:8080/oidc/\",\"Subject\":\"d94aba17-3f7d-4cf4-9e0e-ed4c12a4a71c\",\"Audience\":null,\"Nonce\":\"\",\"ExpiresAt\":\"0001-01-01T00:00:00Z\",\"IssuedAt\":\"2020-12-02T13:15:35.701871Z\",\"RequestedAt\":\"2020-12-02T13:15:35.701871Z\",\"AuthTime\":\"2020-12-02T13:15:35.701871Z\",\"AccessTokenHash\":\"\",\"AuthenticationContextClassReference\":\"\",\"CodeHash\":\"\",\"Extra\":{\"authSource\":\"Pydio Cells\",\"email\":\"\",\"name\":\"tests_admin\",\"sid\":\"2caf3101-72c9-46ad-b1cc-a1388cc2db55\"}},\"Headers\":{\"Extra\":{\"kid\":\"public:d66213b1-17c1-4f9e-835c-a7c63ad628b1\"}},\"ExpiresAt\":{\"authorize_code\":\"2020-12-02T13:25:35.701991Z\"},\"Username\":\"\",\"Subject\":\"d94aba17-3f7d-4cf4-9e0e-ed4c12a4a71c\"},\"extra\":{},\"KID\":\"\",\"ClientID\":\"cells-frontend\",\"ConsentChallenge\":\"f3b2912cb56c4acdb4e23511e6221674\"}','d94aba17-3f7d-4cf4-9e0e-ed4c12a4a71c',0,'','','f3b2912cb56c4acdb4e23511e6221674'),('jz7j62xawuSIr7aju2yFaS897nKH0maSSTQAXm_OJ9A','5f37a2f550ce45fc8087e4fe096e930d','2020-12-02 12:11:55','cells-frontend','','openid|profile|offline','redirect_uri=','{\"idToken\":{\"Claims\":{\"JTI\":\"\",\"Issuer\":\"https://0.0.0.0:8080/oidc/\",\"Subject\":\"d94aba17-3f7d-4cf4-9e0e-ed4c12a4a71c\",\"Audience\":null,\"Nonce\":\"\",\"ExpiresAt\":\"0001-01-01T00:00:00Z\",\"IssuedAt\":\"2020-12-02T13:11:54.8833Z\",\"RequestedAt\":\"2020-12-02T13:11:54.883301Z\",\"AuthTime\":\"2020-12-02T13:11:54.8833Z\",\"AccessTokenHash\":\"\",\"AuthenticationContextClassReference\":\"\",\"CodeHash\":\"\",\"Extra\":{\"authSource\":\"Pydio Cells\",\"email\":\"\",\"name\":\"tests_admin\",\"sid\":\"b81ea948-a067-4b23-aa02-ff9f6fb7dcac\"}},\"Headers\":{\"Extra\":{\"kid\":\"public:d66213b1-17c1-4f9e-835c-a7c63ad628b1\"}},\"ExpiresAt\":{\"authorize_code\":\"2020-12-02T13:21:54.883402Z\"},\"Username\":\"\",\"Subject\":\"d94aba17-3f7d-4cf4-9e0e-ed4c12a4a71c\"},\"extra\":{},\"KID\":\"\",\"ClientID\":\"cells-frontend\",\"ConsentChallenge\":\"5f37a2f550ce45fc8087e4fe096e930d\"}','d94aba17-3f7d-4cf4-9e0e-ed4c12a4a71c',0,'','','5f37a2f550ce45fc8087e4fe096e930d'),('kvVYnu-GM7L2uzL1Cc8Qlo1on-tUZfsLSObgNbH3THM','28b4a71044f0422886a7cfa078c199ac','2020-12-02 12:14:38','cells-frontend','','openid|profile|offline','redirect_uri=','{\"idToken\":{\"Claims\":{\"JTI\":\"\",\"Issuer\":\"https://0.0.0.0:8080/oidc/\",\"Subject\":\"d94aba17-3f7d-4cf4-9e0e-ed4c12a4a71c\",\"Audience\":null,\"Nonce\":\"\",\"ExpiresAt\":\"0001-01-01T00:00:00Z\",\"IssuedAt\":\"2020-12-02T13:14:38.227343Z\",\"RequestedAt\":\"2020-12-02T13:14:38.227344Z\",\"AuthTime\":\"2020-12-02T13:14:38.227344Z\",\"AccessTokenHash\":\"\",\"AuthenticationContextClassReference\":\"\",\"CodeHash\":\"\",\"Extra\":{\"authSource\":\"Pydio Cells\",\"email\":\"\",\"name\":\"tests_admin\",\"sid\":\"59fd7dce-e6d3-46af-bd9f-d33897b6f67b\"}},\"Headers\":{\"Extra\":{\"kid\":\"public:d66213b1-17c1-4f9e-835c-a7c63ad628b1\"}},\"ExpiresAt\":{\"authorize_code\":\"2020-12-02T13:24:38.227473Z\"},\"Username\":\"\",\"Subject\":\"d94aba17-3f7d-4cf4-9e0e-ed4c12a4a71c\"},\"extra\":{},\"KID\":\"\",\"ClientID\":\"cells-frontend\",\"ConsentChallenge\":\"28b4a71044f0422886a7cfa078c199ac\"}','d94aba17-3f7d-4cf4-9e0e-ed4c12a4a71c',0,'','','28b4a71044f0422886a7cfa078c199ac'),('L-a37Qe_ADxqsi03sBjGZZnnSiI2tF8Ld9YH7d86QmI','2522226282214c1cae4543ab4cef9f21','2020-12-02 12:15:35','cells-frontend','','openid|profile|offline','redirect_uri=','{\"idToken\":{\"Claims\":{\"JTI\":\"\",\"Issuer\":\"https://0.0.0.0:8080/oidc/\",\"Subject\":\"d94aba17-3f7d-4cf4-9e0e-ed4c12a4a71c\",\"Audience\":null,\"Nonce\":\"\",\"ExpiresAt\":\"0001-01-01T00:00:00Z\",\"IssuedAt\":\"2020-12-02T13:15:34.793Z\",\"RequestedAt\":\"2020-12-02T13:15:34.793Z\",\"AuthTime\":\"2020-12-02T13:15:34.793Z\",\"AccessTokenHash\":\"\",\"AuthenticationContextClassReference\":\"\",\"CodeHash\":\"\",\"Extra\":{\"authSource\":\"Pydio Cells\",\"email\":\"\",\"name\":\"tests_admin\",\"sid\":\"dc40abde-14ea-4ecf-ac9b-77b94a4482c5\"}},\"Headers\":{\"Extra\":{\"kid\":\"public:d66213b1-17c1-4f9e-835c-a7c63ad628b1\"}},\"ExpiresAt\":{\"authorize_code\":\"2020-12-02T13:25:34.793137Z\"},\"Username\":\"\",\"Subject\":\"d94aba17-3f7d-4cf4-9e0e-ed4c12a4a71c\"},\"extra\":{},\"KID\":\"\",\"ClientID\":\"cells-frontend\",\"ConsentChallenge\":\"2522226282214c1cae4543ab4cef9f21\"}','d94aba17-3f7d-4cf4-9e0e-ed4c12a4a71c',0,'','','2522226282214c1cae4543ab4cef9f21'),('Lf8Iq8OmMha62PocunP3yfCATPMaYIGp0WlVerVqHfE','733d7f2272154a79a79aeed60d783bfd','2020-12-02 12:15:39','cells-frontend','','openid|profile|offline','redirect_uri=','{\"idToken\":{\"Claims\":{\"JTI\":\"\",\"Issuer\":\"https://0.0.0.0:8080/oidc/\",\"Subject\":\"d94aba17-3f7d-4cf4-9e0e-ed4c12a4a71c\",\"Audience\":null,\"Nonce\":\"\",\"ExpiresAt\":\"0001-01-01T00:00:00Z\",\"IssuedAt\":\"2020-12-02T13:15:39.366888Z\",\"RequestedAt\":\"2020-12-02T13:15:39.366889Z\",\"AuthTime\":\"2020-12-02T13:15:39.366888Z\",\"AccessTokenHash\":\"\",\"AuthenticationContextClassReference\":\"\",\"CodeHash\":\"\",\"Extra\":{\"authSource\":\"Pydio Cells\",\"email\":\"\",\"name\":\"tests_admin\",\"sid\":\"7b57cb64-7328-4c27-bc8b-bddc7a6d44f9\"}},\"Headers\":{\"Extra\":{\"kid\":\"public:d66213b1-17c1-4f9e-835c-a7c63ad628b1\"}},\"ExpiresAt\":{\"authorize_code\":\"2020-12-02T13:25:39.367001Z\"},\"Username\":\"\",\"Subject\":\"d94aba17-3f7d-4cf4-9e0e-ed4c12a4a71c\"},\"extra\":{},\"KID\":\"\",\"ClientID\":\"cells-frontend\",\"ConsentChallenge\":\"733d7f2272154a79a79aeed60d783bfd\"}','d94aba17-3f7d-4cf4-9e0e-ed4c12a4a71c',0,'','','733d7f2272154a79a79aeed60d783bfd'),('MtM5JGVhZLmby_znKPp3qwrsrMd96ezwiTlMctgyFK0','867a0e71bb21440db2b2ff701f27a987','2020-12-02 12:12:18','cells-frontend','','openid|profile|offline','redirect_uri=','{\"idToken\":{\"Claims\":{\"JTI\":\"\",\"Issuer\":\"https://0.0.0.0:8080/oidc/\",\"Subject\":\"d94aba17-3f7d-4cf4-9e0e-ed4c12a4a71c\",\"Audience\":null,\"Nonce\":\"\",\"ExpiresAt\":\"0001-01-01T00:00:00Z\",\"IssuedAt\":\"2020-12-02T13:12:18.36045Z\",\"RequestedAt\":\"2020-12-02T13:12:18.36045Z\",\"AuthTime\":\"2020-12-02T13:12:18.36045Z\",\"AccessTokenHash\":\"\",\"AuthenticationContextClassReference\":\"\",\"CodeHash\":\"\",\"Extra\":{\"authSource\":\"Pydio Cells\",\"email\":\"\",\"name\":\"tests_admin\",\"sid\":\"25c73a96-e42e-4e6e-845e-76154658d9a2\"}},\"Headers\":{\"Extra\":{\"kid\":\"public:d66213b1-17c1-4f9e-835c-a7c63ad628b1\"}},\"ExpiresAt\":{\"authorize_code\":\"2020-12-02T13:22:18.360544Z\"},\"Username\":\"\",\"Subject\":\"d94aba17-3f7d-4cf4-9e0e-ed4c12a4a71c\"},\"extra\":{},\"KID\":\"\",\"ClientID\":\"cells-frontend\",\"ConsentChallenge\":\"867a0e71bb21440db2b2ff701f27a987\"}','d94aba17-3f7d-4cf4-9e0e-ed4c12a4a71c',0,'','','867a0e71bb21440db2b2ff701f27a987'),('mYSvlaFD4ZQW32pXTJdMn1c5D3adL9H2huNAuQyAGmw','3ebc10ea99024f7d81d9341f10602a39','2020-12-02 12:15:34','cells-frontend','','openid|profile|offline','redirect_uri=','{\"idToken\":{\"Claims\":{\"JTI\":\"\",\"Issuer\":\"https://0.0.0.0:8080/oidc/\",\"Subject\":\"b4a5fa2b-c555-4c75-b20f-120de9e8bfa6\",\"Audience\":null,\"Nonce\":\"\",\"ExpiresAt\":\"0001-01-01T00:00:00Z\",\"IssuedAt\":\"2020-12-02T13:15:34.090224Z\",\"RequestedAt\":\"2020-12-02T13:15:34.090224Z\",\"AuthTime\":\"2020-12-02T13:15:34.090224Z\",\"AccessTokenHash\":\"\",\"AuthenticationContextClassReference\":\"\",\"CodeHash\":\"\",\"Extra\":{\"authSource\":\"Pydio Cells\",\"email\":\"\",\"name\":\"tests_rw_user\",\"sid\":\"a992d02f-29f0-4fb4-8b24-1a55c18632bf\"}},\"Headers\":{\"Extra\":{\"kid\":\"public:d66213b1-17c1-4f9e-835c-a7c63ad628b1\"}},\"ExpiresAt\":{\"authorize_code\":\"2020-12-02T13:25:34.09033Z\"},\"Username\":\"\",\"Subject\":\"b4a5fa2b-c555-4c75-b20f-120de9e8bfa6\"},\"extra\":{},\"KID\":\"\",\"ClientID\":\"cells-frontend\",\"ConsentChallenge\":\"3ebc10ea99024f7d81d9341f10602a39\"}','b4a5fa2b-c555-4c75-b20f-120de9e8bfa6',0,'','','3ebc10ea99024f7d81d9341f10602a39'),('N30eU7tqh0cfscWiuh4MJ8nERm6y6vrS75sb_hudA68','332f5df7f8f74670a3d359e68a0e684f','2020-12-02 12:15:41','cells-frontend','','openid|profile|offline','redirect_uri=','{\"idToken\":{\"Claims\":{\"JTI\":\"\",\"Issuer\":\"https://0.0.0.0:8080/oidc/\",\"Subject\":\"d94aba17-3f7d-4cf4-9e0e-ed4c12a4a71c\",\"Audience\":null,\"Nonce\":\"\",\"ExpiresAt\":\"0001-01-01T00:00:00Z\",\"IssuedAt\":\"2020-12-02T13:15:40.984769Z\",\"RequestedAt\":\"2020-12-02T13:15:40.98477Z\",\"AuthTime\":\"2020-12-02T13:15:40.98477Z\",\"AccessTokenHash\":\"\",\"AuthenticationContextClassReference\":\"\",\"CodeHash\":\"\",\"Extra\":{\"authSource\":\"Pydio Cells\",\"email\":\"\",\"name\":\"tests_admin\",\"sid\":\"8f8b49c6-8c55-4c44-92bf-caf9501055a7\"}},\"Headers\":{\"Extra\":{\"kid\":\"public:d66213b1-17c1-4f9e-835c-a7c63ad628b1\"}},\"ExpiresAt\":{\"authorize_code\":\"2020-12-02T13:25:40.984883Z\"},\"Username\":\"\",\"Subject\":\"d94aba17-3f7d-4cf4-9e0e-ed4c12a4a71c\"},\"extra\":{},\"KID\":\"\",\"ClientID\":\"cells-frontend\",\"ConsentChallenge\":\"332f5df7f8f74670a3d359e68a0e684f\"}','d94aba17-3f7d-4cf4-9e0e-ed4c12a4a71c',0,'','','332f5df7f8f74670a3d359e68a0e684f'),('NdpJXiX-z0KVI5qauMyFuuZZh5_JCHayx5_l_Hp6xVM','9c1cc853f1324f4091443f843f10627a','2020-12-02 12:15:35','cells-frontend','','openid|profile|offline','redirect_uri=','{\"idToken\":{\"Claims\":{\"JTI\":\"\",\"Issuer\":\"https://0.0.0.0:8080/oidc/\",\"Subject\":\"d94aba17-3f7d-4cf4-9e0e-ed4c12a4a71c\",\"Audience\":null,\"Nonce\":\"\",\"ExpiresAt\":\"0001-01-01T00:00:00Z\",\"IssuedAt\":\"2020-12-02T13:15:35.045634Z\",\"RequestedAt\":\"2020-12-02T13:15:35.045634Z\",\"AuthTime\":\"2020-12-02T13:15:35.045634Z\",\"AccessTokenHash\":\"\",\"AuthenticationContextClassReference\":\"\",\"CodeHash\":\"\",\"Extra\":{\"authSource\":\"Pydio Cells\",\"email\":\"\",\"name\":\"tests_admin\",\"sid\":\"179ca662-4250-4bb9-9eb6-36ce0d5502f7\"}},\"Headers\":{\"Extra\":{\"kid\":\"public:d66213b1-17c1-4f9e-835c-a7c63ad628b1\"}},\"ExpiresAt\":{\"authorize_code\":\"2020-12-02T13:25:35.045719Z\"},\"Username\":\"\",\"Subject\":\"d94aba17-3f7d-4cf4-9e0e-ed4c12a4a71c\"},\"extra\":{},\"KID\":\"\",\"ClientID\":\"cells-frontend\",\"ConsentChallenge\":\"9c1cc853f1324f4091443f843f10627a\"}','d94aba17-3f7d-4cf4-9e0e-ed4c12a4a71c',0,'','','9c1cc853f1324f4091443f843f10627a'),('nwGyXzIBtWs_0n8poe8QU5t3FGxD9UwVYQEa_kGEz84','fb1726c829394970a1847d89ce79ee02','2020-12-02 12:15:43','cells-frontend','','openid|profile|offline','redirect_uri=','{\"idToken\":{\"Claims\":{\"JTI\":\"\",\"Issuer\":\"https://0.0.0.0:8080/oidc/\",\"Subject\":\"d94aba17-3f7d-4cf4-9e0e-ed4c12a4a71c\",\"Audience\":null,\"Nonce\":\"\",\"ExpiresAt\":\"0001-01-01T00:00:00Z\",\"IssuedAt\":\"2020-12-02T13:15:43.463109Z\",\"RequestedAt\":\"2020-12-02T13:15:43.46311Z\",\"AuthTime\":\"2020-12-02T13:15:43.46311Z\",\"AccessTokenHash\":\"\",\"AuthenticationContextClassReference\":\"\",\"CodeHash\":\"\",\"Extra\":{\"authSource\":\"Pydio Cells\",\"email\":\"\",\"name\":\"tests_admin\",\"sid\":\"64198dd6-d93a-47a8-af5a-a05b701e9779\"}},\"Headers\":{\"Extra\":{\"kid\":\"public:d66213b1-17c1-4f9e-835c-a7c63ad628b1\"}},\"ExpiresAt\":{\"authorize_code\":\"2020-12-02T13:25:43.463193Z\"},\"Username\":\"\",\"Subject\":\"d94aba17-3f7d-4cf4-9e0e-ed4c12a4a71c\"},\"extra\":{},\"KID\":\"\",\"ClientID\":\"cells-frontend\",\"ConsentChallenge\":\"fb1726c829394970a1847d89ce79ee02\"}','d94aba17-3f7d-4cf4-9e0e-ed4c12a4a71c',0,'','','fb1726c829394970a1847d89ce79ee02'),('ODapZjHkC1_SoHcU6YPHdiGtvPIRE7dhp-5q1qKk3q8','2a26c852000c42449e7b6f9609ad2b47','2020-12-03 07:42:07','cells-client','','openid|email|profile|pydio|offline','redirect_uri=http%3A%2F%2Flocalhost%3A3000%2Fservers%2Fcallback','{\"idToken\":{\"Claims\":{\"JTI\":\"\",\"Issuer\":\"https://0.0.0.0:8080/oidc/\",\"Subject\":\"6645056e-6b73-4a69-9cbf-83f6bfaee074\",\"Audience\":null,\"Nonce\":\"\",\"ExpiresAt\":\"0001-01-01T00:00:00Z\",\"IssuedAt\":\"2020-12-03T08:42:06.903943Z\",\"RequestedAt\":\"2020-12-03T08:42:06.903944Z\",\"AuthTime\":\"2020-12-03T08:42:06.903944Z\",\"AccessTokenHash\":\"\",\"AuthenticationContextClassReference\":\"\",\"CodeHash\":\"\",\"Extra\":{\"authSource\":\"Pydio Cells\",\"email\":\"\",\"name\":\"admin\",\"sid\":\"b49ae713-2dc2-4d55-aae8-c0ad82ce85b1\"}},\"Headers\":{\"Extra\":{\"kid\":\"public:d66213b1-17c1-4f9e-835c-a7c63ad628b1\"}},\"ExpiresAt\":{\"authorize_code\":\"2020-12-03T08:52:06.904055Z\"},\"Username\":\"\",\"Subject\":\"6645056e-6b73-4a69-9cbf-83f6bfaee074\"},\"extra\":{},\"KID\":\"\",\"ClientID\":\"cells-client\",\"ConsentChallenge\":\"2a26c852000c42449e7b6f9609ad2b47\"}','6645056e-6b73-4a69-9cbf-83f6bfaee074',0,'','','2a26c852000c42449e7b6f9609ad2b47'),('PRbmhOWA8cxLmpAdO_CIKtMXjJe7rgFl00bhDyF8xFA','c5d7c286ed4b48c6bdf4b492e184a7d9','2020-12-02 12:15:48','cells-frontend','','openid|profile|offline','redirect_uri=','{\"idToken\":{\"Claims\":{\"JTI\":\"\",\"Issuer\":\"https://0.0.0.0:8080/oidc/\",\"Subject\":\"d94aba17-3f7d-4cf4-9e0e-ed4c12a4a71c\",\"Audience\":null,\"Nonce\":\"\",\"ExpiresAt\":\"0001-01-01T00:00:00Z\",\"IssuedAt\":\"2020-12-02T13:15:48.325057Z\",\"RequestedAt\":\"2020-12-02T13:15:48.325058Z\",\"AuthTime\":\"2020-12-02T13:15:48.325058Z\",\"AccessTokenHash\":\"\",\"AuthenticationContextClassReference\":\"\",\"CodeHash\":\"\",\"Extra\":{\"authSource\":\"Pydio Cells\",\"email\":\"\",\"name\":\"tests_admin\",\"sid\":\"021d0260-9623-4abc-959c-f387f043bdac\"}},\"Headers\":{\"Extra\":{\"kid\":\"public:d66213b1-17c1-4f9e-835c-a7c63ad628b1\"}},\"ExpiresAt\":{\"authorize_code\":\"2020-12-02T13:25:48.325187Z\"},\"Username\":\"\",\"Subject\":\"d94aba17-3f7d-4cf4-9e0e-ed4c12a4a71c\"},\"extra\":{},\"KID\":\"\",\"ClientID\":\"cells-frontend\",\"ConsentChallenge\":\"c5d7c286ed4b48c6bdf4b492e184a7d9\"}','d94aba17-3f7d-4cf4-9e0e-ed4c12a4a71c',0,'','','c5d7c286ed4b48c6bdf4b492e184a7d9'),('q_TjRujJkD4Ob2-pNlnMPjrmnc7b_XyG7e7tgC88ISg','a2e60819bad7482ba5bae9b7801d5d13','2020-12-02 12:15:41','cells-frontend','','openid|profile|offline','redirect_uri=','{\"idToken\":{\"Claims\":{\"JTI\":\"\",\"Issuer\":\"https://0.0.0.0:8080/oidc/\",\"Subject\":\"d94aba17-3f7d-4cf4-9e0e-ed4c12a4a71c\",\"Audience\":null,\"Nonce\":\"\",\"ExpiresAt\":\"0001-01-01T00:00:00Z\",\"IssuedAt\":\"2020-12-02T13:15:41.293072Z\",\"RequestedAt\":\"2020-12-02T13:15:41.293073Z\",\"AuthTime\":\"2020-12-02T13:15:41.293073Z\",\"AccessTokenHash\":\"\",\"AuthenticationContextClassReference\":\"\",\"CodeHash\":\"\",\"Extra\":{\"authSource\":\"Pydio Cells\",\"email\":\"\",\"name\":\"tests_admin\",\"sid\":\"f1ff080e-8b52-4477-9e6f-e2ced5c0d651\"}},\"Headers\":{\"Extra\":{\"kid\":\"public:d66213b1-17c1-4f9e-835c-a7c63ad628b1\"}},\"ExpiresAt\":{\"authorize_code\":\"2020-12-02T13:25:41.293221Z\"},\"Username\":\"\",\"Subject\":\"d94aba17-3f7d-4cf4-9e0e-ed4c12a4a71c\"},\"extra\":{},\"KID\":\"\",\"ClientID\":\"cells-frontend\",\"ConsentChallenge\":\"a2e60819bad7482ba5bae9b7801d5d13\"}','d94aba17-3f7d-4cf4-9e0e-ed4c12a4a71c',0,'','','a2e60819bad7482ba5bae9b7801d5d13'),('Q0T0WYZMJCv2vkJvUDf9UNw9L6AKNsajCMfh30ItVBY','1d0ec49cace54933949f7ae9153857eb','2020-12-02 12:12:19','cells-frontend','','openid|profile|offline','redirect_uri=','{\"idToken\":{\"Claims\":{\"JTI\":\"\",\"Issuer\":\"https://0.0.0.0:8080/oidc/\",\"Subject\":\"d94aba17-3f7d-4cf4-9e0e-ed4c12a4a71c\",\"Audience\":null,\"Nonce\":\"\",\"ExpiresAt\":\"0001-01-01T00:00:00Z\",\"IssuedAt\":\"2020-12-02T13:12:19.206051Z\",\"RequestedAt\":\"2020-12-02T13:12:19.206052Z\",\"AuthTime\":\"2020-12-02T13:12:19.206052Z\",\"AccessTokenHash\":\"\",\"AuthenticationContextClassReference\":\"\",\"CodeHash\":\"\",\"Extra\":{\"authSource\":\"Pydio Cells\",\"email\":\"\",\"name\":\"tests_admin\",\"sid\":\"655eee3d-55ad-46b6-b241-979576f958b6\"}},\"Headers\":{\"Extra\":{\"kid\":\"public:d66213b1-17c1-4f9e-835c-a7c63ad628b1\"}},\"ExpiresAt\":{\"authorize_code\":\"2020-12-02T13:22:19.206161Z\"},\"Username\":\"\",\"Subject\":\"d94aba17-3f7d-4cf4-9e0e-ed4c12a4a71c\"},\"extra\":{},\"KID\":\"\",\"ClientID\":\"cells-frontend\",\"ConsentChallenge\":\"1d0ec49cace54933949f7ae9153857eb\"}','d94aba17-3f7d-4cf4-9e0e-ed4c12a4a71c',0,'','','1d0ec49cace54933949f7ae9153857eb'),('qKzlp7uP_dwGnpKjEwny_wZL9AXSket3PVEWPYsFGvQ','711162c809a94a09ab3aba751e7bcb1b','2020-12-02 12:15:41','cells-frontend','','openid|profile|offline','redirect_uri=','{\"idToken\":{\"Claims\":{\"JTI\":\"\",\"Issuer\":\"https://0.0.0.0:8080/oidc/\",\"Subject\":\"d94aba17-3f7d-4cf4-9e0e-ed4c12a4a71c\",\"Audience\":null,\"Nonce\":\"\",\"ExpiresAt\":\"0001-01-01T00:00:00Z\",\"IssuedAt\":\"2020-12-02T13:15:40.777368Z\",\"RequestedAt\":\"2020-12-02T13:15:40.777369Z\",\"AuthTime\":\"2020-12-02T13:15:40.777369Z\",\"AccessTokenHash\":\"\",\"AuthenticationContextClassReference\":\"\",\"CodeHash\":\"\",\"Extra\":{\"authSource\":\"Pydio Cells\",\"email\":\"\",\"name\":\"tests_admin\",\"sid\":\"24c61ec0-4c3f-4f4d-9a46-49b94287866e\"}},\"Headers\":{\"Extra\":{\"kid\":\"public:d66213b1-17c1-4f9e-835c-a7c63ad628b1\"}},\"ExpiresAt\":{\"authorize_code\":\"2020-12-02T13:25:40.777496Z\"},\"Username\":\"\",\"Subject\":\"d94aba17-3f7d-4cf4-9e0e-ed4c12a4a71c\"},\"extra\":{},\"KID\":\"\",\"ClientID\":\"cells-frontend\",\"ConsentChallenge\":\"711162c809a94a09ab3aba751e7bcb1b\"}','d94aba17-3f7d-4cf4-9e0e-ed4c12a4a71c',0,'','','711162c809a94a09ab3aba751e7bcb1b'),('RjLeB9BYvTMRPtwc0aGva5uFr-v82EtK2AeqWSZeJTw','45ec1fca84a5434ab789e0d4184e9f61','2020-12-02 12:12:35','cells-frontend','','openid|profile|offline','redirect_uri=','{\"idToken\":{\"Claims\":{\"JTI\":\"\",\"Issuer\":\"https://0.0.0.0:8080/oidc/\",\"Subject\":\"d94aba17-3f7d-4cf4-9e0e-ed4c12a4a71c\",\"Audience\":null,\"Nonce\":\"\",\"ExpiresAt\":\"0001-01-01T00:00:00Z\",\"IssuedAt\":\"2020-12-02T13:12:34.995712Z\",\"RequestedAt\":\"2020-12-02T13:12:34.995712Z\",\"AuthTime\":\"2020-12-02T13:12:34.995712Z\",\"AccessTokenHash\":\"\",\"AuthenticationContextClassReference\":\"\",\"CodeHash\":\"\",\"Extra\":{\"authSource\":\"Pydio Cells\",\"email\":\"\",\"name\":\"tests_admin\",\"sid\":\"6dea4965-21a0-41ef-9dbf-781343ea2c2c\"}},\"Headers\":{\"Extra\":{\"kid\":\"public:d66213b1-17c1-4f9e-835c-a7c63ad628b1\"}},\"ExpiresAt\":{\"authorize_code\":\"2020-12-02T13:22:34.995806Z\"},\"Username\":\"\",\"Subject\":\"d94aba17-3f7d-4cf4-9e0e-ed4c12a4a71c\"},\"extra\":{},\"KID\":\"\",\"ClientID\":\"cells-frontend\",\"ConsentChallenge\":\"45ec1fca84a5434ab789e0d4184e9f61\"}','d94aba17-3f7d-4cf4-9e0e-ed4c12a4a71c',0,'','','45ec1fca84a5434ab789e0d4184e9f61'),('rOK2tlIRFF8sPKgXAh36EWMsgBTS18lVpIDyDJFcEcg','ab2fa735e9f34f25ac8884734a1ebab7','2020-12-02 12:15:41','cells-frontend','','openid|profile|offline','redirect_uri=','{\"idToken\":{\"Claims\":{\"JTI\":\"\",\"Issuer\":\"https://0.0.0.0:8080/oidc/\",\"Subject\":\"b4a5fa2b-c555-4c75-b20f-120de9e8bfa6\",\"Audience\":null,\"Nonce\":\"\",\"ExpiresAt\":\"0001-01-01T00:00:00Z\",\"IssuedAt\":\"2020-12-02T13:15:40.813762Z\",\"RequestedAt\":\"2020-12-02T13:15:40.813762Z\",\"AuthTime\":\"2020-12-02T13:15:40.813762Z\",\"AccessTokenHash\":\"\",\"AuthenticationContextClassReference\":\"\",\"CodeHash\":\"\",\"Extra\":{\"authSource\":\"Pydio Cells\",\"email\":\"\",\"name\":\"tests_rw_user\",\"sid\":\"b74aa6b7-f755-407c-8b0d-ab961b9c46b7\"}},\"Headers\":{\"Extra\":{\"kid\":\"public:d66213b1-17c1-4f9e-835c-a7c63ad628b1\"}},\"ExpiresAt\":{\"authorize_code\":\"2020-12-02T13:25:40.813886Z\"},\"Username\":\"\",\"Subject\":\"b4a5fa2b-c555-4c75-b20f-120de9e8bfa6\"},\"extra\":{},\"KID\":\"\",\"ClientID\":\"cells-frontend\",\"ConsentChallenge\":\"ab2fa735e9f34f25ac8884734a1ebab7\"}','b4a5fa2b-c555-4c75-b20f-120de9e8bfa6',0,'','','ab2fa735e9f34f25ac8884734a1ebab7'),('rPVbJ-u2M0IV0UtawxnbrS69-yKrk_Qhueq15zaIH8I','c23155903fa747ad8cfdd39b8079f52f','2020-12-02 12:12:35','cells-frontend','','openid|profile|offline','redirect_uri=','{\"idToken\":{\"Claims\":{\"JTI\":\"\",\"Issuer\":\"https://0.0.0.0:8080/oidc/\",\"Subject\":\"d94aba17-3f7d-4cf4-9e0e-ed4c12a4a71c\",\"Audience\":null,\"Nonce\":\"\",\"ExpiresAt\":\"0001-01-01T00:00:00Z\",\"IssuedAt\":\"2020-12-02T13:12:35.245321Z\",\"RequestedAt\":\"2020-12-02T13:12:35.245322Z\",\"AuthTime\":\"2020-12-02T13:12:35.245322Z\",\"AccessTokenHash\":\"\",\"AuthenticationContextClassReference\":\"\",\"CodeHash\":\"\",\"Extra\":{\"authSource\":\"Pydio Cells\",\"email\":\"\",\"name\":\"tests_admin\",\"sid\":\"a859c0d5-cd97-44c8-b62e-38cb82c75ad4\"}},\"Headers\":{\"Extra\":{\"kid\":\"public:d66213b1-17c1-4f9e-835c-a7c63ad628b1\"}},\"ExpiresAt\":{\"authorize_code\":\"2020-12-02T13:22:35.245412Z\"},\"Username\":\"\",\"Subject\":\"d94aba17-3f7d-4cf4-9e0e-ed4c12a4a71c\"},\"extra\":{},\"KID\":\"\",\"ClientID\":\"cells-frontend\",\"ConsentChallenge\":\"c23155903fa747ad8cfdd39b8079f52f\"}','d94aba17-3f7d-4cf4-9e0e-ed4c12a4a71c',0,'','','c23155903fa747ad8cfdd39b8079f52f'),('TCnHqDEp68yjITAQIMB12eV3RJRGTKqPQlSr6PUqf-s','8e8ca3c16edf4575ad08da89ad6eeb98','2020-12-02 12:15:41','cells-frontend','','openid|profile|offline','redirect_uri=','{\"idToken\":{\"Claims\":{\"JTI\":\"\",\"Issuer\":\"https://0.0.0.0:8080/oidc/\",\"Subject\":\"b4a5fa2b-c555-4c75-b20f-120de9e8bfa6\",\"Audience\":null,\"Nonce\":\"\",\"ExpiresAt\":\"0001-01-01T00:00:00Z\",\"IssuedAt\":\"2020-12-02T13:15:41.442135Z\",\"RequestedAt\":\"2020-12-02T13:15:41.442135Z\",\"AuthTime\":\"2020-12-02T13:15:41.442135Z\",\"AccessTokenHash\":\"\",\"AuthenticationContextClassReference\":\"\",\"CodeHash\":\"\",\"Extra\":{\"authSource\":\"Pydio Cells\",\"email\":\"\",\"name\":\"tests_rw_user\",\"sid\":\"7b066663-d2b5-4a3f-8b43-b34e633da954\"}},\"Headers\":{\"Extra\":{\"kid\":\"public:d66213b1-17c1-4f9e-835c-a7c63ad628b1\"}},\"ExpiresAt\":{\"authorize_code\":\"2020-12-02T13:25:41.442222Z\"},\"Username\":\"\",\"Subject\":\"b4a5fa2b-c555-4c75-b20f-120de9e8bfa6\"},\"extra\":{},\"KID\":\"\",\"ClientID\":\"cells-frontend\",\"ConsentChallenge\":\"8e8ca3c16edf4575ad08da89ad6eeb98\"}','b4a5fa2b-c555-4c75-b20f-120de9e8bfa6',0,'','','8e8ca3c16edf4575ad08da89ad6eeb98'),('tcni_xF8ZaApbJomAQ-ozKOt_QII9M9LEuxBY_ihsGs','ed0b11ce9bb1427283925772ea39a916','2020-12-02 12:15:39','cells-frontend','','openid|profile|offline','redirect_uri=','{\"idToken\":{\"Claims\":{\"JTI\":\"\",\"Issuer\":\"https://0.0.0.0:8080/oidc/\",\"Subject\":\"d94aba17-3f7d-4cf4-9e0e-ed4c12a4a71c\",\"Audience\":null,\"Nonce\":\"\",\"ExpiresAt\":\"0001-01-01T00:00:00Z\",\"IssuedAt\":\"2020-12-02T13:15:39.365119Z\",\"RequestedAt\":\"2020-12-02T13:15:39.36512Z\",\"AuthTime\":\"2020-12-02T13:15:39.36512Z\",\"AccessTokenHash\":\"\",\"AuthenticationContextClassReference\":\"\",\"CodeHash\":\"\",\"Extra\":{\"authSource\":\"Pydio Cells\",\"email\":\"\",\"name\":\"tests_admin\",\"sid\":\"cee8c1c0-5548-4a38-a2d5-a978adba429e\"}},\"Headers\":{\"Extra\":{\"kid\":\"public:d66213b1-17c1-4f9e-835c-a7c63ad628b1\"}},\"ExpiresAt\":{\"authorize_code\":\"2020-12-02T13:25:39.36525Z\"},\"Username\":\"\",\"Subject\":\"d94aba17-3f7d-4cf4-9e0e-ed4c12a4a71c\"},\"extra\":{},\"KID\":\"\",\"ClientID\":\"cells-frontend\",\"ConsentChallenge\":\"ed0b11ce9bb1427283925772ea39a916\"}','d94aba17-3f7d-4cf4-9e0e-ed4c12a4a71c',0,'','','ed0b11ce9bb1427283925772ea39a916'),('tDj_WUwY5DKA4c8ShoC2aC9O8ZkdRxKmI9YAvdfo0_Q','6e5c2634687f45f1aa267afbe9b8c7d6','2020-12-02 12:15:46','cells-frontend','','openid|profile|offline','redirect_uri=','{\"idToken\":{\"Claims\":{\"JTI\":\"\",\"Issuer\":\"https://0.0.0.0:8080/oidc/\",\"Subject\":\"d94aba17-3f7d-4cf4-9e0e-ed4c12a4a71c\",\"Audience\":null,\"Nonce\":\"\",\"ExpiresAt\":\"0001-01-01T00:00:00Z\",\"IssuedAt\":\"2020-12-02T13:15:45.903467Z\",\"RequestedAt\":\"2020-12-02T13:15:45.903468Z\",\"AuthTime\":\"2020-12-02T13:15:45.903467Z\",\"AccessTokenHash\":\"\",\"AuthenticationContextClassReference\":\"\",\"CodeHash\":\"\",\"Extra\":{\"authSource\":\"Pydio Cells\",\"email\":\"\",\"name\":\"tests_admin\",\"sid\":\"f5f796a7-cb3e-4b7c-8d66-206dc931d3e0\"}},\"Headers\":{\"Extra\":{\"kid\":\"public:d66213b1-17c1-4f9e-835c-a7c63ad628b1\"}},\"ExpiresAt\":{\"authorize_code\":\"2020-12-02T13:25:45.903552Z\"},\"Username\":\"\",\"Subject\":\"d94aba17-3f7d-4cf4-9e0e-ed4c12a4a71c\"},\"extra\":{},\"KID\":\"\",\"ClientID\":\"cells-frontend\",\"ConsentChallenge\":\"6e5c2634687f45f1aa267afbe9b8c7d6\"}','d94aba17-3f7d-4cf4-9e0e-ed4c12a4a71c',0,'','','6e5c2634687f45f1aa267afbe9b8c7d6'),('U9m92Gns9vMfSB3O9VFF0TH3jN26EBOY92jbhJFkGaw','03fcedb86d82462f8a44954947f0e7c2','2020-12-02 13:49:33','cells-frontend','','openid|profile|offline','redirect_uri=','{\"idToken\":{\"Claims\":{\"JTI\":\"\",\"Issuer\":\"https://0.0.0.0:8080/oidc/\",\"Subject\":\"6645056e-6b73-4a69-9cbf-83f6bfaee074\",\"Audience\":null,\"Nonce\":\"\",\"ExpiresAt\":\"0001-01-01T00:00:00Z\",\"IssuedAt\":\"2020-12-02T14:49:32.688607Z\",\"RequestedAt\":\"2020-12-02T14:49:32.688608Z\",\"AuthTime\":\"2020-12-02T14:49:32.688608Z\",\"AccessTokenHash\":\"\",\"AuthenticationContextClassReference\":\"\",\"CodeHash\":\"\",\"Extra\":{\"authSource\":\"Pydio Cells\",\"email\":\"\",\"name\":\"admin\",\"sid\":\"ecf45057-c613-4a62-a1ff-903970f981ff\"}},\"Headers\":{\"Extra\":{\"kid\":\"public:d66213b1-17c1-4f9e-835c-a7c63ad628b1\"}},\"ExpiresAt\":{\"authorize_code\":\"2020-12-02T14:59:32.688727Z\"},\"Username\":\"\",\"Subject\":\"6645056e-6b73-4a69-9cbf-83f6bfaee074\"},\"extra\":{},\"KID\":\"\",\"ClientID\":\"cells-frontend\",\"ConsentChallenge\":\"03fcedb86d82462f8a44954947f0e7c2\"}','6645056e-6b73-4a69-9cbf-83f6bfaee074',0,'','','03fcedb86d82462f8a44954947f0e7c2'),('uA_nBRJYYVYSqD7buNrlLnQ-KSh-P6BDpcCcioN3PyU','b2f248fd8d244f24a21120e5467f37fa','2020-12-02 12:11:55','cells-frontend','','openid|profile|offline','redirect_uri=','{\"idToken\":{\"Claims\":{\"JTI\":\"\",\"Issuer\":\"https://0.0.0.0:8080/oidc/\",\"Subject\":\"d94aba17-3f7d-4cf4-9e0e-ed4c12a4a71c\",\"Audience\":null,\"Nonce\":\"\",\"ExpiresAt\":\"0001-01-01T00:00:00Z\",\"IssuedAt\":\"2020-12-02T13:11:55.210788Z\",\"RequestedAt\":\"2020-12-02T13:11:55.210789Z\",\"AuthTime\":\"2020-12-02T13:11:55.210788Z\",\"AccessTokenHash\":\"\",\"AuthenticationContextClassReference\":\"\",\"CodeHash\":\"\",\"Extra\":{\"authSource\":\"Pydio Cells\",\"email\":\"\",\"name\":\"tests_admin\",\"sid\":\"2c84e20f-b135-4cab-8dfe-6ab2930326c2\"}},\"Headers\":{\"Extra\":{\"kid\":\"public:d66213b1-17c1-4f9e-835c-a7c63ad628b1\"}},\"ExpiresAt\":{\"authorize_code\":\"2020-12-02T13:21:55.210921Z\"},\"Username\":\"\",\"Subject\":\"d94aba17-3f7d-4cf4-9e0e-ed4c12a4a71c\"},\"extra\":{},\"KID\":\"\",\"ClientID\":\"cells-frontend\",\"ConsentChallenge\":\"b2f248fd8d244f24a21120e5467f37fa\"}','d94aba17-3f7d-4cf4-9e0e-ed4c12a4a71c',0,'','','b2f248fd8d244f24a21120e5467f37fa'),('udRqB25ImBsUXqx3rQb0Fab7uAGp8CgUDdSy3upmq7Q','6bfbff482f2b419c80045bcadb9ec9d6','2020-12-02 12:15:52','cells-frontend','','openid|profile|offline','redirect_uri=','{\"idToken\":{\"Claims\":{\"JTI\":\"\",\"Issuer\":\"https://0.0.0.0:8080/oidc/\",\"Subject\":\"d94aba17-3f7d-4cf4-9e0e-ed4c12a4a71c\",\"Audience\":null,\"Nonce\":\"\",\"ExpiresAt\":\"0001-01-01T00:00:00Z\",\"IssuedAt\":\"2020-12-02T13:15:51.858983Z\",\"RequestedAt\":\"2020-12-02T13:15:51.858984Z\",\"AuthTime\":\"2020-12-02T13:15:51.858984Z\",\"AccessTokenHash\":\"\",\"AuthenticationContextClassReference\":\"\",\"CodeHash\":\"\",\"Extra\":{\"authSource\":\"Pydio Cells\",\"email\":\"\",\"name\":\"tests_admin\",\"sid\":\"523c24f1-dd3f-43e9-9fc1-15a90494196b\"}},\"Headers\":{\"Extra\":{\"kid\":\"public:d66213b1-17c1-4f9e-835c-a7c63ad628b1\"}},\"ExpiresAt\":{\"authorize_code\":\"2020-12-02T13:25:51.859116Z\"},\"Username\":\"\",\"Subject\":\"d94aba17-3f7d-4cf4-9e0e-ed4c12a4a71c\"},\"extra\":{},\"KID\":\"\",\"ClientID\":\"cells-frontend\",\"ConsentChallenge\":\"6bfbff482f2b419c80045bcadb9ec9d6\"}','d94aba17-3f7d-4cf4-9e0e-ed4c12a4a71c',0,'','','6bfbff482f2b419c80045bcadb9ec9d6'),('ue2AgoVeg979Q50J_c77Zu9WHulYz40FQV2b3KWpUqM','df1d1e6970ff4868968a12cfc49228c4','2020-12-02 12:15:40','cells-frontend','','openid|profile|offline','redirect_uri=','{\"idToken\":{\"Claims\":{\"JTI\":\"\",\"Issuer\":\"https://0.0.0.0:8080/oidc/\",\"Subject\":\"d94aba17-3f7d-4cf4-9e0e-ed4c12a4a71c\",\"Audience\":null,\"Nonce\":\"\",\"ExpiresAt\":\"0001-01-01T00:00:00Z\",\"IssuedAt\":\"2020-12-02T13:15:39.806306Z\",\"RequestedAt\":\"2020-12-02T13:15:39.806306Z\",\"AuthTime\":\"2020-12-02T13:15:39.806306Z\",\"AccessTokenHash\":\"\",\"AuthenticationContextClassReference\":\"\",\"CodeHash\":\"\",\"Extra\":{\"authSource\":\"Pydio Cells\",\"email\":\"\",\"name\":\"tests_admin\",\"sid\":\"780cd3ca-5beb-4c49-9eeb-0379256a774d\"}},\"Headers\":{\"Extra\":{\"kid\":\"public:d66213b1-17c1-4f9e-835c-a7c63ad628b1\"}},\"ExpiresAt\":{\"authorize_code\":\"2020-12-02T13:25:39.80643Z\"},\"Username\":\"\",\"Subject\":\"d94aba17-3f7d-4cf4-9e0e-ed4c12a4a71c\"},\"extra\":{},\"KID\":\"\",\"ClientID\":\"cells-frontend\",\"ConsentChallenge\":\"df1d1e6970ff4868968a12cfc49228c4\"}','d94aba17-3f7d-4cf4-9e0e-ed4c12a4a71c',0,'','','df1d1e6970ff4868968a12cfc49228c4'),('uiyhCwSplDmai6OZonlFFuosJfGPdgPqoAimp8Fmas0','6985ab355381477495fed15283122bce','2020-12-02 12:12:18','cells-frontend','','openid|profile|offline','redirect_uri=','{\"idToken\":{\"Claims\":{\"JTI\":\"\",\"Issuer\":\"https://0.0.0.0:8080/oidc/\",\"Subject\":\"d94aba17-3f7d-4cf4-9e0e-ed4c12a4a71c\",\"Audience\":null,\"Nonce\":\"\",\"ExpiresAt\":\"0001-01-01T00:00:00Z\",\"IssuedAt\":\"2020-12-02T13:12:18.07759Z\",\"RequestedAt\":\"2020-12-02T13:12:18.07759Z\",\"AuthTime\":\"2020-12-02T13:12:18.07759Z\",\"AccessTokenHash\":\"\",\"AuthenticationContextClassReference\":\"\",\"CodeHash\":\"\",\"Extra\":{\"authSource\":\"Pydio Cells\",\"email\":\"\",\"name\":\"tests_admin\",\"sid\":\"254c4b0d-d8f8-4e36-aa09-aaf5dfce9593\"}},\"Headers\":{\"Extra\":{\"kid\":\"public:d66213b1-17c1-4f9e-835c-a7c63ad628b1\"}},\"ExpiresAt\":{\"authorize_code\":\"2020-12-02T13:22:18.077727Z\"},\"Username\":\"\",\"Subject\":\"d94aba17-3f7d-4cf4-9e0e-ed4c12a4a71c\"},\"extra\":{},\"KID\":\"\",\"ClientID\":\"cells-frontend\",\"ConsentChallenge\":\"6985ab355381477495fed15283122bce\"}','d94aba17-3f7d-4cf4-9e0e-ed4c12a4a71c',0,'','','6985ab355381477495fed15283122bce'),('UQZhro0j4smQLpsJztL4oCU0RGY9ly2ped_n7pNnsVw','743705ab0b114a3bbff459c1c0362efc','2020-12-02 12:15:40','cells-frontend','','openid|profile|offline','redirect_uri=','{\"idToken\":{\"Claims\":{\"JTI\":\"\",\"Issuer\":\"https://0.0.0.0:8080/oidc/\",\"Subject\":\"b4a5fa2b-c555-4c75-b20f-120de9e8bfa6\",\"Audience\":null,\"Nonce\":\"\",\"ExpiresAt\":\"0001-01-01T00:00:00Z\",\"IssuedAt\":\"2020-12-02T13:15:40.375437Z\",\"RequestedAt\":\"2020-12-02T13:15:40.375438Z\",\"AuthTime\":\"2020-12-02T13:15:40.375438Z\",\"AccessTokenHash\":\"\",\"AuthenticationContextClassReference\":\"\",\"CodeHash\":\"\",\"Extra\":{\"authSource\":\"Pydio Cells\",\"email\":\"\",\"name\":\"tests_rw_user\",\"sid\":\"b1629262-e646-45f7-b3b7-7ec8fbe62558\"}},\"Headers\":{\"Extra\":{\"kid\":\"public:d66213b1-17c1-4f9e-835c-a7c63ad628b1\"}},\"ExpiresAt\":{\"authorize_code\":\"2020-12-02T13:25:40.375566Z\"},\"Username\":\"\",\"Subject\":\"b4a5fa2b-c555-4c75-b20f-120de9e8bfa6\"},\"extra\":{},\"KID\":\"\",\"ClientID\":\"cells-frontend\",\"ConsentChallenge\":\"743705ab0b114a3bbff459c1c0362efc\"}','b4a5fa2b-c555-4c75-b20f-120de9e8bfa6',0,'','','743705ab0b114a3bbff459c1c0362efc'),('xbNL1Q63nUkaOyiYYFka9VsEiliSyit2sTVowt6W8As','de125c640f5a4d579ae18b14f58bbf65','2020-12-02 12:11:58','cells-frontend','','openid|profile|offline','redirect_uri=','{\"idToken\":{\"Claims\":{\"JTI\":\"\",\"Issuer\":\"https://0.0.0.0:8080/oidc/\",\"Subject\":\"d94aba17-3f7d-4cf4-9e0e-ed4c12a4a71c\",\"Audience\":null,\"Nonce\":\"\",\"ExpiresAt\":\"0001-01-01T00:00:00Z\",\"IssuedAt\":\"2020-12-02T13:11:57.520803Z\",\"RequestedAt\":\"2020-12-02T13:11:57.520804Z\",\"AuthTime\":\"2020-12-02T13:11:57.520804Z\",\"AccessTokenHash\":\"\",\"AuthenticationContextClassReference\":\"\",\"CodeHash\":\"\",\"Extra\":{\"authSource\":\"Pydio Cells\",\"email\":\"\",\"name\":\"tests_admin\",\"sid\":\"66e1069f-ff02-4931-ac57-41736cf0a454\"}},\"Headers\":{\"Extra\":{\"kid\":\"public:d66213b1-17c1-4f9e-835c-a7c63ad628b1\"}},\"ExpiresAt\":{\"authorize_code\":\"2020-12-02T13:21:57.520888Z\"},\"Username\":\"\",\"Subject\":\"d94aba17-3f7d-4cf4-9e0e-ed4c12a4a71c\"},\"extra\":{},\"KID\":\"\",\"ClientID\":\"cells-frontend\",\"ConsentChallenge\":\"de125c640f5a4d579ae18b14f58bbf65\"}','d94aba17-3f7d-4cf4-9e0e-ed4c12a4a71c',0,'','','de125c640f5a4d579ae18b14f58bbf65'),('XJoovFIu_nhWsi7z_v3vD09YtFP7Ig5uWwEHt2hQG5A','642c4eda83454555a15a67347dce1834','2020-12-02 12:12:03','cells-frontend','','openid|profile|offline','redirect_uri=','{\"idToken\":{\"Claims\":{\"JTI\":\"\",\"Issuer\":\"https://0.0.0.0:8080/oidc/\",\"Subject\":\"d94aba17-3f7d-4cf4-9e0e-ed4c12a4a71c\",\"Audience\":null,\"Nonce\":\"\",\"ExpiresAt\":\"0001-01-01T00:00:00Z\",\"IssuedAt\":\"2020-12-02T13:12:02.675052Z\",\"RequestedAt\":\"2020-12-02T13:12:02.675052Z\",\"AuthTime\":\"2020-12-02T13:12:02.675052Z\",\"AccessTokenHash\":\"\",\"AuthenticationContextClassReference\":\"\",\"CodeHash\":\"\",\"Extra\":{\"authSource\":\"Pydio Cells\",\"email\":\"\",\"name\":\"tests_admin\",\"sid\":\"bc337901-f371-4b00-ab5b-16cf2a50c5bd\"}},\"Headers\":{\"Extra\":{\"kid\":\"public:d66213b1-17c1-4f9e-835c-a7c63ad628b1\"}},\"ExpiresAt\":{\"authorize_code\":\"2020-12-02T13:22:02.675167Z\"},\"Username\":\"\",\"Subject\":\"d94aba17-3f7d-4cf4-9e0e-ed4c12a4a71c\"},\"extra\":{},\"KID\":\"\",\"ClientID\":\"cells-frontend\",\"ConsentChallenge\":\"642c4eda83454555a15a67347dce1834\"}','d94aba17-3f7d-4cf4-9e0e-ed4c12a4a71c',0,'','','642c4eda83454555a15a67347dce1834'),('xJW-kg0j_ysut23UsTm3-8GePZXa2t9V3px5ZGT8cuQ','565b8970fdac412e80c0b754936ba4b1','2020-12-02 12:15:39','cells-frontend','','openid|profile|offline','redirect_uri=','{\"idToken\":{\"Claims\":{\"JTI\":\"\",\"Issuer\":\"https://0.0.0.0:8080/oidc/\",\"Subject\":\"d94aba17-3f7d-4cf4-9e0e-ed4c12a4a71c\",\"Audience\":null,\"Nonce\":\"\",\"ExpiresAt\":\"0001-01-01T00:00:00Z\",\"IssuedAt\":\"2020-12-02T13:15:39.365399Z\",\"RequestedAt\":\"2020-12-02T13:15:39.3654Z\",\"AuthTime\":\"2020-12-02T13:15:39.365399Z\",\"AccessTokenHash\":\"\",\"AuthenticationContextClassReference\":\"\",\"CodeHash\":\"\",\"Extra\":{\"authSource\":\"Pydio Cells\",\"email\":\"\",\"name\":\"tests_admin\",\"sid\":\"83cc29d6-63d8-44a7-b74b-a2cc77d61dfe\"}},\"Headers\":{\"Extra\":{\"kid\":\"public:d66213b1-17c1-4f9e-835c-a7c63ad628b1\"}},\"ExpiresAt\":{\"authorize_code\":\"2020-12-02T13:25:39.36552Z\"},\"Username\":\"\",\"Subject\":\"d94aba17-3f7d-4cf4-9e0e-ed4c12a4a71c\"},\"extra\":{},\"KID\":\"\",\"ClientID\":\"cells-frontend\",\"ConsentChallenge\":\"565b8970fdac412e80c0b754936ba4b1\"}','d94aba17-3f7d-4cf4-9e0e-ed4c12a4a71c',0,'','','565b8970fdac412e80c0b754936ba4b1'),('XZZTfTFTxljfEfKQktkLwnLuA-6uyf7Us6Z9L9mKW2k','6dd3a41c412f41eb8d26165f8271b795','2020-12-02 12:12:19','cells-frontend','','openid|profile|offline','redirect_uri=','{\"idToken\":{\"Claims\":{\"JTI\":\"\",\"Issuer\":\"https://0.0.0.0:8080/oidc/\",\"Subject\":\"d94aba17-3f7d-4cf4-9e0e-ed4c12a4a71c\",\"Audience\":null,\"Nonce\":\"\",\"ExpiresAt\":\"0001-01-01T00:00:00Z\",\"IssuedAt\":\"2020-12-02T13:12:19.450209Z\",\"RequestedAt\":\"2020-12-02T13:12:19.45021Z\",\"AuthTime\":\"2020-12-02T13:12:19.45021Z\",\"AccessTokenHash\":\"\",\"AuthenticationContextClassReference\":\"\",\"CodeHash\":\"\",\"Extra\":{\"authSource\":\"Pydio Cells\",\"email\":\"\",\"name\":\"tests_admin\",\"sid\":\"ed6675cd-ced4-453c-ab2b-15a9770a93a1\"}},\"Headers\":{\"Extra\":{\"kid\":\"public:d66213b1-17c1-4f9e-835c-a7c63ad628b1\"}},\"ExpiresAt\":{\"authorize_code\":\"2020-12-02T13:22:19.450309Z\"},\"Username\":\"\",\"Subject\":\"d94aba17-3f7d-4cf4-9e0e-ed4c12a4a71c\"},\"extra\":{},\"KID\":\"\",\"ClientID\":\"cells-frontend\",\"ConsentChallenge\":\"6dd3a41c412f41eb8d26165f8271b795\"}','d94aba17-3f7d-4cf4-9e0e-ed4c12a4a71c',0,'','','6dd3a41c412f41eb8d26165f8271b795'),('yJWAwPln-wK6J5YSAn2_xV_zrExJt_UM2SMaZkYEkiY','808ce876d2844a7e8878f3c516e68bd3','2020-12-02 12:11:58','cells-frontend','','openid|profile|offline','redirect_uri=','{\"idToken\":{\"Claims\":{\"JTI\":\"\",\"Issuer\":\"https://0.0.0.0:8080/oidc/\",\"Subject\":\"d94aba17-3f7d-4cf4-9e0e-ed4c12a4a71c\",\"Audience\":null,\"Nonce\":\"\",\"ExpiresAt\":\"0001-01-01T00:00:00Z\",\"IssuedAt\":\"2020-12-02T13:11:58.026217Z\",\"RequestedAt\":\"2020-12-02T13:11:58.026217Z\",\"AuthTime\":\"2020-12-02T13:11:58.026217Z\",\"AccessTokenHash\":\"\",\"AuthenticationContextClassReference\":\"\",\"CodeHash\":\"\",\"Extra\":{\"authSource\":\"Pydio Cells\",\"email\":\"\",\"name\":\"tests_admin\",\"sid\":\"ec0cf1c5-1e49-4dc8-82b2-43b4438f6e3a\"}},\"Headers\":{\"Extra\":{\"kid\":\"public:d66213b1-17c1-4f9e-835c-a7c63ad628b1\"}},\"ExpiresAt\":{\"authorize_code\":\"2020-12-02T13:21:58.026316Z\"},\"Username\":\"\",\"Subject\":\"d94aba17-3f7d-4cf4-9e0e-ed4c12a4a71c\"},\"extra\":{},\"KID\":\"\",\"ClientID\":\"cells-frontend\",\"ConsentChallenge\":\"808ce876d2844a7e8878f3c516e68bd3\"}','d94aba17-3f7d-4cf4-9e0e-ed4c12a4a71c',0,'','','808ce876d2844a7e8878f3c516e68bd3'),('z8o9DIcghvgyI2-MtyCsFjJgfX3u3n5RrHqyRp0t-T8','4f98af927b444759b9691aeb859d9b5a','2020-12-02 12:11:14','cells-frontend','','openid|profile|offline','redirect_uri=','{\"idToken\":{\"Claims\":{\"JTI\":\"\",\"Issuer\":\"https://0.0.0.0:8080/oidc/\",\"Subject\":\"6645056e-6b73-4a69-9cbf-83f6bfaee074\",\"Audience\":null,\"Nonce\":\"\",\"ExpiresAt\":\"0001-01-01T00:00:00Z\",\"IssuedAt\":\"2020-12-02T13:11:13.676382Z\",\"RequestedAt\":\"2020-12-02T13:11:13.676383Z\",\"AuthTime\":\"2020-12-02T13:11:13.676382Z\",\"AccessTokenHash\":\"\",\"AuthenticationContextClassReference\":\"\",\"CodeHash\":\"\",\"Extra\":{\"authSource\":\"Pydio Cells\",\"email\":\"\",\"name\":\"admin\",\"sid\":\"90e35bd7-4184-4069-85fe-775b53428f72\"}},\"Headers\":{\"Extra\":{\"kid\":\"public:d66213b1-17c1-4f9e-835c-a7c63ad628b1\"}},\"ExpiresAt\":{\"authorize_code\":\"2020-12-02T13:21:13.676535Z\"},\"Username\":\"\",\"Subject\":\"6645056e-6b73-4a69-9cbf-83f6bfaee074\"},\"extra\":{},\"KID\":\"\",\"ClientID\":\"cells-frontend\",\"ConsentChallenge\":\"4f98af927b444759b9691aeb859d9b5a\"}','6645056e-6b73-4a69-9cbf-83f6bfaee074',0,'','','4f98af927b444759b9691aeb859d9b5a'),('ZBQQEpaarOdGVV7L9rGXYg144iZY58q4AvvGFKUqMNg','1bf423011f58499187cf0a728d821a06','2020-12-02 12:15:49','cells-frontend','','openid|profile|offline','redirect_uri=','{\"idToken\":{\"Claims\":{\"JTI\":\"\",\"Issuer\":\"https://0.0.0.0:8080/oidc/\",\"Subject\":\"d94aba17-3f7d-4cf4-9e0e-ed4c12a4a71c\",\"Audience\":null,\"Nonce\":\"\",\"ExpiresAt\":\"0001-01-01T00:00:00Z\",\"IssuedAt\":\"2020-12-02T13:15:48.852835Z\",\"RequestedAt\":\"2020-12-02T13:15:48.852836Z\",\"AuthTime\":\"2020-12-02T13:15:48.852836Z\",\"AccessTokenHash\":\"\",\"AuthenticationContextClassReference\":\"\",\"CodeHash\":\"\",\"Extra\":{\"authSource\":\"Pydio Cells\",\"email\":\"\",\"name\":\"tests_admin\",\"sid\":\"cd951458-757e-4d59-944e-b594de4efbfb\"}},\"Headers\":{\"Extra\":{\"kid\":\"public:d66213b1-17c1-4f9e-835c-a7c63ad628b1\"}},\"ExpiresAt\":{\"authorize_code\":\"2020-12-02T13:25:48.852968Z\"},\"Username\":\"\",\"Subject\":\"d94aba17-3f7d-4cf4-9e0e-ed4c12a4a71c\"},\"extra\":{},\"KID\":\"\",\"ClientID\":\"cells-frontend\",\"ConsentChallenge\":\"1bf423011f58499187cf0a728d821a06\"}','d94aba17-3f7d-4cf4-9e0e-ed4c12a4a71c',0,'','','1bf423011f58499187cf0a728d821a06'),('Zeieq9seQTaLpUzdbhyabjls_MjQy7ROtnvTd4ZAsMA','3c394d80d88b421e8a319dd05fdcc108','2020-12-02 12:15:40','cells-frontend','','openid|profile|offline','redirect_uri=','{\"idToken\":{\"Claims\":{\"JTI\":\"\",\"Issuer\":\"https://0.0.0.0:8080/oidc/\",\"Subject\":\"b4a5fa2b-c555-4c75-b20f-120de9e8bfa6\",\"Audience\":null,\"Nonce\":\"\",\"ExpiresAt\":\"0001-01-01T00:00:00Z\",\"IssuedAt\":\"2020-12-02T13:15:40.373362Z\",\"RequestedAt\":\"2020-12-02T13:15:40.373363Z\",\"AuthTime\":\"2020-12-02T13:15:40.373362Z\",\"AccessTokenHash\":\"\",\"AuthenticationContextClassReference\":\"\",\"CodeHash\":\"\",\"Extra\":{\"authSource\":\"Pydio Cells\",\"email\":\"\",\"name\":\"tests_rw_user\",\"sid\":\"53592751-3286-4ff0-9b9c-496bf9b34197\"}},\"Headers\":{\"Extra\":{\"kid\":\"public:d66213b1-17c1-4f9e-835c-a7c63ad628b1\"}},\"ExpiresAt\":{\"authorize_code\":\"2020-12-02T13:25:40.373536Z\"},\"Username\":\"\",\"Subject\":\"b4a5fa2b-c555-4c75-b20f-120de9e8bfa6\"},\"extra\":{},\"KID\":\"\",\"ClientID\":\"cells-frontend\",\"ConsentChallenge\":\"3c394d80d88b421e8a319dd05fdcc108\"}','b4a5fa2b-c555-4c75-b20f-120de9e8bfa6',0,'','','3c394d80d88b421e8a319dd05fdcc108'),('ZH7xsNANi2aH4lmiuQRssDMMsy5Pz-VyxnmTs92F800','7802c409540c40f897c32c3642676a51','2020-12-02 12:11:14','cells-frontend','','openid|profile|offline','redirect_uri=','{\"idToken\":{\"Claims\":{\"JTI\":\"\",\"Issuer\":\"https://0.0.0.0:8080/oidc/\",\"Subject\":\"6645056e-6b73-4a69-9cbf-83f6bfaee074\",\"Audience\":null,\"Nonce\":\"\",\"ExpiresAt\":\"0001-01-01T00:00:00Z\",\"IssuedAt\":\"2020-12-02T13:11:14.102757Z\",\"RequestedAt\":\"2020-12-02T13:11:14.102757Z\",\"AuthTime\":\"2020-12-02T13:11:14.102757Z\",\"AccessTokenHash\":\"\",\"AuthenticationContextClassReference\":\"\",\"CodeHash\":\"\",\"Extra\":{\"authSource\":\"Pydio Cells\",\"email\":\"\",\"name\":\"admin\",\"sid\":\"67702e69-61f9-4517-9d4d-c5a113b54603\"}},\"Headers\":{\"Extra\":{\"kid\":\"public:d66213b1-17c1-4f9e-835c-a7c63ad628b1\"}},\"ExpiresAt\":{\"authorize_code\":\"2020-12-02T13:21:14.102845Z\"},\"Username\":\"\",\"Subject\":\"6645056e-6b73-4a69-9cbf-83f6bfaee074\"},\"extra\":{},\"KID\":\"\",\"ClientID\":\"cells-frontend\",\"ConsentChallenge\":\"7802c409540c40f897c32c3642676a51\"}','6645056e-6b73-4a69-9cbf-83f6bfaee074',0,'','','7802c409540c40f897c32c3642676a51'),('zuhZS45t_1IlYNNAdUFRVhBX3zWEzDQWwAe2zeiGPBY','722942af2d7a40dea77b84a7dc8ecf0b','2020-12-02 12:12:17','cells-frontend','','openid|profile|offline','redirect_uri=','{\"idToken\":{\"Claims\":{\"JTI\":\"\",\"Issuer\":\"https://0.0.0.0:8080/oidc/\",\"Subject\":\"d94aba17-3f7d-4cf4-9e0e-ed4c12a4a71c\",\"Audience\":null,\"Nonce\":\"\",\"ExpiresAt\":\"0001-01-01T00:00:00Z\",\"IssuedAt\":\"2020-12-02T13:12:17.432113Z\",\"RequestedAt\":\"2020-12-02T13:12:17.432114Z\",\"AuthTime\":\"2020-12-02T13:12:17.432114Z\",\"AccessTokenHash\":\"\",\"AuthenticationContextClassReference\":\"\",\"CodeHash\":\"\",\"Extra\":{\"authSource\":\"Pydio Cells\",\"email\":\"\",\"name\":\"tests_admin\",\"sid\":\"5d91ff46-f78b-4828-bdcb-3259f471e7a1\"}},\"Headers\":{\"Extra\":{\"kid\":\"public:d66213b1-17c1-4f9e-835c-a7c63ad628b1\"}},\"ExpiresAt\":{\"authorize_code\":\"2020-12-02T13:22:17.432272Z\"},\"Username\":\"\",\"Subject\":\"d94aba17-3f7d-4cf4-9e0e-ed4c12a4a71c\"},\"extra\":{},\"KID\":\"\",\"ClientID\":\"cells-frontend\",\"ConsentChallenge\":\"722942af2d7a40dea77b84a7dc8ecf0b\"}','d94aba17-3f7d-4cf4-9e0e-ed4c12a4a71c',0,'','','722942af2d7a40dea77b84a7dc8ecf0b'),('ZW21K7Uo39RLmSkK9bAfGabYhSj7JM_5kk7uMDV6auw','c621b9ff970249a981d188364ef6aef6','2020-12-02 12:11:55','cells-frontend','','openid|profile|offline','redirect_uri=','{\"idToken\":{\"Claims\":{\"JTI\":\"\",\"Issuer\":\"https://0.0.0.0:8080/oidc/\",\"Subject\":\"d94aba17-3f7d-4cf4-9e0e-ed4c12a4a71c\",\"Audience\":null,\"Nonce\":\"\",\"ExpiresAt\":\"0001-01-01T00:00:00Z\",\"IssuedAt\":\"2020-12-02T13:11:54.610808Z\",\"RequestedAt\":\"2020-12-02T13:11:54.610809Z\",\"AuthTime\":\"2020-12-02T13:11:54.610809Z\",\"AccessTokenHash\":\"\",\"AuthenticationContextClassReference\":\"\",\"CodeHash\":\"\",\"Extra\":{\"authSource\":\"Pydio Cells\",\"email\":\"\",\"name\":\"tests_admin\",\"sid\":\"ea478009-e157-4a0d-aa0e-802262ad9829\"}},\"Headers\":{\"Extra\":{\"kid\":\"public:d66213b1-17c1-4f9e-835c-a7c63ad628b1\"}},\"ExpiresAt\":{\"authorize_code\":\"2020-12-02T13:21:54.610969Z\"},\"Username\":\"\",\"Subject\":\"d94aba17-3f7d-4cf4-9e0e-ed4c12a4a71c\"},\"extra\":{},\"KID\":\"\",\"ClientID\":\"cells-frontend\",\"ConsentChallenge\":\"c621b9ff970249a981d188364ef6aef6\"}','d94aba17-3f7d-4cf4-9e0e-ed4c12a4a71c',0,'','','c621b9ff970249a981d188364ef6aef6');
/*!40000 ALTER TABLE `hydra_oauth2_code` ENABLE KEYS */;
UNLOCK TABLES;

--
-- Table structure for table `hydra_oauth2_consent_request`
--

DROP TABLE IF EXISTS `hydra_oauth2_consent_request`;
/*!40101 SET @saved_cs_client     = @@character_set_client */;
/*!50503 SET character_set_client = utf8mb4 */;
CREATE TABLE `hydra_oauth2_consent_request` (
  `challenge` varchar(40) NOT NULL,
  `verifier` varchar(40) NOT NULL,
  `client_id` varchar(255) NOT NULL,
  `subject` varchar(255) NOT NULL,
  `request_url` text NOT NULL,
  `skip` tinyint(1) NOT NULL,
  `requested_scope` text NOT NULL,
  `csrf` varchar(40) NOT NULL,
  `authenticated_at` timestamp NULL DEFAULT NULL,
  `requested_at` timestamp NOT NULL DEFAULT CURRENT_TIMESTAMP,
  `oidc_context` text NOT NULL,
  `forced_subject_identifier` varchar(255) DEFAULT '',
  `login_session_id` varchar(40),
  `login_challenge` varchar(40),
  `requested_at_audience` text NOT NULL,
  `acr` text NOT NULL,
  `context` text NOT NULL,
  PRIMARY KEY (`challenge`),
  UNIQUE KEY `hydra_oauth2_consent_request_veri_idx` (`verifier`),
  KEY `hydra_oauth2_consent_request_cid_idx` (`client_id`),
  KEY `hydra_oauth2_consent_request_sub_idx` (`subject`),
  KEY `hydra_oauth2_consent_request_login_session_id_fk` (`login_session_id`),
  KEY `hydra_oauth2_consent_request_login_challenge_fk` (`login_challenge`),
  CONSTRAINT `hydra_oauth2_consent_request_client_id_fk` FOREIGN KEY (`client_id`) REFERENCES `hydra_client` (`id`) ON DELETE CASCADE,
  CONSTRAINT `hydra_oauth2_consent_request_login_challenge_fk` FOREIGN KEY (`login_challenge`) REFERENCES `hydra_oauth2_authentication_request` (`challenge`) ON DELETE SET NULL,
  CONSTRAINT `hydra_oauth2_consent_request_login_session_id_fk` FOREIGN KEY (`login_session_id`) REFERENCES `hydra_oauth2_authentication_session` (`id`) ON DELETE SET NULL
) ENGINE=InnoDB DEFAULT CHARSET=utf8mb4 COLLATE=utf8mb4_0900_ai_ci;
/*!40101 SET character_set_client = @saved_cs_client */;

--
-- Dumping data for table `hydra_oauth2_consent_request`
--

LOCK TABLES `hydra_oauth2_consent_request` WRITE;
/*!40000 ALTER TABLE `hydra_oauth2_consent_request` DISABLE KEYS */;
INSERT INTO `hydra_oauth2_consent_request` VALUES ('03fcedb86d82462f8a44954947f0e7c2','9860bac8d4b24fc6bd254d26c545c041','cells-frontend','6645056e-6b73-4a69-9cbf-83f6bfaee074','https://0.0.0.0:8080/oidc/oauth2/auth',0,'openid|profile|offline','e7864498bd124a9bbd8dbb2b95de4dbb','2020-12-02 13:49:33','2020-12-02 13:49:33','null','','ecf45057-c613-4a62-a1ff-903970f981ff','0b37b071106441008b9895d7849068f0','','','{}'),('1bf423011f58499187cf0a728d821a06','fd4139e2b6484f0aad033a54798e7b83','cells-frontend','d94aba17-3f7d-4cf4-9e0e-ed4c12a4a71c','https://0.0.0.0:8080/oidc/oauth2/auth',0,'openid|profile|offline','ecb0d88b7a0740508df17ac475599c04','2020-12-02 12:15:49','2020-12-02 12:15:49','null','','cd951458-757e-4d59-944e-b594de4efbfb','83a3a4e98ac34e4eb1820655420afb20','','','{}'),('1c7674b31ed146dcbeccc90c83dfc3e1','64e55ab74aec4db6aad8304aeea7afcb','cells-frontend','d94aba17-3f7d-4cf4-9e0e-ed4c12a4a71c','https://0.0.0.0:8080/oidc/oauth2/auth',0,'openid|profile|offline','1bf6ca04144046618dde60ec39f95e13','2020-12-02 12:11:55','2020-12-02 12:11:55','null','','9d5f60b1-fb62-41fc-8ad5-efeb6e23db22','eb56773ea2a24617bf02639b30006e58','','','{}'),('1d0ec49cace54933949f7ae9153857eb','10287f7b5cf642d6acc7300152c9582b','cells-frontend','d94aba17-3f7d-4cf4-9e0e-ed4c12a4a71c','https://0.0.0.0:8080/oidc/oauth2/auth',0,'openid|profile|offline','a73d979b2959460faa9fb67ce8260710','2020-12-02 12:12:19','2020-12-02 12:12:19','null','','655eee3d-55ad-46b6-b241-979576f958b6','3aede923558c438d9887adb24bea6acb','','','{}'),('1ddaae726e564ae69cf683924248bd18','56ea079950b24e28808431ee96220b38','cells-frontend','d94aba17-3f7d-4cf4-9e0e-ed4c12a4a71c','https://0.0.0.0:8080/oidc/oauth2/auth',0,'openid|profile|offline','ca4b24a4827e40ff86b697d278fab4c4','2020-12-02 12:11:58','2020-12-02 12:11:58','null','','d86bc5bc-3a54-498e-b312-729980dba94c','7fbc34db597049908e30529a289d957e','','','{}'),('1e06d92b44764ce0830b9617894a68d2','d03f0f4d1a6b43a899980e5692cfd6ca','cells-frontend','d94aba17-3f7d-4cf4-9e0e-ed4c12a4a71c','https://0.0.0.0:8080/oidc/oauth2/auth',0,'openid|profile|offline','841eef9769434b77b7258f53348c18fb','2020-12-02 12:11:57','2020-12-02 12:11:57','null','','e1e66a6d-1ff4-4541-beaa-af343d0022ee','5fd6150fe0a34cc7af3568103f1fb2e5','','','{}'),('23d0406dee8d46ea86ca479c2c49a9f0','df70d1364d824799b24bc71f95633460','cells-frontend','d94aba17-3f7d-4cf4-9e0e-ed4c12a4a71c','https://0.0.0.0:8080/oidc/oauth2/auth',0,'openid|profile|offline','6021cbb0175347fba8b3c33b12ba4d0b','2020-12-02 12:12:03','2020-12-02 12:12:03','null','','b351fabe-38db-4ba9-9cbf-23ee2c9d5a2a','31699593c8144bd29d6e3fdb8e22dd33','','','{}'),('2522226282214c1cae4543ab4cef9f21','04f7924cb0a74a40b4e3a6aa26d7020f','cells-frontend','d94aba17-3f7d-4cf4-9e0e-ed4c12a4a71c','https://0.0.0.0:8080/oidc/oauth2/auth',0,'openid|profile|offline','ded3dba8479543ae92c67b09f1cba342','2020-12-02 12:15:35','2020-12-02 12:15:35','null','','dc40abde-14ea-4ecf-ac9b-77b94a4482c5','2a73b83aab614a2cb93c0bd9b50a4eac','','','{}'),('28b4a71044f0422886a7cfa078c199ac','eb5789e652a94d2b8b2658096e214e2f','cells-frontend','d94aba17-3f7d-4cf4-9e0e-ed4c12a4a71c','https://0.0.0.0:8080/oidc/oauth2/auth',0,'openid|profile|offline','da5f92d89c0242b99eaaee884ef62225','2020-12-02 12:14:38','2020-12-02 12:14:38','null','','59fd7dce-e6d3-46af-bd9f-d33897b6f67b','d66246e30c2b49f194b428e6d38eb381','','','{}'),('2a26c852000c42449e7b6f9609ad2b47','3f9ffce5467849b4831cc18b67dd7754','cells-client','6645056e-6b73-4a69-9cbf-83f6bfaee074','https://0.0.0.0:8080/oidc/oauth2/auth?client_id=cells-client&redirect_uri=http%3A%2F%2Flocalhost%3A3000%2Fservers%2Fcallback&response_type=code&scope=openid%20email%20profile%20pydio%20offline&state=7d4bcfd08d724be2acbcd0495526ece6&code_challenge=KCac3fF45r9EnGArZiG8UC0cUIlGguGeB1kjL4vUmqY&code_challenge_method=S256',0,'openid|email|profile|pydio|offline','ad90636e3d8748448cb30f9965eb031b','2020-12-03 07:42:07','2020-12-03 07:42:07','null','','b49ae713-2dc2-4d55-aae8-c0ad82ce85b1','74008a9ff981497a8262b5e2ff8ce29b','','','{}'),('332f5df7f8f74670a3d359e68a0e684f','a2d193262bdd44c8ac7eabd736282151','cells-frontend','d94aba17-3f7d-4cf4-9e0e-ed4c12a4a71c','https://0.0.0.0:8080/oidc/oauth2/auth',0,'openid|profile|offline','02293dbfb9c941f68b3a207023b98dc9','2020-12-02 12:15:41','2020-12-02 12:15:41','null','','8f8b49c6-8c55-4c44-92bf-caf9501055a7','aa8918556554407a9212f41d3dacf4f3','','','{}'),('366535ed5f7e443d95c78ea0da4916de','46ea439bf66e4b21a22e331cb78de788','cells-frontend','d94aba17-3f7d-4cf4-9e0e-ed4c12a4a71c','https://0.0.0.0:8080/oidc/oauth2/auth',0,'openid|profile|offline','b28bcd4d0ec241e4826ad9fbda575594','2020-12-02 12:12:20','2020-12-02 12:12:20','null','','4baa422e-1489-460d-ae48-2bbe2055c69e','f52c0435c33b42dd817f724d69181a28','','','{}'),('3b2fb15590754793bdfe6a8f8b4fd501','63a8e656e888413ba148abacf6b548b2','cells-frontend','d94aba17-3f7d-4cf4-9e0e-ed4c12a4a71c','https://0.0.0.0:8080/oidc/oauth2/auth',0,'openid|profile|offline','6ae5f8599b7943798a9c0309e2c78c90','2020-12-02 12:15:40','2020-12-02 12:15:40','null','','a2780f1d-b940-4d28-afdf-6ed77e08c91c','ec54dcacc7a544bcac73579115dd783e','','','{}'),('3c394d80d88b421e8a319dd05fdcc108','61ea536d0d0242868410574203cdabc8','cells-frontend','b4a5fa2b-c555-4c75-b20f-120de9e8bfa6','https://0.0.0.0:8080/oidc/oauth2/auth',0,'openid|profile|offline','e6459590aa6948b5b2e74acd83fb0483','2020-12-02 12:15:40','2020-12-02 12:15:40','null','','53592751-3286-4ff0-9b9c-496bf9b34197','01739ac134e6401db99cbe4cfb7f4e2a','','','{}'),('3d05bd033e004837a884398dea69098f','ca0bb14f67434251bef0c6a01f24a2ae','cells-frontend','d94aba17-3f7d-4cf4-9e0e-ed4c12a4a71c','https://0.0.0.0:8080/oidc/oauth2/auth',0,'openid|profile|offline','b57f444d418a44cfab6188685861629d','2020-12-02 12:12:20','2020-12-02 12:12:20','null','','aadb53c0-d013-49ae-acbe-189825e47aef','c51830b073bb4c58a5ac11384e0be255','','','{}'),('3ebc10ea99024f7d81d9341f10602a39','fbb46f2d055d4e668210b1cc916e5c05','cells-frontend','b4a5fa2b-c555-4c75-b20f-120de9e8bfa6','https://0.0.0.0:8080/oidc/oauth2/auth',0,'openid|profile|offline','ea7002dce7494072a88f21266170e494','2020-12-02 12:15:34','2020-12-02 12:15:34','null','','a992d02f-29f0-4fb4-8b24-1a55c18632bf','0ba25c0202b5429386b87854a2052de2','','','{}'),('45ec1fca84a5434ab789e0d4184e9f61','f47fa2ef19004cdf8ddcce52737de0e9','cells-frontend','d94aba17-3f7d-4cf4-9e0e-ed4c12a4a71c','https://0.0.0.0:8080/oidc/oauth2/auth',0,'openid|profile|offline','f044a520bb3840239eebbfa24cccd5c6','2020-12-02 12:12:35','2020-12-02 12:12:35','null','','6dea4965-21a0-41ef-9dbf-781343ea2c2c','ca62baca07574a2d82287f1ed646a7c0','','','{}'),('4f98af927b444759b9691aeb859d9b5a','b4cfc275344a4a00b712a6775b462b08','cells-frontend','6645056e-6b73-4a69-9cbf-83f6bfaee074','https://0.0.0.0:8080/oidc/oauth2/auth',0,'openid|profile|offline','3f6c8cde731c4e45a9126e58e4b20626','2020-12-02 12:11:14','2020-12-02 12:11:14','null','','90e35bd7-4184-4069-85fe-775b53428f72','b155be6a846e4636a600525ca045430f','','','{}'),('4f9998cf96be4b6ba9d2b6245d43e732','3d4394e1b687497ab97ddda6ccb12708','cells-frontend','d94aba17-3f7d-4cf4-9e0e-ed4c12a4a71c','https://0.0.0.0:8080/oidc/oauth2/auth',0,'openid|profile|offline','a70b74e5179245de956cadac92aa83c6','2020-12-02 12:15:40','2020-12-02 12:15:40','null','','6e65056f-f3a1-4bf4-9412-2228646b05d4','08a7026e189a45edaafdd4347d839a3f','','','{}'),('53a8f945eb274478b9baa2e394b93bcb','7d15eab3b530498d8b81ec6b99b93e8e','cells-frontend','d94aba17-3f7d-4cf4-9e0e-ed4c12a4a71c','https://0.0.0.0:8080/oidc/oauth2/auth',0,'openid|profile|offline','589f3aafdb844e3dad7f1182a52d403c','2020-12-02 12:15:33','2020-12-02 12:15:33','null','','c446b3ec-9591-4c48-865d-fc117ec65ea8','2717e2a9689142ddb5ee0cfac268e29d','','','{}'),('565b8970fdac412e80c0b754936ba4b1','8cc55586ab6f45389ead887eb62ffad6','cells-frontend','d94aba17-3f7d-4cf4-9e0e-ed4c12a4a71c','https://0.0.0.0:8080/oidc/oauth2/auth',0,'openid|profile|offline','c65f1b4e088c469daf7485d2d2bf7f60','2020-12-02 12:15:39','2020-12-02 12:15:39','null','','83cc29d6-63d8-44a7-b74b-a2cc77d61dfe','1126c5d48fd545598ce96e52b36f46f2','','','{}'),('5f37a2f550ce45fc8087e4fe096e930d','291a3c8cbe90454e81d7e4947d5cb4ca','cells-frontend','d94aba17-3f7d-4cf4-9e0e-ed4c12a4a71c','https://0.0.0.0:8080/oidc/oauth2/auth',0,'openid|profile|offline','c05cc8cb30334415ad9d4cd029f42b0b','2020-12-02 12:11:55','2020-12-02 12:11:55','null','','b81ea948-a067-4b23-aa02-ff9f6fb7dcac','5c86eb3c04864fd3b0fe9e5e8fe35fcc','','','{}'),('610e692c5cb94b41b68103d87c519a47','29ba99c9fae14836aac1ff99b83ec4f3','cells-frontend','d94aba17-3f7d-4cf4-9e0e-ed4c12a4a71c','https://0.0.0.0:8080/oidc/oauth2/auth',0,'openid|profile|offline','092d356ae7494083bf91f0c53cfbc46f','2020-12-02 12:12:18','2020-12-02 12:12:18','null','','8cf50aaf-3cef-45ca-be79-a17061d888a9','8b08f794cff445d7b7fc6d3b8f3eca12','','','{}'),('6229401d3194495c88b2f7ecc6af40e4','c73200478c054777a46ba6b377d82c47','cells-frontend','d94aba17-3f7d-4cf4-9e0e-ed4c12a4a71c','https://0.0.0.0:8080/oidc/oauth2/auth',0,'openid|profile|offline','6675ac60bc8d46cea11fbcc4b79c9bf1','2020-12-02 12:15:40','2020-12-02 12:15:40','null','','3cdff508-b75a-4d02-8b1d-e812ebf84da1','82af4c61656e43b7b1c6215ddd6e8a9d','','','{}'),('642c4eda83454555a15a67347dce1834','66d2b208ba0d488da0d770b1bdfd021c','cells-frontend','d94aba17-3f7d-4cf4-9e0e-ed4c12a4a71c','https://0.0.0.0:8080/oidc/oauth2/auth',0,'openid|profile|offline','c0b84fdb91ee4e2188be13e4a18ee78f','2020-12-02 12:12:03','2020-12-02 12:12:03','null','','bc337901-f371-4b00-ab5b-16cf2a50c5bd','90fdebaa1b32463699a8ac4a0d73c749','','','{}'),('6985ab355381477495fed15283122bce','bbc8db89aedc4f2e8f14467def58729d','cells-frontend','d94aba17-3f7d-4cf4-9e0e-ed4c12a4a71c','https://0.0.0.0:8080/oidc/oauth2/auth',0,'openid|profile|offline','c2bac18de3354f749c4faea0ae26ed3b','2020-12-02 12:12:18','2020-12-02 12:12:18','null','','254c4b0d-d8f8-4e36-aa09-aaf5dfce9593','097c9f6bfc024f29ab8e9e223a2a7420','','','{}'),('69ecb9d6cb1a447ab04255f7462a116d','971bf00070114354ab5b3f19e5c5ffe1','cells-frontend','d94aba17-3f7d-4cf4-9e0e-ed4c12a4a71c','https://0.0.0.0:8080/oidc/oauth2/auth',0,'openid|profile|offline','f821473a728f4c46b4515616be437e54','2020-12-02 12:12:19','2020-12-02 12:12:19','null','','f48ef12c-4e1c-4914-87b2-478376972a34','ddd49592fe254f7394c908a3bf5f869a','','','{}'),('6bfbff482f2b419c80045bcadb9ec9d6','28b8612e3f24498bbd936bd2b732c74f','cells-frontend','d94aba17-3f7d-4cf4-9e0e-ed4c12a4a71c','https://0.0.0.0:8080/oidc/oauth2/auth',0,'openid|profile|offline','88a4464a4932476088384270cfb0e1ee','2020-12-02 12:15:52','2020-12-02 12:15:52','null','','523c24f1-dd3f-43e9-9fc1-15a90494196b','f9a15c701be44fdeb23a4f57e11d2aa9','','','{}'),('6d98995c95a340e5a663498789980c98','e9be3b425eb84af19fd67e2507a5f01d','cells-frontend','d94aba17-3f7d-4cf4-9e0e-ed4c12a4a71c','https://0.0.0.0:8080/oidc/oauth2/auth',0,'openid|profile|offline','08d82976af624de79213b73b5148484f','2020-12-02 12:12:19','2020-12-02 12:12:19','null','','96916c85-34f3-4674-b271-2f31211b1c50','54510ca86e8c48cbb63f7b8e4d657a14','','','{}'),('6dd3a41c412f41eb8d26165f8271b795','80e29e8cf49e4b648eca30c6d2174f61','cells-frontend','d94aba17-3f7d-4cf4-9e0e-ed4c12a4a71c','https://0.0.0.0:8080/oidc/oauth2/auth',0,'openid|profile|offline','992117b839ef41a89f3e81d11723b997','2020-12-02 12:12:19','2020-12-02 12:12:19','null','','ed6675cd-ced4-453c-ab2b-15a9770a93a1','3dfc2676f4194d089addcc781d68e415','','','{}'),('6e5c2634687f45f1aa267afbe9b8c7d6','bea4f8c73d7b49a68f8c68ec1874c3ba','cells-frontend','d94aba17-3f7d-4cf4-9e0e-ed4c12a4a71c','https://0.0.0.0:8080/oidc/oauth2/auth',0,'openid|profile|offline','0338b8a072be48abbe0319bce0f8a698','2020-12-02 12:15:46','2020-12-02 12:15:46','null','','f5f796a7-cb3e-4b7c-8d66-206dc931d3e0','344e3286d9244743a1ebe9c68fe0b1c9','','','{}'),('711162c809a94a09ab3aba751e7bcb1b','74fdc5c09c1f4d19a8f490a95323af0f','cells-frontend','d94aba17-3f7d-4cf4-9e0e-ed4c12a4a71c','https://0.0.0.0:8080/oidc/oauth2/auth',0,'openid|profile|offline','55f39c17d22548bc8b1d8e1ae52ca173','2020-12-02 12:15:41','2020-12-02 12:15:41','null','','24c61ec0-4c3f-4f4d-9a46-49b94287866e','e56dde06703b4040b219fa265caf7f20','','','{}'),('722942af2d7a40dea77b84a7dc8ecf0b','2ea55b83f9714ea990177a0f84f64649','cells-frontend','d94aba17-3f7d-4cf4-9e0e-ed4c12a4a71c','https://0.0.0.0:8080/oidc/oauth2/auth',0,'openid|profile|offline','4cd9d5edb2504fcf9ba58953116584ed','2020-12-02 12:12:17','2020-12-02 12:12:17','null','','5d91ff46-f78b-4828-bdcb-3259f471e7a1','56ee0440e4234491b3d9d61bfedc6f51','','','{}'),('733d7f2272154a79a79aeed60d783bfd','08dad38b1a594543b2ddf92fc1a839c4','cells-frontend','d94aba17-3f7d-4cf4-9e0e-ed4c12a4a71c','https://0.0.0.0:8080/oidc/oauth2/auth',0,'openid|profile|offline','47b907f342134b4787b7e783cc827dac','2020-12-02 12:15:39','2020-12-02 12:15:39','null','','7b57cb64-7328-4c27-bc8b-bddc7a6d44f9','72cf8d5ee7854bf585aa35a41f39d28c','','','{}'),('743705ab0b114a3bbff459c1c0362efc','95eee73778b945998965f81d4fce315a','cells-frontend','b4a5fa2b-c555-4c75-b20f-120de9e8bfa6','https://0.0.0.0:8080/oidc/oauth2/auth',0,'openid|profile|offline','83a9c861e3274a14867ac1f671ab28b2','2020-12-02 12:15:40','2020-12-02 12:15:40','null','','b1629262-e646-45f7-b3b7-7ec8fbe62558','2c48c125701d425fadf3bb21f2b8b275','','','{}'),('7802c409540c40f897c32c3642676a51','b3ab89c0bbb94d998c6e66d3db9c89f3','cells-frontend','6645056e-6b73-4a69-9cbf-83f6bfaee074','https://0.0.0.0:8080/oidc/oauth2/auth',0,'openid|profile|offline','11a5dcbda8dc44e7a737b2ec0d5c255f','2020-12-02 12:11:14','2020-12-02 12:11:14','null','','67702e69-61f9-4517-9d4d-c5a113b54603','e652839d110e435f82e56a0508447507','','','{}'),('808ce876d2844a7e8878f3c516e68bd3','7f4a1d5b681645e38fc55e3870a631d0','cells-frontend','d94aba17-3f7d-4cf4-9e0e-ed4c12a4a71c','https://0.0.0.0:8080/oidc/oauth2/auth',0,'openid|profile|offline','86e353bf1f7044faad217006bd0e7d44','2020-12-02 12:11:58','2020-12-02 12:11:58','null','','ec0cf1c5-1e49-4dc8-82b2-43b4438f6e3a','29413e5fcace4aa386c190edebd01335','','','{}'),('83905a6ab3e44dd4a602912054b3918e','4db294bc98da46f9b30a08659f6c2d5a','cells-frontend','b4a5fa2b-c555-4c75-b20f-120de9e8bfa6','https://0.0.0.0:8080/oidc/oauth2/auth',0,'openid|profile|offline','fe0b3549cf7d4c17948ce68d720623eb','2020-12-02 12:15:42','2020-12-02 12:15:42','null','','97b7be4f-fc0d-4132-8725-afa665d1dd7a','238f6e5736ef4045bfe4630ebafc22fb','','','{}'),('867a0e71bb21440db2b2ff701f27a987','5f6063f035924ed080b3f1e6e7ad3d42','cells-frontend','d94aba17-3f7d-4cf4-9e0e-ed4c12a4a71c','https://0.0.0.0:8080/oidc/oauth2/auth',0,'openid|profile|offline','4f46b5df26804557ac4aef85f4dc1cc3','2020-12-02 12:12:18','2020-12-02 12:12:18','null','','25c73a96-e42e-4e6e-845e-76154658d9a2','8527c6999b2b4515868f468e4128e31e','','','{}'),('89ae66e4015a4ea08d3e484f8342e92d','a44248b9d0d34066997ae88e019c71c0','cells-frontend','d94aba17-3f7d-4cf4-9e0e-ed4c12a4a71c','https://0.0.0.0:8080/oidc/oauth2/auth',0,'openid|profile|offline','ac45359a625f4d18bbc2afc1d0bd006c','2020-12-02 12:11:56','2020-12-02 12:11:56','null','','decebfea-902f-47a6-bc65-006a222df2c3','3588d4a8fd3f43b5b32d3682f9b5aca6','','','{}'),('8da530dfdfbd480b86e99a46122a6ed7','61c798c059734631b490bfef18b5d882','cells-frontend','6645056e-6b73-4a69-9cbf-83f6bfaee074','https://0.0.0.0:8080/oidc/oauth2/auth',0,'openid|profile|offline','509221a56d964ee9b358efae74cec864','2020-12-04 07:30:21','2020-12-04 07:30:21','null','','24d3f3de-aac0-4771-a053-2b6773c5c89f','3d4bf051fe7b4ce28f97d343ccd840a1','','','{}'),('8e8ca3c16edf4575ad08da89ad6eeb98','f8c457f3e2b141269acb5f947565341f','cells-frontend','b4a5fa2b-c555-4c75-b20f-120de9e8bfa6','https://0.0.0.0:8080/oidc/oauth2/auth',0,'openid|profile|offline','09d380475920431695b4c1fe630c14ca','2020-12-02 12:15:41','2020-12-02 12:15:41','null','','7b066663-d2b5-4a3f-8b43-b34e633da954','7258fb2803d44f1c9e6a41ef1bcd6149','','','{}'),('918a0c4570dd428994172bd130c06e1b','ff7faa30dd8d4ac29eab994e04625d78','cells-frontend','d94aba17-3f7d-4cf4-9e0e-ed4c12a4a71c','https://0.0.0.0:8080/oidc/oauth2/auth',0,'openid|profile|offline','88023d3136474efd8e1dfb139b9ce967','2020-12-02 12:15:34','2020-12-02 12:15:34','null','','5740d4a0-6df4-4238-bea2-35a15ab7c9f8','91dbe72478b94250b7902cc93053ee56','','','{}'),('9798ccec275d4c258a1919783e75ce7b','b36c81be61344e1fbb97ce41d4364545','cells-frontend','d94aba17-3f7d-4cf4-9e0e-ed4c12a4a71c','https://0.0.0.0:8080/oidc/oauth2/auth',0,'openid|profile|offline','8be195745653406887079acb95765585','2020-12-02 12:15:55','2020-12-02 12:15:55','null','','8c0b2417-4543-442d-98c4-888992a9d397','2ead026c77a44b96a5ed6fb88dcce750','','','{}'),('99624f227bc84b97b1d99fca36d93bb4','3e58e719b80349b08792a51a70aeb235','cells-frontend','b4a5fa2b-c555-4c75-b20f-120de9e8bfa6','https://0.0.0.0:8080/oidc/oauth2/auth',0,'openid|profile|offline','130d06224b8241cea036bc50ab868114','2020-12-02 12:15:34','2020-12-02 12:15:34','null','','2e43be0d-67b1-4563-b84c-8df49310d6c3','4a5b8a64ad3441d98b102c2e432f7c11','','','{}'),('9c0c55739b23474191c8f369e10ddea7','ca76c46d2f20418783d51fbe1ed458da','cells-frontend','d94aba17-3f7d-4cf4-9e0e-ed4c12a4a71c','https://0.0.0.0:8080/oidc/oauth2/auth',0,'openid|profile|offline','f0916e97bbe74166a29e3b646c8e75fb','2020-12-02 12:11:56','2020-12-02 12:11:56','null','','ad68c870-f118-4a65-a56b-8ec745eb437d','6ea325edd67a41a9bc8913b25fc86e6f','','','{}'),('9c1cc853f1324f4091443f843f10627a','7eb8d4ba2cdb44368bda925b53deb367','cells-frontend','d94aba17-3f7d-4cf4-9e0e-ed4c12a4a71c','https://0.0.0.0:8080/oidc/oauth2/auth',0,'openid|profile|offline','55c4abba4d8a4d388b4faa23a87cbb76','2020-12-02 12:15:35','2020-12-02 12:15:35','null','','179ca662-4250-4bb9-9eb6-36ce0d5502f7','af8482d8a4bc41b793041c1486b9349d','','','{}'),('a2e60819bad7482ba5bae9b7801d5d13','6f5a9d70b092428092dd45e4bb4a3c2a','cells-frontend','d94aba17-3f7d-4cf4-9e0e-ed4c12a4a71c','https://0.0.0.0:8080/oidc/oauth2/auth',0,'openid|profile|offline','79033846762c4b63934f6e284c53faf9','2020-12-02 12:15:41','2020-12-02 12:15:41','null','','f1ff080e-8b52-4477-9e6f-e2ced5c0d651','1aa9b8353fb64518a729c0b393064a5e','','','{}'),('ab2fa735e9f34f25ac8884734a1ebab7','ea3b86b5409040c0a56b843dab9cf5d2','cells-frontend','b4a5fa2b-c555-4c75-b20f-120de9e8bfa6','https://0.0.0.0:8080/oidc/oauth2/auth',0,'openid|profile|offline','1e6bf8e636634ae8a598b09f54203ebc','2020-12-02 12:15:41','2020-12-02 12:15:41','null','','b74aa6b7-f755-407c-8b0d-ab961b9c46b7','dcc94c9338d840799dfec5931adf1c98','','','{}'),('adbd89367d5749438a32e156a1cbda66','2409ddbaa79048e5979bf5a2e459dfc8','cells-frontend','d94aba17-3f7d-4cf4-9e0e-ed4c12a4a71c','https://0.0.0.0:8080/oidc/oauth2/auth',0,'openid|profile|offline','362ed7fa7a0940d5b0f0f78b9e0e0c60','2020-12-02 12:14:39','2020-12-02 12:14:39','null','','d268e365-bcb6-4310-bbd2-d49763c968d4','514ff84766b04a7da97d46647231ff0d','','','{}'),('ae14f2eae88e47f6be0e0ad8b9e6969d','895c2023f96244169b35f34fc23f993e','cells-frontend','d94aba17-3f7d-4cf4-9e0e-ed4c12a4a71c','https://0.0.0.0:8080/oidc/oauth2/auth',0,'openid|profile|offline','2cfd17d2660e4cc9bcb0246941b9bb45','2020-12-02 12:15:35','2020-12-02 12:15:35','null','','9001ba79-2061-4415-b63b-fb80929fb1c2','85b5b65350754713b59f9e351323c826','','','{}'),('b2f248fd8d244f24a21120e5467f37fa','d7f3c9e3ec27420b9bbfe5223693fb9d','cells-frontend','d94aba17-3f7d-4cf4-9e0e-ed4c12a4a71c','https://0.0.0.0:8080/oidc/oauth2/auth',0,'openid|profile|offline','7f59f8d3052b48f8a9919867bab7458c','2020-12-02 12:11:55','2020-12-02 12:11:55','null','','2c84e20f-b135-4cab-8dfe-6ab2930326c2','331b78bf75ac4778be2aacb7b719ac89','','','{}'),('bab62e4531dc46d8b2aa30b33e8fd784','39739889f4304c69a12f78f5311cf150','cells-frontend','b4a5fa2b-c555-4c75-b20f-120de9e8bfa6','https://0.0.0.0:8080/oidc/oauth2/auth',0,'openid|profile|offline','840dcf2a02094d74a36e97ff8bc69f02','2020-12-02 12:15:41','2020-12-02 12:15:41','null','','3f82b34d-200e-4354-8298-1121df144d5e','c62f410d1ed443d8b8075ea982484c3e','','','{}'),('bd315cb1c89d4c42bb6510153460b29b','4ef9f1806bce4da68788da47b41f632b','cells-frontend','d94aba17-3f7d-4cf4-9e0e-ed4c12a4a71c','https://0.0.0.0:8080/oidc/oauth2/auth',0,'openid|profile|offline','6f3ca9ae845f43c39955436bb8225730','2020-12-02 12:15:49','2020-12-02 12:15:49','null','','f6ca8b91-29ce-4650-a890-5085e40de949','65f5fb88e81248e28b8d0776a7153bba','','','{}'),('c23155903fa747ad8cfdd39b8079f52f','cf46bf18b0db401399cc3463fb090dbd','cells-frontend','d94aba17-3f7d-4cf4-9e0e-ed4c12a4a71c','https://0.0.0.0:8080/oidc/oauth2/auth',0,'openid|profile|offline','2c295a7f0f09417c9b171e9a4604d8cd','2020-12-02 12:12:35','2020-12-02 12:12:35','null','','a859c0d5-cd97-44c8-b62e-38cb82c75ad4','822ad6ca0270449e8e3a760fa71008af','','','{}'),('c5d7c286ed4b48c6bdf4b492e184a7d9','9ffecabdf84a44459a263def3b5bd7e7','cells-frontend','d94aba17-3f7d-4cf4-9e0e-ed4c12a4a71c','https://0.0.0.0:8080/oidc/oauth2/auth',0,'openid|profile|offline','4d196dc5b79f49638f1436de164562f3','2020-12-02 12:15:48','2020-12-02 12:15:48','null','','021d0260-9623-4abc-959c-f387f043bdac','5cb902c449f2481cb0ec620aa8c81a52','','','{}'),('c621b9ff970249a981d188364ef6aef6','60cabcf4f4214ad49fa91843ecb584d4','cells-frontend','d94aba17-3f7d-4cf4-9e0e-ed4c12a4a71c','https://0.0.0.0:8080/oidc/oauth2/auth',0,'openid|profile|offline','b92b64bcde714bc2b0b35f6ce0559c2f','2020-12-02 12:11:55','2020-12-02 12:11:55','null','','ea478009-e157-4a0d-aa0e-802262ad9829','c42b262588c34159976d40e458696807','','','{}'),('da795f8ca20940f0a19d37c671e3ec28','ac6a645a9273475095d7765e629a7789','cells-frontend','d94aba17-3f7d-4cf4-9e0e-ed4c12a4a71c','https://0.0.0.0:8080/oidc/oauth2/auth',0,'openid|profile|offline','89a345ed22e14e5a816726f4198b5bba','2020-12-02 12:15:39','2020-12-02 12:15:39','null','','18da6381-c110-4718-b786-964c75fc1b94','16fb8d77ddff48f4803803745e6f7860','','','{}'),('db3df18938974a41a6bfca4274bdbeb3','32716681ccd3416cb5926bfd1193ebd8','cells-frontend','d94aba17-3f7d-4cf4-9e0e-ed4c12a4a71c','https://0.0.0.0:8080/oidc/oauth2/auth',0,'openid|profile|offline','e1578a18a8ab404bb57c4a6f89e41618','2020-12-02 12:15:41','2020-12-02 12:15:41','null','','a2601d07-4ac0-475a-8f65-ca5bea9efc0c','49a7640ef0b948099b1a51cfae7e8240','','','{}'),('de125c640f5a4d579ae18b14f58bbf65','9ed5f154fe9448ec8de9d2307c887532','cells-frontend','d94aba17-3f7d-4cf4-9e0e-ed4c12a4a71c','https://0.0.0.0:8080/oidc/oauth2/auth',0,'openid|profile|offline','22364cfd7a9549b9a35ff9ae711ac088','2020-12-02 12:11:58','2020-12-02 12:11:58','null','','66e1069f-ff02-4931-ac57-41736cf0a454','0e3fb5fdcd994d7bb367301937f5606f','','','{}'),('df1d1e6970ff4868968a12cfc49228c4','48ab88bb8dd5442fa68cee1974dd8210','cells-frontend','d94aba17-3f7d-4cf4-9e0e-ed4c12a4a71c','https://0.0.0.0:8080/oidc/oauth2/auth',0,'openid|profile|offline','0d2cb765ff4c41688c417233bd4cb2bf','2020-12-02 12:15:40','2020-12-02 12:15:40','null','','780cd3ca-5beb-4c49-9eeb-0379256a774d','eb074266c9d248dd90c6e320585ff131','','','{}'),('ed0b11ce9bb1427283925772ea39a916','47d08000409a49698f0bff29fd020561','cells-frontend','d94aba17-3f7d-4cf4-9e0e-ed4c12a4a71c','https://0.0.0.0:8080/oidc/oauth2/auth',0,'openid|profile|offline','bbed7b68e44842e6b976a1536b4b4d66','2020-12-02 12:15:39','2020-12-02 12:15:39','null','','cee8c1c0-5548-4a38-a2d5-a978adba429e','51f597613afd447cafd3013c1a6bd3d6','','','{}'),('f3b2912cb56c4acdb4e23511e6221674','911422a8b89543278f9b92b00b0b9f5f','cells-frontend','d94aba17-3f7d-4cf4-9e0e-ed4c12a4a71c','https://0.0.0.0:8080/oidc/oauth2/auth',0,'openid|profile|offline','61261c3a7bd84016938a453ae1de6813','2020-12-02 12:15:36','2020-12-02 12:15:36','null','','2caf3101-72c9-46ad-b1cc-a1388cc2db55','b3b37511fa61483297a3c6841f9136c5','','','{}'),('fb1726c829394970a1847d89ce79ee02','d7395671e2494a65907d8c343324fc02','cells-frontend','d94aba17-3f7d-4cf4-9e0e-ed4c12a4a71c','https://0.0.0.0:8080/oidc/oauth2/auth',0,'openid|profile|offline','57ae030ae04547f083383c4c9494b990','2020-12-02 12:15:43','2020-12-02 12:15:43','null','','64198dd6-d93a-47a8-af5a-a05b701e9779','79fe7d9832f9422e980e46f0a9b2b961','','','{}');
/*!40000 ALTER TABLE `hydra_oauth2_consent_request` ENABLE KEYS */;
UNLOCK TABLES;

--
-- Table structure for table `hydra_oauth2_consent_request_handled`
--

DROP TABLE IF EXISTS `hydra_oauth2_consent_request_handled`;
/*!40101 SET @saved_cs_client     = @@character_set_client */;
/*!50503 SET character_set_client = utf8mb4 */;
CREATE TABLE `hydra_oauth2_consent_request_handled` (
  `challenge` varchar(40) NOT NULL,
  `granted_scope` text NOT NULL,
  `remember` tinyint(1) NOT NULL,
  `remember_for` int NOT NULL,
  `error` text NOT NULL,
  `requested_at` timestamp NOT NULL DEFAULT CURRENT_TIMESTAMP,
  `session_access_token` text NOT NULL,
  `session_id_token` text NOT NULL,
  `authenticated_at` timestamp NULL DEFAULT NULL,
  `was_used` tinyint(1) NOT NULL,
  `granted_at_audience` text NOT NULL,
  PRIMARY KEY (`challenge`),
  CONSTRAINT `hydra_oauth2_consent_request_handled_challenge_fk` FOREIGN KEY (`challenge`) REFERENCES `hydra_oauth2_consent_request` (`challenge`) ON DELETE CASCADE
) ENGINE=InnoDB DEFAULT CHARSET=utf8mb4 COLLATE=utf8mb4_0900_ai_ci;
/*!40101 SET character_set_client = @saved_cs_client */;

--
-- Dumping data for table `hydra_oauth2_consent_request_handled`
--

LOCK TABLES `hydra_oauth2_consent_request_handled` WRITE;
/*!40000 ALTER TABLE `hydra_oauth2_consent_request_handled` DISABLE KEYS */;
INSERT INTO `hydra_oauth2_consent_request_handled` VALUES ('03fcedb86d82462f8a44954947f0e7c2','openid|profile|offline',0,0,'{}','2020-12-02 13:49:33','{}','{\"authSource\":\"Pydio Cells\",\"email\":\"\",\"name\":\"admin\"}','2020-12-02 13:49:33',1,''),('1bf423011f58499187cf0a728d821a06','openid|profile|offline',0,0,'{}','2020-12-02 12:15:49','{}','{\"authSource\":\"Pydio Cells\",\"email\":\"\",\"name\":\"tests_admin\"}','2020-12-02 12:15:49',1,''),('1c7674b31ed146dcbeccc90c83dfc3e1','openid|profile|offline',0,0,'{}','2020-12-02 12:11:55','{}','{\"authSource\":\"Pydio Cells\",\"email\":\"\",\"name\":\"tests_admin\"}','2020-12-02 12:11:55',1,''),('1d0ec49cace54933949f7ae9153857eb','openid|profile|offline',0,0,'{}','2020-12-02 12:12:19','{}','{\"authSource\":\"Pydio Cells\",\"email\":\"\",\"name\":\"tests_admin\"}','2020-12-02 12:12:19',1,''),('1ddaae726e564ae69cf683924248bd18','openid|profile|offline',0,0,'{}','2020-12-02 12:11:58','{}','{\"authSource\":\"Pydio Cells\",\"email\":\"\",\"name\":\"tests_admin\"}','2020-12-02 12:11:58',1,''),('1e06d92b44764ce0830b9617894a68d2','openid|profile|offline',0,0,'{}','2020-12-02 12:11:57','{}','{\"authSource\":\"Pydio Cells\",\"email\":\"\",\"name\":\"tests_admin\"}','2020-12-02 12:11:57',1,''),('23d0406dee8d46ea86ca479c2c49a9f0','openid|profile|offline',0,0,'{}','2020-12-02 12:12:03','{}','{\"authSource\":\"Pydio Cells\",\"email\":\"\",\"name\":\"tests_admin\"}','2020-12-02 12:12:03',1,''),('2522226282214c1cae4543ab4cef9f21','openid|profile|offline',0,0,'{}','2020-12-02 12:15:35','{}','{\"authSource\":\"Pydio Cells\",\"email\":\"\",\"name\":\"tests_admin\"}','2020-12-02 12:15:35',1,''),('28b4a71044f0422886a7cfa078c199ac','openid|profile|offline',0,0,'{}','2020-12-02 12:14:38','{}','{\"authSource\":\"Pydio Cells\",\"email\":\"\",\"name\":\"tests_admin\"}','2020-12-02 12:14:38',1,''),('2a26c852000c42449e7b6f9609ad2b47','openid|email|profile|pydio|offline',0,0,'{}','2020-12-03 07:42:07','{}','{\"authSource\":\"Pydio Cells\",\"email\":\"\",\"name\":\"admin\"}','2020-12-03 07:42:07',1,''),('332f5df7f8f74670a3d359e68a0e684f','openid|profile|offline',0,0,'{}','2020-12-02 12:15:41','{}','{\"authSource\":\"Pydio Cells\",\"email\":\"\",\"name\":\"tests_admin\"}','2020-12-02 12:15:41',1,''),('366535ed5f7e443d95c78ea0da4916de','openid|profile|offline',0,0,'{}','2020-12-02 12:12:20','{}','{\"authSource\":\"Pydio Cells\",\"email\":\"\",\"name\":\"tests_admin\"}','2020-12-02 12:12:20',1,''),('3b2fb15590754793bdfe6a8f8b4fd501','openid|profile|offline',0,0,'{}','2020-12-02 12:15:40','{}','{\"authSource\":\"Pydio Cells\",\"email\":\"\",\"name\":\"tests_admin\"}','2020-12-02 12:15:40',1,''),('3c394d80d88b421e8a319dd05fdcc108','openid|profile|offline',0,0,'{}','2020-12-02 12:15:40','{}','{\"authSource\":\"Pydio Cells\",\"email\":\"\",\"name\":\"tests_rw_user\"}','2020-12-02 12:15:40',1,''),('3d05bd033e004837a884398dea69098f','openid|profile|offline',0,0,'{}','2020-12-02 12:12:20','{}','{\"authSource\":\"Pydio Cells\",\"email\":\"\",\"name\":\"tests_admin\"}','2020-12-02 12:12:20',1,''),('3ebc10ea99024f7d81d9341f10602a39','openid|profile|offline',0,0,'{}','2020-12-02 12:15:34','{}','{\"authSource\":\"Pydio Cells\",\"email\":\"\",\"name\":\"tests_rw_user\"}','2020-12-02 12:15:34',1,''),('45ec1fca84a5434ab789e0d4184e9f61','openid|profile|offline',0,0,'{}','2020-12-02 12:12:35','{}','{\"authSource\":\"Pydio Cells\",\"email\":\"\",\"name\":\"tests_admin\"}','2020-12-02 12:12:35',1,''),('4f98af927b444759b9691aeb859d9b5a','openid|profile|offline',0,0,'{}','2020-12-02 12:11:14','{}','{\"authSource\":\"Pydio Cells\",\"email\":\"\",\"name\":\"admin\"}','2020-12-02 12:11:14',1,''),('4f9998cf96be4b6ba9d2b6245d43e732','openid|profile|offline',0,0,'{}','2020-12-02 12:15:40','{}','{\"authSource\":\"Pydio Cells\",\"email\":\"\",\"name\":\"tests_admin\"}','2020-12-02 12:15:40',1,''),('53a8f945eb274478b9baa2e394b93bcb','openid|profile|offline',0,0,'{}','2020-12-02 12:15:33','{}','{\"authSource\":\"Pydio Cells\",\"email\":\"\",\"name\":\"tests_admin\"}','2020-12-02 12:15:33',1,''),('565b8970fdac412e80c0b754936ba4b1','openid|profile|offline',0,0,'{}','2020-12-02 12:15:39','{}','{\"authSource\":\"Pydio Cells\",\"email\":\"\",\"name\":\"tests_admin\"}','2020-12-02 12:15:39',1,''),('5f37a2f550ce45fc8087e4fe096e930d','openid|profile|offline',0,0,'{}','2020-12-02 12:11:55','{}','{\"authSource\":\"Pydio Cells\",\"email\":\"\",\"name\":\"tests_admin\"}','2020-12-02 12:11:55',1,''),('610e692c5cb94b41b68103d87c519a47','openid|profile|offline',0,0,'{}','2020-12-02 12:12:18','{}','{\"authSource\":\"Pydio Cells\",\"email\":\"\",\"name\":\"tests_admin\"}','2020-12-02 12:12:18',1,''),('6229401d3194495c88b2f7ecc6af40e4','openid|profile|offline',0,0,'{}','2020-12-02 12:15:40','{}','{\"authSource\":\"Pydio Cells\",\"email\":\"\",\"name\":\"tests_admin\"}','2020-12-02 12:15:40',1,''),('642c4eda83454555a15a67347dce1834','openid|profile|offline',0,0,'{}','2020-12-02 12:12:03','{}','{\"authSource\":\"Pydio Cells\",\"email\":\"\",\"name\":\"tests_admin\"}','2020-12-02 12:12:03',1,''),('6985ab355381477495fed15283122bce','openid|profile|offline',0,0,'{}','2020-12-02 12:12:18','{}','{\"authSource\":\"Pydio Cells\",\"email\":\"\",\"name\":\"tests_admin\"}','2020-12-02 12:12:18',1,''),('69ecb9d6cb1a447ab04255f7462a116d','openid|profile|offline',0,0,'{}','2020-12-02 12:12:19','{}','{\"authSource\":\"Pydio Cells\",\"email\":\"\",\"name\":\"tests_admin\"}','2020-12-02 12:12:19',1,''),('6bfbff482f2b419c80045bcadb9ec9d6','openid|profile|offline',0,0,'{}','2020-12-02 12:15:52','{}','{\"authSource\":\"Pydio Cells\",\"email\":\"\",\"name\":\"tests_admin\"}','2020-12-02 12:15:52',1,''),('6d98995c95a340e5a663498789980c98','openid|profile|offline',0,0,'{}','2020-12-02 12:12:19','{}','{\"authSource\":\"Pydio Cells\",\"email\":\"\",\"name\":\"tests_admin\"}','2020-12-02 12:12:19',1,''),('6dd3a41c412f41eb8d26165f8271b795','openid|profile|offline',0,0,'{}','2020-12-02 12:12:19','{}','{\"authSource\":\"Pydio Cells\",\"email\":\"\",\"name\":\"tests_admin\"}','2020-12-02 12:12:19',1,''),('6e5c2634687f45f1aa267afbe9b8c7d6','openid|profile|offline',0,0,'{}','2020-12-02 12:15:46','{}','{\"authSource\":\"Pydio Cells\",\"email\":\"\",\"name\":\"tests_admin\"}','2020-12-02 12:15:46',1,''),('711162c809a94a09ab3aba751e7bcb1b','openid|profile|offline',0,0,'{}','2020-12-02 12:15:41','{}','{\"authSource\":\"Pydio Cells\",\"email\":\"\",\"name\":\"tests_admin\"}','2020-12-02 12:15:41',1,''),('722942af2d7a40dea77b84a7dc8ecf0b','openid|profile|offline',0,0,'{}','2020-12-02 12:12:17','{}','{\"authSource\":\"Pydio Cells\",\"email\":\"\",\"name\":\"tests_admin\"}','2020-12-02 12:12:17',1,''),('733d7f2272154a79a79aeed60d783bfd','openid|profile|offline',0,0,'{}','2020-12-02 12:15:39','{}','{\"authSource\":\"Pydio Cells\",\"email\":\"\",\"name\":\"tests_admin\"}','2020-12-02 12:15:39',1,''),('743705ab0b114a3bbff459c1c0362efc','openid|profile|offline',0,0,'{}','2020-12-02 12:15:40','{}','{\"authSource\":\"Pydio Cells\",\"email\":\"\",\"name\":\"tests_rw_user\"}','2020-12-02 12:15:40',1,''),('7802c409540c40f897c32c3642676a51','openid|profile|offline',0,0,'{}','2020-12-02 12:11:14','{}','{\"authSource\":\"Pydio Cells\",\"email\":\"\",\"name\":\"admin\"}','2020-12-02 12:11:14',1,''),('808ce876d2844a7e8878f3c516e68bd3','openid|profile|offline',0,0,'{}','2020-12-02 12:11:58','{}','{\"authSource\":\"Pydio Cells\",\"email\":\"\",\"name\":\"tests_admin\"}','2020-12-02 12:11:58',1,''),('83905a6ab3e44dd4a602912054b3918e','openid|profile|offline',0,0,'{}','2020-12-02 12:15:42','{}','{\"authSource\":\"Pydio Cells\",\"email\":\"\",\"name\":\"tests_rw_user\"}','2020-12-02 12:15:42',1,''),('867a0e71bb21440db2b2ff701f27a987','openid|profile|offline',0,0,'{}','2020-12-02 12:12:18','{}','{\"authSource\":\"Pydio Cells\",\"email\":\"\",\"name\":\"tests_admin\"}','2020-12-02 12:12:18',1,''),('89ae66e4015a4ea08d3e484f8342e92d','openid|profile|offline',0,0,'{}','2020-12-02 12:11:56','{}','{\"authSource\":\"Pydio Cells\",\"email\":\"\",\"name\":\"tests_admin\"}','2020-12-02 12:11:56',1,''),('8da530dfdfbd480b86e99a46122a6ed7','openid|profile|offline',0,0,'{}','2020-12-04 07:30:21','{}','{\"authSource\":\"Pydio Cells\",\"email\":\"\",\"name\":\"admin\"}','2020-12-04 07:30:21',1,''),('8e8ca3c16edf4575ad08da89ad6eeb98','openid|profile|offline',0,0,'{}','2020-12-02 12:15:41','{}','{\"authSource\":\"Pydio Cells\",\"email\":\"\",\"name\":\"tests_rw_user\"}','2020-12-02 12:15:41',1,''),('918a0c4570dd428994172bd130c06e1b','openid|profile|offline',0,0,'{}','2020-12-02 12:15:34','{}','{\"authSource\":\"Pydio Cells\",\"email\":\"\",\"name\":\"tests_admin\"}','2020-12-02 12:15:34',1,''),('9798ccec275d4c258a1919783e75ce7b','openid|profile|offline',0,0,'{}','2020-12-02 12:15:55','{}','{\"authSource\":\"Pydio Cells\",\"email\":\"\",\"name\":\"tests_admin\"}','2020-12-02 12:15:55',1,''),('99624f227bc84b97b1d99fca36d93bb4','openid|profile|offline',0,0,'{}','2020-12-02 12:15:34','{}','{\"authSource\":\"Pydio Cells\",\"email\":\"\",\"name\":\"tests_rw_user\"}','2020-12-02 12:15:34',1,''),('9c0c55739b23474191c8f369e10ddea7','openid|profile|offline',0,0,'{}','2020-12-02 12:11:56','{}','{\"authSource\":\"Pydio Cells\",\"email\":\"\",\"name\":\"tests_admin\"}','2020-12-02 12:11:56',1,''),('9c1cc853f1324f4091443f843f10627a','openid|profile|offline',0,0,'{}','2020-12-02 12:15:35','{}','{\"authSource\":\"Pydio Cells\",\"email\":\"\",\"name\":\"tests_admin\"}','2020-12-02 12:15:35',1,''),('a2e60819bad7482ba5bae9b7801d5d13','openid|profile|offline',0,0,'{}','2020-12-02 12:15:41','{}','{\"authSource\":\"Pydio Cells\",\"email\":\"\",\"name\":\"tests_admin\"}','2020-12-02 12:15:41',1,''),('ab2fa735e9f34f25ac8884734a1ebab7','openid|profile|offline',0,0,'{}','2020-12-02 12:15:41','{}','{\"authSource\":\"Pydio Cells\",\"email\":\"\",\"name\":\"tests_rw_user\"}','2020-12-02 12:15:41',1,''),('adbd89367d5749438a32e156a1cbda66','openid|profile|offline',0,0,'{}','2020-12-02 12:14:39','{}','{\"authSource\":\"Pydio Cells\",\"email\":\"\",\"name\":\"tests_admin\"}','2020-12-02 12:14:39',1,''),('ae14f2eae88e47f6be0e0ad8b9e6969d','openid|profile|offline',0,0,'{}','2020-12-02 12:15:35','{}','{\"authSource\":\"Pydio Cells\",\"email\":\"\",\"name\":\"tests_admin\"}','2020-12-02 12:15:35',1,''),('b2f248fd8d244f24a21120e5467f37fa','openid|profile|offline',0,0,'{}','2020-12-02 12:11:55','{}','{\"authSource\":\"Pydio Cells\",\"email\":\"\",\"name\":\"tests_admin\"}','2020-12-02 12:11:55',1,''),('bab62e4531dc46d8b2aa30b33e8fd784','openid|profile|offline',0,0,'{}','2020-12-02 12:15:41','{}','{\"authSource\":\"Pydio Cells\",\"email\":\"\",\"name\":\"tests_rw_user\"}','2020-12-02 12:15:41',1,''),('bd315cb1c89d4c42bb6510153460b29b','openid|profile|offline',0,0,'{}','2020-12-02 12:15:49','{}','{\"authSource\":\"Pydio Cells\",\"email\":\"\",\"name\":\"tests_admin\"}','2020-12-02 12:15:49',1,''),('c23155903fa747ad8cfdd39b8079f52f','openid|profile|offline',0,0,'{}','2020-12-02 12:12:35','{}','{\"authSource\":\"Pydio Cells\",\"email\":\"\",\"name\":\"tests_admin\"}','2020-12-02 12:12:35',1,''),('c5d7c286ed4b48c6bdf4b492e184a7d9','openid|profile|offline',0,0,'{}','2020-12-02 12:15:48','{}','{\"authSource\":\"Pydio Cells\",\"email\":\"\",\"name\":\"tests_admin\"}','2020-12-02 12:15:48',1,''),('c621b9ff970249a981d188364ef6aef6','openid|profile|offline',0,0,'{}','2020-12-02 12:11:55','{}','{\"authSource\":\"Pydio Cells\",\"email\":\"\",\"name\":\"tests_admin\"}','2020-12-02 12:11:55',1,''),('da795f8ca20940f0a19d37c671e3ec28','openid|profile|offline',0,0,'{}','2020-12-02 12:15:39','{}','{\"authSource\":\"Pydio Cells\",\"email\":\"\",\"name\":\"tests_admin\"}','2020-12-02 12:15:39',1,''),('db3df18938974a41a6bfca4274bdbeb3','openid|profile|offline',0,0,'{}','2020-12-02 12:15:41','{}','{\"authSource\":\"Pydio Cells\",\"email\":\"\",\"name\":\"tests_admin\"}','2020-12-02 12:15:41',1,''),('de125c640f5a4d579ae18b14f58bbf65','openid|profile|offline',0,0,'{}','2020-12-02 12:11:58','{}','{\"authSource\":\"Pydio Cells\",\"email\":\"\",\"name\":\"tests_admin\"}','2020-12-02 12:11:58',1,''),('df1d1e6970ff4868968a12cfc49228c4','openid|profile|offline',0,0,'{}','2020-12-02 12:15:40','{}','{\"authSource\":\"Pydio Cells\",\"email\":\"\",\"name\":\"tests_admin\"}','2020-12-02 12:15:40',1,''),('ed0b11ce9bb1427283925772ea39a916','openid|profile|offline',0,0,'{}','2020-12-02 12:15:39','{}','{\"authSource\":\"Pydio Cells\",\"email\":\"\",\"name\":\"tests_admin\"}','2020-12-02 12:15:39',1,''),('f3b2912cb56c4acdb4e23511e6221674','openid|profile|offline',0,0,'{}','2020-12-02 12:15:36','{}','{\"authSource\":\"Pydio Cells\",\"email\":\"\",\"name\":\"tests_admin\"}','2020-12-02 12:15:36',1,''),('fb1726c829394970a1847d89ce79ee02','openid|profile|offline',0,0,'{}','2020-12-02 12:15:43','{}','{\"authSource\":\"Pydio Cells\",\"email\":\"\",\"name\":\"tests_admin\"}','2020-12-02 12:15:43',1,'');
/*!40000 ALTER TABLE `hydra_oauth2_consent_request_handled` ENABLE KEYS */;
UNLOCK TABLES;

--
-- Table structure for table `hydra_oauth2_logout_request`
--

DROP TABLE IF EXISTS `hydra_oauth2_logout_request`;
/*!40101 SET @saved_cs_client     = @@character_set_client */;
/*!50503 SET character_set_client = utf8mb4 */;
CREATE TABLE `hydra_oauth2_logout_request` (
  `challenge` varchar(36) NOT NULL,
  `verifier` varchar(36) NOT NULL,
  `subject` varchar(255) NOT NULL,
  `sid` varchar(36) NOT NULL,
  `client_id` varchar(255) DEFAULT NULL,
  `request_url` text NOT NULL,
  `redir_url` text NOT NULL,
  `was_used` tinyint(1) NOT NULL DEFAULT '0',
  `accepted` tinyint(1) NOT NULL DEFAULT '0',
  `rejected` tinyint(1) NOT NULL DEFAULT '0',
  `rp_initiated` tinyint(1) NOT NULL DEFAULT '0',
  PRIMARY KEY (`challenge`),
  UNIQUE KEY `hydra_oauth2_logout_request_veri_idx` (`verifier`),
  KEY `hydra_oauth2_logout_request_client_id_fk` (`client_id`),
  CONSTRAINT `hydra_oauth2_logout_request_client_id_fk` FOREIGN KEY (`client_id`) REFERENCES `hydra_client` (`id`) ON DELETE CASCADE
) ENGINE=InnoDB DEFAULT CHARSET=utf8mb4 COLLATE=utf8mb4_0900_ai_ci;
/*!40101 SET character_set_client = @saved_cs_client */;

--
-- Dumping data for table `hydra_oauth2_logout_request`
--

LOCK TABLES `hydra_oauth2_logout_request` WRITE;
/*!40000 ALTER TABLE `hydra_oauth2_logout_request` DISABLE KEYS */;
/*!40000 ALTER TABLE `hydra_oauth2_logout_request` ENABLE KEYS */;
UNLOCK TABLES;

--
-- Table structure for table `hydra_oauth2_migration`
--

DROP TABLE IF EXISTS `hydra_oauth2_migration`;
/*!40101 SET @saved_cs_client     = @@character_set_client */;
/*!50503 SET character_set_client = utf8mb4 */;
CREATE TABLE `hydra_oauth2_migration` (
  `id` varchar(255) NOT NULL,
  `applied_at` datetime DEFAULT NULL,
  PRIMARY KEY (`id`)
) ENGINE=InnoDB DEFAULT CHARSET=utf8;
/*!40101 SET character_set_client = @saved_cs_client */;

--
-- Dumping data for table `hydra_oauth2_migration`
--

LOCK TABLES `hydra_oauth2_migration` WRITE;
/*!40000 ALTER TABLE `hydra_oauth2_migration` DISABLE KEYS */;
INSERT INTO `hydra_oauth2_migration` VALUES ('1','2020-12-02 13:10:45'),('2','2020-12-02 13:10:45'),('3','2020-12-02 13:10:45'),('4','2020-12-02 13:10:45'),('5','2020-12-02 13:10:46'),('6','2020-12-02 13:10:46'),('7','2020-12-02 13:10:46'),('8','2020-12-02 13:10:46'),('9','2020-12-02 13:10:47');
/*!40000 ALTER TABLE `hydra_oauth2_migration` ENABLE KEYS */;
UNLOCK TABLES;

--
-- Table structure for table `hydra_oauth2_obfuscated_authentication_session`
--

DROP TABLE IF EXISTS `hydra_oauth2_obfuscated_authentication_session`;
/*!40101 SET @saved_cs_client     = @@character_set_client */;
/*!50503 SET character_set_client = utf8mb4 */;
CREATE TABLE `hydra_oauth2_obfuscated_authentication_session` (
  `subject` varchar(255) NOT NULL,
  `client_id` varchar(255) NOT NULL,
  `subject_obfuscated` varchar(255) NOT NULL,
  PRIMARY KEY (`subject`,`client_id`),
  UNIQUE KEY `hydra_oauth2_obfuscated_authentication_session_so_idx` (`client_id`,`subject_obfuscated`),
  CONSTRAINT `hydra_oauth2_obfuscated_authentication_session_client_id_fk` FOREIGN KEY (`client_id`) REFERENCES `hydra_client` (`id`) ON DELETE CASCADE
) ENGINE=InnoDB DEFAULT CHARSET=utf8mb4 COLLATE=utf8mb4_0900_ai_ci;
/*!40101 SET character_set_client = @saved_cs_client */;

--
-- Dumping data for table `hydra_oauth2_obfuscated_authentication_session`
--

LOCK TABLES `hydra_oauth2_obfuscated_authentication_session` WRITE;
/*!40000 ALTER TABLE `hydra_oauth2_obfuscated_authentication_session` DISABLE KEYS */;
/*!40000 ALTER TABLE `hydra_oauth2_obfuscated_authentication_session` ENABLE KEYS */;
UNLOCK TABLES;

--
-- Table structure for table `hydra_oauth2_oidc`
--

DROP TABLE IF EXISTS `hydra_oauth2_oidc`;
/*!40101 SET @saved_cs_client     = @@character_set_client */;
/*!50503 SET character_set_client = utf8mb4 */;
CREATE TABLE `hydra_oauth2_oidc` (
  `signature` varchar(255) NOT NULL,
  `request_id` varchar(40) NOT NULL DEFAULT '',
  `requested_at` timestamp NOT NULL DEFAULT CURRENT_TIMESTAMP,
  `client_id` varchar(255) NOT NULL DEFAULT '',
  `scope` text NOT NULL,
  `granted_scope` text NOT NULL,
  `form_data` text NOT NULL,
  `session_data` text NOT NULL,
  `subject` varchar(255) NOT NULL DEFAULT '',
  `active` tinyint(1) NOT NULL DEFAULT '1',
  `requested_audience` text NOT NULL,
  `granted_audience` text NOT NULL,
  `challenge_id` varchar(40) DEFAULT NULL,
  PRIMARY KEY (`signature`),
  KEY `hydra_oauth2_oidc_client_id_idx` (`client_id`),
  KEY `hydra_oauth2_oidc_challenge_id_fk` (`challenge_id`),
  CONSTRAINT `hydra_oauth2_oidc_challenge_id_fk` FOREIGN KEY (`challenge_id`) REFERENCES `hydra_oauth2_consent_request_handled` (`challenge`) ON DELETE CASCADE,
  CONSTRAINT `hydra_oauth2_oidc_client_id_fk` FOREIGN KEY (`client_id`) REFERENCES `hydra_client` (`id`) ON DELETE CASCADE
) ENGINE=InnoDB DEFAULT CHARSET=utf8mb4 COLLATE=utf8mb4_0900_ai_ci;
/*!40101 SET character_set_client = @saved_cs_client */;

--
-- Dumping data for table `hydra_oauth2_oidc`
--

LOCK TABLES `hydra_oauth2_oidc` WRITE;
/*!40000 ALTER TABLE `hydra_oauth2_oidc` DISABLE KEYS */;
INSERT INTO `hydra_oauth2_oidc` VALUES ('-aPh_0pplzEc2IF8mQLsLogwg66xyIJGyR38unfEw14.aSepYupXmHGbxRVnPahJGNa_1nY7MaWirFuxMQSgvXA','bd315cb1c89d4c42bb6510153460b29b','2020-12-02 12:15:49','cells-frontend','','openid|profile|offline','','{\"idToken\":{\"Claims\":{\"JTI\":\"\",\"Issuer\":\"https://0.0.0.0:8080/oidc/\",\"Subject\":\"d94aba17-3f7d-4cf4-9e0e-ed4c12a4a71c\",\"Audience\":null,\"Nonce\":\"\",\"ExpiresAt\":\"0001-01-01T00:00:00Z\",\"IssuedAt\":\"2020-12-02T13:15:49.265973Z\",\"RequestedAt\":\"2020-12-02T13:15:49.265973Z\",\"AuthTime\":\"2020-12-02T13:15:49.265973Z\",\"AccessTokenHash\":\"\",\"AuthenticationContextClassReference\":\"\",\"CodeHash\":\"\",\"Extra\":{\"authSource\":\"Pydio Cells\",\"email\":\"\",\"name\":\"tests_admin\",\"sid\":\"f6ca8b91-29ce-4650-a890-5085e40de949\"}},\"Headers\":{\"Extra\":{\"kid\":\"public:d66213b1-17c1-4f9e-835c-a7c63ad628b1\"}},\"ExpiresAt\":{\"authorize_code\":\"2020-12-02T13:25:49.266111Z\"},\"Username\":\"\",\"Subject\":\"d94aba17-3f7d-4cf4-9e0e-ed4c12a4a71c\"},\"extra\":{},\"KID\":\"\",\"ClientID\":\"cells-frontend\",\"ConsentChallenge\":\"bd315cb1c89d4c42bb6510153460b29b\"}','d94aba17-3f7d-4cf4-9e0e-ed4c12a4a71c',1,'','','bd315cb1c89d4c42bb6510153460b29b'),('-eix4ZJ5FOU4O3jPye8zSPv6nUv8MhyRIm-trElIYRg.FanDjZaLQjzK4wyjVV0h_YCaKJKCuDRl0EcsfEPOj5A','8da530dfdfbd480b86e99a46122a6ed7','2020-12-04 07:30:21','cells-frontend','','openid|profile|offline','','{\"idToken\":{\"Claims\":{\"JTI\":\"\",\"Issuer\":\"https://0.0.0.0:8080/oidc/\",\"Subject\":\"6645056e-6b73-4a69-9cbf-83f6bfaee074\",\"Audience\":null,\"Nonce\":\"\",\"ExpiresAt\":\"0001-01-01T00:00:00Z\",\"IssuedAt\":\"2020-12-04T08:30:21.266285Z\",\"RequestedAt\":\"2020-12-04T08:30:21.266286Z\",\"AuthTime\":\"2020-12-04T08:30:21.266285Z\",\"AccessTokenHash\":\"\",\"AuthenticationContextClassReference\":\"\",\"CodeHash\":\"\",\"Extra\":{\"authSource\":\"Pydio Cells\",\"email\":\"\",\"name\":\"admin\",\"sid\":\"24d3f3de-aac0-4771-a053-2b6773c5c89f\"}},\"Headers\":{\"Extra\":{\"kid\":\"public:d66213b1-17c1-4f9e-835c-a7c63ad628b1\"}},\"ExpiresAt\":{\"authorize_code\":\"2020-12-04T08:40:21.267824Z\"},\"Username\":\"\",\"Subject\":\"6645056e-6b73-4a69-9cbf-83f6bfaee074\"},\"extra\":{},\"KID\":\"\",\"ClientID\":\"cells-frontend\",\"ConsentChallenge\":\"8da530dfdfbd480b86e99a46122a6ed7\"}','6645056e-6b73-4a69-9cbf-83f6bfaee074',1,'','','8da530dfdfbd480b86e99a46122a6ed7'),('-qXoVsjejFqjkWaZ06-GU_r35V5bYeP3iug8vc-zog4._w8i0nZ8-ZwtvneVQrYiyHvD36MFK1aFc0OaepLzQfY','99624f227bc84b97b1d99fca36d93bb4','2020-12-02 12:15:34','cells-frontend','','openid|profile|offline','','{\"idToken\":{\"Claims\":{\"JTI\":\"\",\"Issuer\":\"https://0.0.0.0:8080/oidc/\",\"Subject\":\"b4a5fa2b-c555-4c75-b20f-120de9e8bfa6\",\"Audience\":null,\"Nonce\":\"\",\"ExpiresAt\":\"0001-01-01T00:00:00Z\",\"IssuedAt\":\"2020-12-02T13:15:33.802587Z\",\"RequestedAt\":\"2020-12-02T13:15:33.802588Z\",\"AuthTime\":\"2020-12-02T13:15:33.802588Z\",\"AccessTokenHash\":\"\",\"AuthenticationContextClassReference\":\"\",\"CodeHash\":\"\",\"Extra\":{\"authSource\":\"Pydio Cells\",\"email\":\"\",\"name\":\"tests_rw_user\",\"sid\":\"2e43be0d-67b1-4563-b84c-8df49310d6c3\"}},\"Headers\":{\"Extra\":{\"kid\":\"public:d66213b1-17c1-4f9e-835c-a7c63ad628b1\"}},\"ExpiresAt\":{\"authorize_code\":\"2020-12-02T13:25:33.802676Z\"},\"Username\":\"\",\"Subject\":\"b4a5fa2b-c555-4c75-b20f-120de9e8bfa6\"},\"extra\":{},\"KID\":\"\",\"ClientID\":\"cells-frontend\",\"ConsentChallenge\":\"99624f227bc84b97b1d99fca36d93bb4\"}','b4a5fa2b-c555-4c75-b20f-120de9e8bfa6',1,'','','99624f227bc84b97b1d99fca36d93bb4'),('2oZADO-XUzZsXpIvO7g7gpowh6ta3PmOxQZWEDfy46o.U9m92Gns9vMfSB3O9VFF0TH3jN26EBOY92jbhJFkGaw','03fcedb86d82462f8a44954947f0e7c2','2020-12-02 13:49:33','cells-frontend','','openid|profile|offline','','{\"idToken\":{\"Claims\":{\"JTI\":\"\",\"Issuer\":\"https://0.0.0.0:8080/oidc/\",\"Subject\":\"6645056e-6b73-4a69-9cbf-83f6bfaee074\",\"Audience\":null,\"Nonce\":\"\",\"ExpiresAt\":\"0001-01-01T00:00:00Z\",\"IssuedAt\":\"2020-12-02T14:49:32.688607Z\",\"RequestedAt\":\"2020-12-02T14:49:32.688608Z\",\"AuthTime\":\"2020-12-02T14:49:32.688608Z\",\"AccessTokenHash\":\"\",\"AuthenticationContextClassReference\":\"\",\"CodeHash\":\"\",\"Extra\":{\"authSource\":\"Pydio Cells\",\"email\":\"\",\"name\":\"admin\",\"sid\":\"ecf45057-c613-4a62-a1ff-903970f981ff\"}},\"Headers\":{\"Extra\":{\"kid\":\"public:d66213b1-17c1-4f9e-835c-a7c63ad628b1\"}},\"ExpiresAt\":{\"authorize_code\":\"2020-12-02T14:59:32.688727Z\"},\"Username\":\"\",\"Subject\":\"6645056e-6b73-4a69-9cbf-83f6bfaee074\"},\"extra\":{},\"KID\":\"\",\"ClientID\":\"cells-frontend\",\"ConsentChallenge\":\"03fcedb86d82462f8a44954947f0e7c2\"}','6645056e-6b73-4a69-9cbf-83f6bfaee074',1,'','','03fcedb86d82462f8a44954947f0e7c2'),('3SBgpJoVMa033kYBQqjMuqhc92gIW4SzzN3Swwc4EFs.PRbmhOWA8cxLmpAdO_CIKtMXjJe7rgFl00bhDyF8xFA','c5d7c286ed4b48c6bdf4b492e184a7d9','2020-12-02 12:15:48','cells-frontend','','openid|profile|offline','','{\"idToken\":{\"Claims\":{\"JTI\":\"\",\"Issuer\":\"https://0.0.0.0:8080/oidc/\",\"Subject\":\"d94aba17-3f7d-4cf4-9e0e-ed4c12a4a71c\",\"Audience\":null,\"Nonce\":\"\",\"ExpiresAt\":\"0001-01-01T00:00:00Z\",\"IssuedAt\":\"2020-12-02T13:15:48.325057Z\",\"RequestedAt\":\"2020-12-02T13:15:48.325058Z\",\"AuthTime\":\"2020-12-02T13:15:48.325058Z\",\"AccessTokenHash\":\"\",\"AuthenticationContextClassReference\":\"\",\"CodeHash\":\"\",\"Extra\":{\"authSource\":\"Pydio Cells\",\"email\":\"\",\"name\":\"tests_admin\",\"sid\":\"021d0260-9623-4abc-959c-f387f043bdac\"}},\"Headers\":{\"Extra\":{\"kid\":\"public:d66213b1-17c1-4f9e-835c-a7c63ad628b1\"}},\"ExpiresAt\":{\"authorize_code\":\"2020-12-02T13:25:48.325187Z\"},\"Username\":\"\",\"Subject\":\"d94aba17-3f7d-4cf4-9e0e-ed4c12a4a71c\"},\"extra\":{},\"KID\":\"\",\"ClientID\":\"cells-frontend\",\"ConsentChallenge\":\"c5d7c286ed4b48c6bdf4b492e184a7d9\"}','d94aba17-3f7d-4cf4-9e0e-ed4c12a4a71c',1,'','','c5d7c286ed4b48c6bdf4b492e184a7d9'),('48tT24M4ijk7pBYnMTU63zD--4dDDGe2KfnUaU8iJr4.GXRvVWxioA3eHcw4Q8q9zoy2i5GqzzY9DA80OWwHmXs','9798ccec275d4c258a1919783e75ce7b','2020-12-02 12:15:55','cells-frontend','','openid|profile|offline','','{\"idToken\":{\"Claims\":{\"JTI\":\"\",\"Issuer\":\"https://0.0.0.0:8080/oidc/\",\"Subject\":\"d94aba17-3f7d-4cf4-9e0e-ed4c12a4a71c\",\"Audience\":null,\"Nonce\":\"\",\"ExpiresAt\":\"0001-01-01T00:00:00Z\",\"IssuedAt\":\"2020-12-02T13:15:55.026822Z\",\"RequestedAt\":\"2020-12-02T13:15:55.026823Z\",\"AuthTime\":\"2020-12-02T13:15:55.026823Z\",\"AccessTokenHash\":\"\",\"AuthenticationContextClassReference\":\"\",\"CodeHash\":\"\",\"Extra\":{\"authSource\":\"Pydio Cells\",\"email\":\"\",\"name\":\"tests_admin\",\"sid\":\"8c0b2417-4543-442d-98c4-888992a9d397\"}},\"Headers\":{\"Extra\":{\"kid\":\"public:d66213b1-17c1-4f9e-835c-a7c63ad628b1\"}},\"ExpiresAt\":{\"authorize_code\":\"2020-12-02T13:25:55.026909Z\"},\"Username\":\"\",\"Subject\":\"d94aba17-3f7d-4cf4-9e0e-ed4c12a4a71c\"},\"extra\":{},\"KID\":\"\",\"ClientID\":\"cells-frontend\",\"ConsentChallenge\":\"9798ccec275d4c258a1919783e75ce7b\"}','d94aba17-3f7d-4cf4-9e0e-ed4c12a4a71c',1,'','','9798ccec275d4c258a1919783e75ce7b'),('4X-V2TRN3sLFWdLRmEBfK6OU0EJTfZ_Y1PmNYgQNlAQ.uA_nBRJYYVYSqD7buNrlLnQ-KSh-P6BDpcCcioN3PyU','b2f248fd8d244f24a21120e5467f37fa','2020-12-02 12:11:55','cells-frontend','','openid|profile|offline','','{\"idToken\":{\"Claims\":{\"JTI\":\"\",\"Issuer\":\"https://0.0.0.0:8080/oidc/\",\"Subject\":\"d94aba17-3f7d-4cf4-9e0e-ed4c12a4a71c\",\"Audience\":null,\"Nonce\":\"\",\"ExpiresAt\":\"0001-01-01T00:00:00Z\",\"IssuedAt\":\"2020-12-02T13:11:55.210788Z\",\"RequestedAt\":\"2020-12-02T13:11:55.210789Z\",\"AuthTime\":\"2020-12-02T13:11:55.210788Z\",\"AccessTokenHash\":\"\",\"AuthenticationContextClassReference\":\"\",\"CodeHash\":\"\",\"Extra\":{\"authSource\":\"Pydio Cells\",\"email\":\"\",\"name\":\"tests_admin\",\"sid\":\"2c84e20f-b135-4cab-8dfe-6ab2930326c2\"}},\"Headers\":{\"Extra\":{\"kid\":\"public:d66213b1-17c1-4f9e-835c-a7c63ad628b1\"}},\"ExpiresAt\":{\"authorize_code\":\"2020-12-02T13:21:55.210921Z\"},\"Username\":\"\",\"Subject\":\"d94aba17-3f7d-4cf4-9e0e-ed4c12a4a71c\"},\"extra\":{},\"KID\":\"\",\"ClientID\":\"cells-frontend\",\"ConsentChallenge\":\"b2f248fd8d244f24a21120e5467f37fa\"}','d94aba17-3f7d-4cf4-9e0e-ed4c12a4a71c',1,'','','b2f248fd8d244f24a21120e5467f37fa'),('5x4rAVs5A0sz13L3WE1TIdD75YIOcUZ-hRTPwL43pxA.nwGyXzIBtWs_0n8poe8QU5t3FGxD9UwVYQEa_kGEz84','fb1726c829394970a1847d89ce79ee02','2020-12-02 12:15:43','cells-frontend','','openid|profile|offline','','{\"idToken\":{\"Claims\":{\"JTI\":\"\",\"Issuer\":\"https://0.0.0.0:8080/oidc/\",\"Subject\":\"d94aba17-3f7d-4cf4-9e0e-ed4c12a4a71c\",\"Audience\":null,\"Nonce\":\"\",\"ExpiresAt\":\"0001-01-01T00:00:00Z\",\"IssuedAt\":\"2020-12-02T13:15:43.463109Z\",\"RequestedAt\":\"2020-12-02T13:15:43.46311Z\",\"AuthTime\":\"2020-12-02T13:15:43.46311Z\",\"AccessTokenHash\":\"\",\"AuthenticationContextClassReference\":\"\",\"CodeHash\":\"\",\"Extra\":{\"authSource\":\"Pydio Cells\",\"email\":\"\",\"name\":\"tests_admin\",\"sid\":\"64198dd6-d93a-47a8-af5a-a05b701e9779\"}},\"Headers\":{\"Extra\":{\"kid\":\"public:d66213b1-17c1-4f9e-835c-a7c63ad628b1\"}},\"ExpiresAt\":{\"authorize_code\":\"2020-12-02T13:25:43.463193Z\"},\"Username\":\"\",\"Subject\":\"d94aba17-3f7d-4cf4-9e0e-ed4c12a4a71c\"},\"extra\":{},\"KID\":\"\",\"ClientID\":\"cells-frontend\",\"ConsentChallenge\":\"fb1726c829394970a1847d89ce79ee02\"}','d94aba17-3f7d-4cf4-9e0e-ed4c12a4a71c',1,'','','fb1726c829394970a1847d89ce79ee02'),('5XxaX32npuSRHOofZd4NK8cImd8Zm_De3CWB70lZY94.yJWAwPln-wK6J5YSAn2_xV_zrExJt_UM2SMaZkYEkiY','808ce876d2844a7e8878f3c516e68bd3','2020-12-02 12:11:58','cells-frontend','','openid|profile|offline','','{\"idToken\":{\"Claims\":{\"JTI\":\"\",\"Issuer\":\"https://0.0.0.0:8080/oidc/\",\"Subject\":\"d94aba17-3f7d-4cf4-9e0e-ed4c12a4a71c\",\"Audience\":null,\"Nonce\":\"\",\"ExpiresAt\":\"0001-01-01T00:00:00Z\",\"IssuedAt\":\"2020-12-02T13:11:58.026217Z\",\"RequestedAt\":\"2020-12-02T13:11:58.026217Z\",\"AuthTime\":\"2020-12-02T13:11:58.026217Z\",\"AccessTokenHash\":\"\",\"AuthenticationContextClassReference\":\"\",\"CodeHash\":\"\",\"Extra\":{\"authSource\":\"Pydio Cells\",\"email\":\"\",\"name\":\"tests_admin\",\"sid\":\"ec0cf1c5-1e49-4dc8-82b2-43b4438f6e3a\"}},\"Headers\":{\"Extra\":{\"kid\":\"public:d66213b1-17c1-4f9e-835c-a7c63ad628b1\"}},\"ExpiresAt\":{\"authorize_code\":\"2020-12-02T13:21:58.026316Z\"},\"Username\":\"\",\"Subject\":\"d94aba17-3f7d-4cf4-9e0e-ed4c12a4a71c\"},\"extra\":{},\"KID\":\"\",\"ClientID\":\"cells-frontend\",\"ConsentChallenge\":\"808ce876d2844a7e8878f3c516e68bd3\"}','d94aba17-3f7d-4cf4-9e0e-ed4c12a4a71c',1,'','','808ce876d2844a7e8878f3c516e68bd3'),('7L9pYdn16kmaCcnz7AhrHrMRFCFAnF6xavuDpqMBQcU.ODapZjHkC1_SoHcU6YPHdiGtvPIRE7dhp-5q1qKk3q8','2a26c852000c42449e7b6f9609ad2b47','2020-12-03 07:42:07','cells-client','','openid|email|profile|pydio|offline','','{\"idToken\":{\"Claims\":{\"JTI\":\"\",\"Issuer\":\"https://0.0.0.0:8080/oidc/\",\"Subject\":\"6645056e-6b73-4a69-9cbf-83f6bfaee074\",\"Audience\":null,\"Nonce\":\"\",\"ExpiresAt\":\"0001-01-01T00:00:00Z\",\"IssuedAt\":\"2020-12-03T08:42:06.903943Z\",\"RequestedAt\":\"2020-12-03T08:42:06.903944Z\",\"AuthTime\":\"2020-12-03T08:42:06.903944Z\",\"AccessTokenHash\":\"\",\"AuthenticationContextClassReference\":\"\",\"CodeHash\":\"\",\"Extra\":{\"authSource\":\"Pydio Cells\",\"email\":\"\",\"name\":\"admin\",\"sid\":\"b49ae713-2dc2-4d55-aae8-c0ad82ce85b1\"}},\"Headers\":{\"Extra\":{\"kid\":\"public:d66213b1-17c1-4f9e-835c-a7c63ad628b1\"}},\"ExpiresAt\":{\"authorize_code\":\"2020-12-03T08:52:06.904055Z\"},\"Username\":\"\",\"Subject\":\"6645056e-6b73-4a69-9cbf-83f6bfaee074\"},\"extra\":{},\"KID\":\"\",\"ClientID\":\"cells-client\",\"ConsentChallenge\":\"2a26c852000c42449e7b6f9609ad2b47\"}','6645056e-6b73-4a69-9cbf-83f6bfaee074',1,'','','2a26c852000c42449e7b6f9609ad2b47'),('7sf2mEgLTKQguqPJKN4uYwtRWviUrtqUQRzlhWm4gBA.ZBQQEpaarOdGVV7L9rGXYg144iZY58q4AvvGFKUqMNg','1bf423011f58499187cf0a728d821a06','2020-12-02 12:15:49','cells-frontend','','openid|profile|offline','','{\"idToken\":{\"Claims\":{\"JTI\":\"\",\"Issuer\":\"https://0.0.0.0:8080/oidc/\",\"Subject\":\"d94aba17-3f7d-4cf4-9e0e-ed4c12a4a71c\",\"Audience\":null,\"Nonce\":\"\",\"ExpiresAt\":\"0001-01-01T00:00:00Z\",\"IssuedAt\":\"2020-12-02T13:15:48.852835Z\",\"RequestedAt\":\"2020-12-02T13:15:48.852836Z\",\"AuthTime\":\"2020-12-02T13:15:48.852836Z\",\"AccessTokenHash\":\"\",\"AuthenticationContextClassReference\":\"\",\"CodeHash\":\"\",\"Extra\":{\"authSource\":\"Pydio Cells\",\"email\":\"\",\"name\":\"tests_admin\",\"sid\":\"cd951458-757e-4d59-944e-b594de4efbfb\"}},\"Headers\":{\"Extra\":{\"kid\":\"public:d66213b1-17c1-4f9e-835c-a7c63ad628b1\"}},\"ExpiresAt\":{\"authorize_code\":\"2020-12-02T13:25:48.852968Z\"},\"Username\":\"\",\"Subject\":\"d94aba17-3f7d-4cf4-9e0e-ed4c12a4a71c\"},\"extra\":{},\"KID\":\"\",\"ClientID\":\"cells-frontend\",\"ConsentChallenge\":\"1bf423011f58499187cf0a728d821a06\"}','d94aba17-3f7d-4cf4-9e0e-ed4c12a4a71c',1,'','','1bf423011f58499187cf0a728d821a06'),('7UFKJ41g6hAfwJqhIr4N2tVK0j5HQyDjlUWNYPrLfqM.9lao7E_uJsP317akDa5iP359lWP-U66EKENF8_vK3_Y','adbd89367d5749438a32e156a1cbda66','2020-12-02 12:14:39','cells-frontend','','openid|profile|offline','','{\"idToken\":{\"Claims\":{\"JTI\":\"\",\"Issuer\":\"https://0.0.0.0:8080/oidc/\",\"Subject\":\"d94aba17-3f7d-4cf4-9e0e-ed4c12a4a71c\",\"Audience\":null,\"Nonce\":\"\",\"ExpiresAt\":\"0001-01-01T00:00:00Z\",\"IssuedAt\":\"2020-12-02T13:14:38.529113Z\",\"RequestedAt\":\"2020-12-02T13:14:38.529113Z\",\"AuthTime\":\"2020-12-02T13:14:38.529113Z\",\"AccessTokenHash\":\"\",\"AuthenticationContextClassReference\":\"\",\"CodeHash\":\"\",\"Extra\":{\"authSource\":\"Pydio Cells\",\"email\":\"\",\"name\":\"tests_admin\",\"sid\":\"d268e365-bcb6-4310-bbd2-d49763c968d4\"}},\"Headers\":{\"Extra\":{\"kid\":\"public:d66213b1-17c1-4f9e-835c-a7c63ad628b1\"}},\"ExpiresAt\":{\"authorize_code\":\"2020-12-02T13:24:38.529195Z\"},\"Username\":\"\",\"Subject\":\"d94aba17-3f7d-4cf4-9e0e-ed4c12a4a71c\"},\"extra\":{},\"KID\":\"\",\"ClientID\":\"cells-frontend\",\"ConsentChallenge\":\"adbd89367d5749438a32e156a1cbda66\"}','d94aba17-3f7d-4cf4-9e0e-ed4c12a4a71c',1,'','','adbd89367d5749438a32e156a1cbda66'),('7ZU3YDOYBV-ZX62qwxYU24H9fseyHxiEznVW5dzcWQg.RjLeB9BYvTMRPtwc0aGva5uFr-v82EtK2AeqWSZeJTw','45ec1fca84a5434ab789e0d4184e9f61','2020-12-02 12:12:35','cells-frontend','','openid|profile|offline','','{\"idToken\":{\"Claims\":{\"JTI\":\"\",\"Issuer\":\"https://0.0.0.0:8080/oidc/\",\"Subject\":\"d94aba17-3f7d-4cf4-9e0e-ed4c12a4a71c\",\"Audience\":null,\"Nonce\":\"\",\"ExpiresAt\":\"0001-01-01T00:00:00Z\",\"IssuedAt\":\"2020-12-02T13:12:34.995712Z\",\"RequestedAt\":\"2020-12-02T13:12:34.995712Z\",\"AuthTime\":\"2020-12-02T13:12:34.995712Z\",\"AccessTokenHash\":\"\",\"AuthenticationContextClassReference\":\"\",\"CodeHash\":\"\",\"Extra\":{\"authSource\":\"Pydio Cells\",\"email\":\"\",\"name\":\"tests_admin\",\"sid\":\"6dea4965-21a0-41ef-9dbf-781343ea2c2c\"}},\"Headers\":{\"Extra\":{\"kid\":\"public:d66213b1-17c1-4f9e-835c-a7c63ad628b1\"}},\"ExpiresAt\":{\"authorize_code\":\"2020-12-02T13:22:34.995806Z\"},\"Username\":\"\",\"Subject\":\"d94aba17-3f7d-4cf4-9e0e-ed4c12a4a71c\"},\"extra\":{},\"KID\":\"\",\"ClientID\":\"cells-frontend\",\"ConsentChallenge\":\"45ec1fca84a5434ab789e0d4184e9f61\"}','d94aba17-3f7d-4cf4-9e0e-ed4c12a4a71c',1,'','','45ec1fca84a5434ab789e0d4184e9f61'),('9zrOMEu8QviCQh8xlQppmKa3NN0qi_NQqMw7sx4P5SY.-4eWVsaU7bmjXMlT9jH1MN5C4-f0dknxe0ksbenF2jc','69ecb9d6cb1a447ab04255f7462a116d','2020-12-02 12:12:19','cells-frontend','','openid|profile|offline','','{\"idToken\":{\"Claims\":{\"JTI\":\"\",\"Issuer\":\"https://0.0.0.0:8080/oidc/\",\"Subject\":\"d94aba17-3f7d-4cf4-9e0e-ed4c12a4a71c\",\"Audience\":null,\"Nonce\":\"\",\"ExpiresAt\":\"0001-01-01T00:00:00Z\",\"IssuedAt\":\"2020-12-02T13:12:18.667203Z\",\"RequestedAt\":\"2020-12-02T13:12:18.667203Z\",\"AuthTime\":\"2020-12-02T13:12:18.667203Z\",\"AccessTokenHash\":\"\",\"AuthenticationContextClassReference\":\"\",\"CodeHash\":\"\",\"Extra\":{\"authSource\":\"Pydio Cells\",\"email\":\"\",\"name\":\"tests_admin\",\"sid\":\"f48ef12c-4e1c-4914-87b2-478376972a34\"}},\"Headers\":{\"Extra\":{\"kid\":\"public:d66213b1-17c1-4f9e-835c-a7c63ad628b1\"}},\"ExpiresAt\":{\"authorize_code\":\"2020-12-02T13:22:18.667335Z\"},\"Username\":\"\",\"Subject\":\"d94aba17-3f7d-4cf4-9e0e-ed4c12a4a71c\"},\"extra\":{},\"KID\":\"\",\"ClientID\":\"cells-frontend\",\"ConsentChallenge\":\"69ecb9d6cb1a447ab04255f7462a116d\"}','d94aba17-3f7d-4cf4-9e0e-ed4c12a4a71c',1,'','','69ecb9d6cb1a447ab04255f7462a116d'),('a-kTt64bONZOQssIlMxwR2awORzDk4wWg1XPzw2G064.mYSvlaFD4ZQW32pXTJdMn1c5D3adL9H2huNAuQyAGmw','3ebc10ea99024f7d81d9341f10602a39','2020-12-02 12:15:34','cells-frontend','','openid|profile|offline','','{\"idToken\":{\"Claims\":{\"JTI\":\"\",\"Issuer\":\"https://0.0.0.0:8080/oidc/\",\"Subject\":\"b4a5fa2b-c555-4c75-b20f-120de9e8bfa6\",\"Audience\":null,\"Nonce\":\"\",\"ExpiresAt\":\"0001-01-01T00:00:00Z\",\"IssuedAt\":\"2020-12-02T13:15:34.090224Z\",\"RequestedAt\":\"2020-12-02T13:15:34.090224Z\",\"AuthTime\":\"2020-12-02T13:15:34.090224Z\",\"AccessTokenHash\":\"\",\"AuthenticationContextClassReference\":\"\",\"CodeHash\":\"\",\"Extra\":{\"authSource\":\"Pydio Cells\",\"email\":\"\",\"name\":\"tests_rw_user\",\"sid\":\"a992d02f-29f0-4fb4-8b24-1a55c18632bf\"}},\"Headers\":{\"Extra\":{\"kid\":\"public:d66213b1-17c1-4f9e-835c-a7c63ad628b1\"}},\"ExpiresAt\":{\"authorize_code\":\"2020-12-02T13:25:34.09033Z\"},\"Username\":\"\",\"Subject\":\"b4a5fa2b-c555-4c75-b20f-120de9e8bfa6\"},\"extra\":{},\"KID\":\"\",\"ClientID\":\"cells-frontend\",\"ConsentChallenge\":\"3ebc10ea99024f7d81d9341f10602a39\"}','b4a5fa2b-c555-4c75-b20f-120de9e8bfa6',1,'','','3ebc10ea99024f7d81d9341f10602a39'),('A8PU19WPEwYBci2detsCQ0EceMEM6MjydvmBek3WVHg.kvVYnu-GM7L2uzL1Cc8Qlo1on-tUZfsLSObgNbH3THM','28b4a71044f0422886a7cfa078c199ac','2020-12-02 12:14:38','cells-frontend','','openid|profile|offline','','{\"idToken\":{\"Claims\":{\"JTI\":\"\",\"Issuer\":\"https://0.0.0.0:8080/oidc/\",\"Subject\":\"d94aba17-3f7d-4cf4-9e0e-ed4c12a4a71c\",\"Audience\":null,\"Nonce\":\"\",\"ExpiresAt\":\"0001-01-01T00:00:00Z\",\"IssuedAt\":\"2020-12-02T13:14:38.227343Z\",\"RequestedAt\":\"2020-12-02T13:14:38.227344Z\",\"AuthTime\":\"2020-12-02T13:14:38.227344Z\",\"AccessTokenHash\":\"\",\"AuthenticationContextClassReference\":\"\",\"CodeHash\":\"\",\"Extra\":{\"authSource\":\"Pydio Cells\",\"email\":\"\",\"name\":\"tests_admin\",\"sid\":\"59fd7dce-e6d3-46af-bd9f-d33897b6f67b\"}},\"Headers\":{\"Extra\":{\"kid\":\"public:d66213b1-17c1-4f9e-835c-a7c63ad628b1\"}},\"ExpiresAt\":{\"authorize_code\":\"2020-12-02T13:24:38.227473Z\"},\"Username\":\"\",\"Subject\":\"d94aba17-3f7d-4cf4-9e0e-ed4c12a4a71c\"},\"extra\":{},\"KID\":\"\",\"ClientID\":\"cells-frontend\",\"ConsentChallenge\":\"28b4a71044f0422886a7cfa078c199ac\"}','d94aba17-3f7d-4cf4-9e0e-ed4c12a4a71c',1,'','','28b4a71044f0422886a7cfa078c199ac'),('d81boosL532qKDTmgQ4tkK2BgXnbJsW90kjNxqXCsnY.hnPYpuf2UQF4HsTQXXUpyKU6DSkrZd88mSao35B3WIM','6d98995c95a340e5a663498789980c98','2020-12-02 12:12:19','cells-frontend','','openid|profile|offline','','{\"idToken\":{\"Claims\":{\"JTI\":\"\",\"Issuer\":\"https://0.0.0.0:8080/oidc/\",\"Subject\":\"d94aba17-3f7d-4cf4-9e0e-ed4c12a4a71c\",\"Audience\":null,\"Nonce\":\"\",\"ExpiresAt\":\"0001-01-01T00:00:00Z\",\"IssuedAt\":\"2020-12-02T13:12:18.91569Z\",\"RequestedAt\":\"2020-12-02T13:12:18.915691Z\",\"AuthTime\":\"2020-12-02T13:12:18.915691Z\",\"AccessTokenHash\":\"\",\"AuthenticationContextClassReference\":\"\",\"CodeHash\":\"\",\"Extra\":{\"authSource\":\"Pydio Cells\",\"email\":\"\",\"name\":\"tests_admin\",\"sid\":\"96916c85-34f3-4674-b271-2f31211b1c50\"}},\"Headers\":{\"Extra\":{\"kid\":\"public:d66213b1-17c1-4f9e-835c-a7c63ad628b1\"}},\"ExpiresAt\":{\"authorize_code\":\"2020-12-02T13:22:18.915785Z\"},\"Username\":\"\",\"Subject\":\"d94aba17-3f7d-4cf4-9e0e-ed4c12a4a71c\"},\"extra\":{},\"KID\":\"\",\"ClientID\":\"cells-frontend\",\"ConsentChallenge\":\"6d98995c95a340e5a663498789980c98\"}','d94aba17-3f7d-4cf4-9e0e-ed4c12a4a71c',1,'','','6d98995c95a340e5a663498789980c98'),('e7zXVmiorArrWaP6iosPfSPNB3O_d1ZRjrQ0hLoPELs.C_GVclvcvVD7-yf3MZC-bssTrhl5UgNku4DMTZfQF_o','1c7674b31ed146dcbeccc90c83dfc3e1','2020-12-02 12:11:55','cells-frontend','','openid|profile|offline','','{\"idToken\":{\"Claims\":{\"JTI\":\"\",\"Issuer\":\"https://0.0.0.0:8080/oidc/\",\"Subject\":\"d94aba17-3f7d-4cf4-9e0e-ed4c12a4a71c\",\"Audience\":null,\"Nonce\":\"\",\"ExpiresAt\":\"0001-01-01T00:00:00Z\",\"IssuedAt\":\"2020-12-02T13:11:55.484936Z\",\"RequestedAt\":\"2020-12-02T13:11:55.484937Z\",\"AuthTime\":\"2020-12-02T13:11:55.484937Z\",\"AccessTokenHash\":\"\",\"AuthenticationContextClassReference\":\"\",\"CodeHash\":\"\",\"Extra\":{\"authSource\":\"Pydio Cells\",\"email\":\"\",\"name\":\"tests_admin\",\"sid\":\"9d5f60b1-fb62-41fc-8ad5-efeb6e23db22\"}},\"Headers\":{\"Extra\":{\"kid\":\"public:d66213b1-17c1-4f9e-835c-a7c63ad628b1\"}},\"ExpiresAt\":{\"authorize_code\":\"2020-12-02T13:21:55.485074Z\"},\"Username\":\"\",\"Subject\":\"d94aba17-3f7d-4cf4-9e0e-ed4c12a4a71c\"},\"extra\":{},\"KID\":\"\",\"ClientID\":\"cells-frontend\",\"ConsentChallenge\":\"1c7674b31ed146dcbeccc90c83dfc3e1\"}','d94aba17-3f7d-4cf4-9e0e-ed4c12a4a71c',1,'','','1c7674b31ed146dcbeccc90c83dfc3e1'),('EB_UL9RQOzssx2BjtuLT9OCEai_tzZJ0bLTs5-HRaHY.FoCABtMoLK9SBm1Mq5Baem3WvWoB2gmzfOHzhKQbXm4','83905a6ab3e44dd4a602912054b3918e','2020-12-02 12:15:42','cells-frontend','','openid|profile|offline','','{\"idToken\":{\"Claims\":{\"JTI\":\"\",\"Issuer\":\"https://0.0.0.0:8080/oidc/\",\"Subject\":\"b4a5fa2b-c555-4c75-b20f-120de9e8bfa6\",\"Audience\":null,\"Nonce\":\"\",\"ExpiresAt\":\"0001-01-01T00:00:00Z\",\"IssuedAt\":\"2020-12-02T13:15:41.770898Z\",\"RequestedAt\":\"2020-12-02T13:15:41.770899Z\",\"AuthTime\":\"2020-12-02T13:15:41.770899Z\",\"AccessTokenHash\":\"\",\"AuthenticationContextClassReference\":\"\",\"CodeHash\":\"\",\"Extra\":{\"authSource\":\"Pydio Cells\",\"email\":\"\",\"name\":\"tests_rw_user\",\"sid\":\"97b7be4f-fc0d-4132-8725-afa665d1dd7a\"}},\"Headers\":{\"Extra\":{\"kid\":\"public:d66213b1-17c1-4f9e-835c-a7c63ad628b1\"}},\"ExpiresAt\":{\"authorize_code\":\"2020-12-02T13:25:41.771033Z\"},\"Username\":\"\",\"Subject\":\"b4a5fa2b-c555-4c75-b20f-120de9e8bfa6\"},\"extra\":{},\"KID\":\"\",\"ClientID\":\"cells-frontend\",\"ConsentChallenge\":\"83905a6ab3e44dd4a602912054b3918e\"}','b4a5fa2b-c555-4c75-b20f-120de9e8bfa6',1,'','','83905a6ab3e44dd4a602912054b3918e'),('G60rPsoW_7GtmyGPcjIO37O3thvTu1JJjqoGILMObI4._5We9ADCsg7H-ZRjgRC8txT1aXnHwBZNKhxJ-T2FPS4','23d0406dee8d46ea86ca479c2c49a9f0','2020-12-02 12:12:03','cells-frontend','','openid|profile|offline','','{\"idToken\":{\"Claims\":{\"JTI\":\"\",\"Issuer\":\"https://0.0.0.0:8080/oidc/\",\"Subject\":\"d94aba17-3f7d-4cf4-9e0e-ed4c12a4a71c\",\"Audience\":null,\"Nonce\":\"\",\"ExpiresAt\":\"0001-01-01T00:00:00Z\",\"IssuedAt\":\"2020-12-02T13:12:02.938105Z\",\"RequestedAt\":\"2020-12-02T13:12:02.938106Z\",\"AuthTime\":\"2020-12-02T13:12:02.938105Z\",\"AccessTokenHash\":\"\",\"AuthenticationContextClassReference\":\"\",\"CodeHash\":\"\",\"Extra\":{\"authSource\":\"Pydio Cells\",\"email\":\"\",\"name\":\"tests_admin\",\"sid\":\"b351fabe-38db-4ba9-9cbf-23ee2c9d5a2a\"}},\"Headers\":{\"Extra\":{\"kid\":\"public:d66213b1-17c1-4f9e-835c-a7c63ad628b1\"}},\"ExpiresAt\":{\"authorize_code\":\"2020-12-02T13:22:02.938201Z\"},\"Username\":\"\",\"Subject\":\"d94aba17-3f7d-4cf4-9e0e-ed4c12a4a71c\"},\"extra\":{},\"KID\":\"\",\"ClientID\":\"cells-frontend\",\"ConsentChallenge\":\"23d0406dee8d46ea86ca479c2c49a9f0\"}','d94aba17-3f7d-4cf4-9e0e-ed4c12a4a71c',1,'','','23d0406dee8d46ea86ca479c2c49a9f0'),('gST9J1dU8JpVP3Z12JFitUf6Ia8o9sJH4-_I7AgK6og.-4_cEvbqT7hXvSay7QzU1bL0pYykcsMZfl2AWAQXY68','da795f8ca20940f0a19d37c671e3ec28','2020-12-02 12:15:39','cells-frontend','','openid|profile|offline','','{\"idToken\":{\"Claims\":{\"JTI\":\"\",\"Issuer\":\"https://0.0.0.0:8080/oidc/\",\"Subject\":\"d94aba17-3f7d-4cf4-9e0e-ed4c12a4a71c\",\"Audience\":null,\"Nonce\":\"\",\"ExpiresAt\":\"0001-01-01T00:00:00Z\",\"IssuedAt\":\"2020-12-02T13:15:39.369127Z\",\"RequestedAt\":\"2020-12-02T13:15:39.369128Z\",\"AuthTime\":\"2020-12-02T13:15:39.369128Z\",\"AccessTokenHash\":\"\",\"AuthenticationContextClassReference\":\"\",\"CodeHash\":\"\",\"Extra\":{\"authSource\":\"Pydio Cells\",\"email\":\"\",\"name\":\"tests_admin\",\"sid\":\"18da6381-c110-4718-b786-964c75fc1b94\"}},\"Headers\":{\"Extra\":{\"kid\":\"public:d66213b1-17c1-4f9e-835c-a7c63ad628b1\"}},\"ExpiresAt\":{\"authorize_code\":\"2020-12-02T13:25:39.369317Z\"},\"Username\":\"\",\"Subject\":\"d94aba17-3f7d-4cf4-9e0e-ed4c12a4a71c\"},\"extra\":{},\"KID\":\"\",\"ClientID\":\"cells-frontend\",\"ConsentChallenge\":\"da795f8ca20940f0a19d37c671e3ec28\"}','d94aba17-3f7d-4cf4-9e0e-ed4c12a4a71c',1,'','','da795f8ca20940f0a19d37c671e3ec28'),('hSJup-EFw7FP2Bq4poXzm_su7d1gtMtofvdY6J0UOoU.5xcIJ6DZqZ5Rssefo9wz_VM1rZzgUw_KT2HjERBVYcw','3b2fb15590754793bdfe6a8f8b4fd501','2020-12-02 12:15:40','cells-frontend','','openid|profile|offline','','{\"idToken\":{\"Claims\":{\"JTI\":\"\",\"Issuer\":\"https://0.0.0.0:8080/oidc/\",\"Subject\":\"d94aba17-3f7d-4cf4-9e0e-ed4c12a4a71c\",\"Audience\":null,\"Nonce\":\"\",\"ExpiresAt\":\"0001-01-01T00:00:00Z\",\"IssuedAt\":\"2020-12-02T13:15:39.786979Z\",\"RequestedAt\":\"2020-12-02T13:15:39.78698Z\",\"AuthTime\":\"2020-12-02T13:15:39.786979Z\",\"AccessTokenHash\":\"\",\"AuthenticationContextClassReference\":\"\",\"CodeHash\":\"\",\"Extra\":{\"authSource\":\"Pydio Cells\",\"email\":\"\",\"name\":\"tests_admin\",\"sid\":\"a2780f1d-b940-4d28-afdf-6ed77e08c91c\"}},\"Headers\":{\"Extra\":{\"kid\":\"public:d66213b1-17c1-4f9e-835c-a7c63ad628b1\"}},\"ExpiresAt\":{\"authorize_code\":\"2020-12-02T13:25:39.787111Z\"},\"Username\":\"\",\"Subject\":\"d94aba17-3f7d-4cf4-9e0e-ed4c12a4a71c\"},\"extra\":{},\"KID\":\"\",\"ClientID\":\"cells-frontend\",\"ConsentChallenge\":\"3b2fb15590754793bdfe6a8f8b4fd501\"}','d94aba17-3f7d-4cf4-9e0e-ed4c12a4a71c',1,'','','3b2fb15590754793bdfe6a8f8b4fd501'),('hTzMZmXZLoKhkkloEn-ugWY2dChYFA8JIAREwpB8vaM.rPVbJ-u2M0IV0UtawxnbrS69-yKrk_Qhueq15zaIH8I','c23155903fa747ad8cfdd39b8079f52f','2020-12-02 12:12:35','cells-frontend','','openid|profile|offline','','{\"idToken\":{\"Claims\":{\"JTI\":\"\",\"Issuer\":\"https://0.0.0.0:8080/oidc/\",\"Subject\":\"d94aba17-3f7d-4cf4-9e0e-ed4c12a4a71c\",\"Audience\":null,\"Nonce\":\"\",\"ExpiresAt\":\"0001-01-01T00:00:00Z\",\"IssuedAt\":\"2020-12-02T13:12:35.245321Z\",\"RequestedAt\":\"2020-12-02T13:12:35.245322Z\",\"AuthTime\":\"2020-12-02T13:12:35.245322Z\",\"AccessTokenHash\":\"\",\"AuthenticationContextClassReference\":\"\",\"CodeHash\":\"\",\"Extra\":{\"authSource\":\"Pydio Cells\",\"email\":\"\",\"name\":\"tests_admin\",\"sid\":\"a859c0d5-cd97-44c8-b62e-38cb82c75ad4\"}},\"Headers\":{\"Extra\":{\"kid\":\"public:d66213b1-17c1-4f9e-835c-a7c63ad628b1\"}},\"ExpiresAt\":{\"authorize_code\":\"2020-12-02T13:22:35.245412Z\"},\"Username\":\"\",\"Subject\":\"d94aba17-3f7d-4cf4-9e0e-ed4c12a4a71c\"},\"extra\":{},\"KID\":\"\",\"ClientID\":\"cells-frontend\",\"ConsentChallenge\":\"c23155903fa747ad8cfdd39b8079f52f\"}','d94aba17-3f7d-4cf4-9e0e-ed4c12a4a71c',1,'','','c23155903fa747ad8cfdd39b8079f52f'),('HwEUZ6buqLxO3VGBM2lqWpoMY8mOQrKioOrVSuU5cJA.du2GvOgu3YEUHe8p_4PWzcSuylttLmOobKbQLmHXa1E','4f9998cf96be4b6ba9d2b6245d43e732','2020-12-02 12:15:40','cells-frontend','','openid|profile|offline','','{\"idToken\":{\"Claims\":{\"JTI\":\"\",\"Issuer\":\"https://0.0.0.0:8080/oidc/\",\"Subject\":\"d94aba17-3f7d-4cf4-9e0e-ed4c12a4a71c\",\"Audience\":null,\"Nonce\":\"\",\"ExpiresAt\":\"0001-01-01T00:00:00Z\",\"IssuedAt\":\"2020-12-02T13:15:39.775618Z\",\"RequestedAt\":\"2020-12-02T13:15:39.775619Z\",\"AuthTime\":\"2020-12-02T13:15:39.775619Z\",\"AccessTokenHash\":\"\",\"AuthenticationContextClassReference\":\"\",\"CodeHash\":\"\",\"Extra\":{\"authSource\":\"Pydio Cells\",\"email\":\"\",\"name\":\"tests_admin\",\"sid\":\"6e65056f-f3a1-4bf4-9412-2228646b05d4\"}},\"Headers\":{\"Extra\":{\"kid\":\"public:d66213b1-17c1-4f9e-835c-a7c63ad628b1\"}},\"ExpiresAt\":{\"authorize_code\":\"2020-12-02T13:25:39.775764Z\"},\"Username\":\"\",\"Subject\":\"d94aba17-3f7d-4cf4-9e0e-ed4c12a4a71c\"},\"extra\":{},\"KID\":\"\",\"ClientID\":\"cells-frontend\",\"ConsentChallenge\":\"4f9998cf96be4b6ba9d2b6245d43e732\"}','d94aba17-3f7d-4cf4-9e0e-ed4c12a4a71c',1,'','','4f9998cf96be4b6ba9d2b6245d43e732'),('I20JL02ZIuwOiQsttbQw0UIPzSTwBx6x_YH_PpAnfkY.jz7j62xawuSIr7aju2yFaS897nKH0maSSTQAXm_OJ9A','5f37a2f550ce45fc8087e4fe096e930d','2020-12-02 12:11:55','cells-frontend','','openid|profile|offline','','{\"idToken\":{\"Claims\":{\"JTI\":\"\",\"Issuer\":\"https://0.0.0.0:8080/oidc/\",\"Subject\":\"d94aba17-3f7d-4cf4-9e0e-ed4c12a4a71c\",\"Audience\":null,\"Nonce\":\"\",\"ExpiresAt\":\"0001-01-01T00:00:00Z\",\"IssuedAt\":\"2020-12-02T13:11:54.8833Z\",\"RequestedAt\":\"2020-12-02T13:11:54.883301Z\",\"AuthTime\":\"2020-12-02T13:11:54.8833Z\",\"AccessTokenHash\":\"\",\"AuthenticationContextClassReference\":\"\",\"CodeHash\":\"\",\"Extra\":{\"authSource\":\"Pydio Cells\",\"email\":\"\",\"name\":\"tests_admin\",\"sid\":\"b81ea948-a067-4b23-aa02-ff9f6fb7dcac\"}},\"Headers\":{\"Extra\":{\"kid\":\"public:d66213b1-17c1-4f9e-835c-a7c63ad628b1\"}},\"ExpiresAt\":{\"authorize_code\":\"2020-12-02T13:21:54.883402Z\"},\"Username\":\"\",\"Subject\":\"d94aba17-3f7d-4cf4-9e0e-ed4c12a4a71c\"},\"extra\":{},\"KID\":\"\",\"ClientID\":\"cells-frontend\",\"ConsentChallenge\":\"5f37a2f550ce45fc8087e4fe096e930d\"}','d94aba17-3f7d-4cf4-9e0e-ed4c12a4a71c',1,'','','5f37a2f550ce45fc8087e4fe096e930d'),('IaFWoFrOU-6Ga7GBO052mli_ImKcPryizYpfBmUSCxc.q_TjRujJkD4Ob2-pNlnMPjrmnc7b_XyG7e7tgC88ISg','a2e60819bad7482ba5bae9b7801d5d13','2020-12-02 12:15:41','cells-frontend','','openid|profile|offline','','{\"idToken\":{\"Claims\":{\"JTI\":\"\",\"Issuer\":\"https://0.0.0.0:8080/oidc/\",\"Subject\":\"d94aba17-3f7d-4cf4-9e0e-ed4c12a4a71c\",\"Audience\":null,\"Nonce\":\"\",\"ExpiresAt\":\"0001-01-01T00:00:00Z\",\"IssuedAt\":\"2020-12-02T13:15:41.293072Z\",\"RequestedAt\":\"2020-12-02T13:15:41.293073Z\",\"AuthTime\":\"2020-12-02T13:15:41.293073Z\",\"AccessTokenHash\":\"\",\"AuthenticationContextClassReference\":\"\",\"CodeHash\":\"\",\"Extra\":{\"authSource\":\"Pydio Cells\",\"email\":\"\",\"name\":\"tests_admin\",\"sid\":\"f1ff080e-8b52-4477-9e6f-e2ced5c0d651\"}},\"Headers\":{\"Extra\":{\"kid\":\"public:d66213b1-17c1-4f9e-835c-a7c63ad628b1\"}},\"ExpiresAt\":{\"authorize_code\":\"2020-12-02T13:25:41.293221Z\"},\"Username\":\"\",\"Subject\":\"d94aba17-3f7d-4cf4-9e0e-ed4c12a4a71c\"},\"extra\":{},\"KID\":\"\",\"ClientID\":\"cells-frontend\",\"ConsentChallenge\":\"a2e60819bad7482ba5bae9b7801d5d13\"}','d94aba17-3f7d-4cf4-9e0e-ed4c12a4a71c',1,'','','a2e60819bad7482ba5bae9b7801d5d13'),('IzyquhuOFGE2TjNQbVhM-wBIJWU63TL9UyHJkS0FIfE.N30eU7tqh0cfscWiuh4MJ8nERm6y6vrS75sb_hudA68','332f5df7f8f74670a3d359e68a0e684f','2020-12-02 12:15:41','cells-frontend','','openid|profile|offline','','{\"idToken\":{\"Claims\":{\"JTI\":\"\",\"Issuer\":\"https://0.0.0.0:8080/oidc/\",\"Subject\":\"d94aba17-3f7d-4cf4-9e0e-ed4c12a4a71c\",\"Audience\":null,\"Nonce\":\"\",\"ExpiresAt\":\"0001-01-01T00:00:00Z\",\"IssuedAt\":\"2020-12-02T13:15:40.984769Z\",\"RequestedAt\":\"2020-12-02T13:15:40.98477Z\",\"AuthTime\":\"2020-12-02T13:15:40.98477Z\",\"AccessTokenHash\":\"\",\"AuthenticationContextClassReference\":\"\",\"CodeHash\":\"\",\"Extra\":{\"authSource\":\"Pydio Cells\",\"email\":\"\",\"name\":\"tests_admin\",\"sid\":\"8f8b49c6-8c55-4c44-92bf-caf9501055a7\"}},\"Headers\":{\"Extra\":{\"kid\":\"public:d66213b1-17c1-4f9e-835c-a7c63ad628b1\"}},\"ExpiresAt\":{\"authorize_code\":\"2020-12-02T13:25:40.984883Z\"},\"Username\":\"\",\"Subject\":\"d94aba17-3f7d-4cf4-9e0e-ed4c12a4a71c\"},\"extra\":{},\"KID\":\"\",\"ClientID\":\"cells-frontend\",\"ConsentChallenge\":\"332f5df7f8f74670a3d359e68a0e684f\"}','d94aba17-3f7d-4cf4-9e0e-ed4c12a4a71c',1,'','','332f5df7f8f74670a3d359e68a0e684f'),('J4dity9BfBmM36VqSdTSJMThoDUgmWU3bWbUq1sIxv0.JHBnOkh3viFpqSF0X7k_Wv0clWaPIaUPOxmlGruPzEc','f3b2912cb56c4acdb4e23511e6221674','2020-12-02 12:15:36','cells-frontend','','openid|profile|offline','','{\"idToken\":{\"Claims\":{\"JTI\":\"\",\"Issuer\":\"https://0.0.0.0:8080/oidc/\",\"Subject\":\"d94aba17-3f7d-4cf4-9e0e-ed4c12a4a71c\",\"Audience\":null,\"Nonce\":\"\",\"ExpiresAt\":\"0001-01-01T00:00:00Z\",\"IssuedAt\":\"2020-12-02T13:15:35.701871Z\",\"RequestedAt\":\"2020-12-02T13:15:35.701871Z\",\"AuthTime\":\"2020-12-02T13:15:35.701871Z\",\"AccessTokenHash\":\"\",\"AuthenticationContextClassReference\":\"\",\"CodeHash\":\"\",\"Extra\":{\"authSource\":\"Pydio Cells\",\"email\":\"\",\"name\":\"tests_admin\",\"sid\":\"2caf3101-72c9-46ad-b1cc-a1388cc2db55\"}},\"Headers\":{\"Extra\":{\"kid\":\"public:d66213b1-17c1-4f9e-835c-a7c63ad628b1\"}},\"ExpiresAt\":{\"authorize_code\":\"2020-12-02T13:25:35.701991Z\"},\"Username\":\"\",\"Subject\":\"d94aba17-3f7d-4cf4-9e0e-ed4c12a4a71c\"},\"extra\":{},\"KID\":\"\",\"ClientID\":\"cells-frontend\",\"ConsentChallenge\":\"f3b2912cb56c4acdb4e23511e6221674\"}','d94aba17-3f7d-4cf4-9e0e-ed4c12a4a71c',1,'','','f3b2912cb56c4acdb4e23511e6221674'),('j8JZj2OEuqupAKt7YYb_6VxzqdcidbLFOalSb6TOYDE.gv1wh0ktI81V6AIRzYXe6kTCsRtNmCApLPVB0Nu0og8','53a8f945eb274478b9baa2e394b93bcb','2020-12-02 12:15:33','cells-frontend','','openid|profile|offline','','{\"idToken\":{\"Claims\":{\"JTI\":\"\",\"Issuer\":\"https://0.0.0.0:8080/oidc/\",\"Subject\":\"d94aba17-3f7d-4cf4-9e0e-ed4c12a4a71c\",\"Audience\":null,\"Nonce\":\"\",\"ExpiresAt\":\"0001-01-01T00:00:00Z\",\"IssuedAt\":\"2020-12-02T13:15:33.309609Z\",\"RequestedAt\":\"2020-12-02T13:15:33.309609Z\",\"AuthTime\":\"2020-12-02T13:15:33.309609Z\",\"AccessTokenHash\":\"\",\"AuthenticationContextClassReference\":\"\",\"CodeHash\":\"\",\"Extra\":{\"authSource\":\"Pydio Cells\",\"email\":\"\",\"name\":\"tests_admin\",\"sid\":\"c446b3ec-9591-4c48-865d-fc117ec65ea8\"}},\"Headers\":{\"Extra\":{\"kid\":\"public:d66213b1-17c1-4f9e-835c-a7c63ad628b1\"}},\"ExpiresAt\":{\"authorize_code\":\"2020-12-02T13:25:33.309728Z\"},\"Username\":\"\",\"Subject\":\"d94aba17-3f7d-4cf4-9e0e-ed4c12a4a71c\"},\"extra\":{},\"KID\":\"\",\"ClientID\":\"cells-frontend\",\"ConsentChallenge\":\"53a8f945eb274478b9baa2e394b93bcb\"}','d94aba17-3f7d-4cf4-9e0e-ed4c12a4a71c',1,'','','53a8f945eb274478b9baa2e394b93bcb'),('jMo2Ffhh5q5xSNUKWoOdIB6QtQ1yLwMH8LALAt75U4U.z8o9DIcghvgyI2-MtyCsFjJgfX3u3n5RrHqyRp0t-T8','4f98af927b444759b9691aeb859d9b5a','2020-12-02 12:11:14','cells-frontend','','openid|profile|offline','','{\"idToken\":{\"Claims\":{\"JTI\":\"\",\"Issuer\":\"https://0.0.0.0:8080/oidc/\",\"Subject\":\"6645056e-6b73-4a69-9cbf-83f6bfaee074\",\"Audience\":null,\"Nonce\":\"\",\"ExpiresAt\":\"0001-01-01T00:00:00Z\",\"IssuedAt\":\"2020-12-02T13:11:13.676382Z\",\"RequestedAt\":\"2020-12-02T13:11:13.676383Z\",\"AuthTime\":\"2020-12-02T13:11:13.676382Z\",\"AccessTokenHash\":\"\",\"AuthenticationContextClassReference\":\"\",\"CodeHash\":\"\",\"Extra\":{\"authSource\":\"Pydio Cells\",\"email\":\"\",\"name\":\"admin\",\"sid\":\"90e35bd7-4184-4069-85fe-775b53428f72\"}},\"Headers\":{\"Extra\":{\"kid\":\"public:d66213b1-17c1-4f9e-835c-a7c63ad628b1\"}},\"ExpiresAt\":{\"authorize_code\":\"2020-12-02T13:21:13.676535Z\"},\"Username\":\"\",\"Subject\":\"6645056e-6b73-4a69-9cbf-83f6bfaee074\"},\"extra\":{},\"KID\":\"\",\"ClientID\":\"cells-frontend\",\"ConsentChallenge\":\"4f98af927b444759b9691aeb859d9b5a\"}','6645056e-6b73-4a69-9cbf-83f6bfaee074',1,'','','4f98af927b444759b9691aeb859d9b5a'),('K8rR3htXwvCcueK-duwu3OECEcFW7NDN5r3w1hSrL2E.uiyhCwSplDmai6OZonlFFuosJfGPdgPqoAimp8Fmas0','6985ab355381477495fed15283122bce','2020-12-02 12:12:18','cells-frontend','','openid|profile|offline','','{\"idToken\":{\"Claims\":{\"JTI\":\"\",\"Issuer\":\"https://0.0.0.0:8080/oidc/\",\"Subject\":\"d94aba17-3f7d-4cf4-9e0e-ed4c12a4a71c\",\"Audience\":null,\"Nonce\":\"\",\"ExpiresAt\":\"0001-01-01T00:00:00Z\",\"IssuedAt\":\"2020-12-02T13:12:18.07759Z\",\"RequestedAt\":\"2020-12-02T13:12:18.07759Z\",\"AuthTime\":\"2020-12-02T13:12:18.07759Z\",\"AccessTokenHash\":\"\",\"AuthenticationContextClassReference\":\"\",\"CodeHash\":\"\",\"Extra\":{\"authSource\":\"Pydio Cells\",\"email\":\"\",\"name\":\"tests_admin\",\"sid\":\"254c4b0d-d8f8-4e36-aa09-aaf5dfce9593\"}},\"Headers\":{\"Extra\":{\"kid\":\"public:d66213b1-17c1-4f9e-835c-a7c63ad628b1\"}},\"ExpiresAt\":{\"authorize_code\":\"2020-12-02T13:22:18.077727Z\"},\"Username\":\"\",\"Subject\":\"d94aba17-3f7d-4cf4-9e0e-ed4c12a4a71c\"},\"extra\":{},\"KID\":\"\",\"ClientID\":\"cells-frontend\",\"ConsentChallenge\":\"6985ab355381477495fed15283122bce\"}','d94aba17-3f7d-4cf4-9e0e-ed4c12a4a71c',1,'','','6985ab355381477495fed15283122bce'),('KJ5o1RSNBLVEAmZE2RO00WZAYJPmsN-_efUH80RCar4.qKzlp7uP_dwGnpKjEwny_wZL9AXSket3PVEWPYsFGvQ','711162c809a94a09ab3aba751e7bcb1b','2020-12-02 12:15:41','cells-frontend','','openid|profile|offline','','{\"idToken\":{\"Claims\":{\"JTI\":\"\",\"Issuer\":\"https://0.0.0.0:8080/oidc/\",\"Subject\":\"d94aba17-3f7d-4cf4-9e0e-ed4c12a4a71c\",\"Audience\":null,\"Nonce\":\"\",\"ExpiresAt\":\"0001-01-01T00:00:00Z\",\"IssuedAt\":\"2020-12-02T13:15:40.777368Z\",\"RequestedAt\":\"2020-12-02T13:15:40.777369Z\",\"AuthTime\":\"2020-12-02T13:15:40.777369Z\",\"AccessTokenHash\":\"\",\"AuthenticationContextClassReference\":\"\",\"CodeHash\":\"\",\"Extra\":{\"authSource\":\"Pydio Cells\",\"email\":\"\",\"name\":\"tests_admin\",\"sid\":\"24c61ec0-4c3f-4f4d-9a46-49b94287866e\"}},\"Headers\":{\"Extra\":{\"kid\":\"public:d66213b1-17c1-4f9e-835c-a7c63ad628b1\"}},\"ExpiresAt\":{\"authorize_code\":\"2020-12-02T13:25:40.777496Z\"},\"Username\":\"\",\"Subject\":\"d94aba17-3f7d-4cf4-9e0e-ed4c12a4a71c\"},\"extra\":{},\"KID\":\"\",\"ClientID\":\"cells-frontend\",\"ConsentChallenge\":\"711162c809a94a09ab3aba751e7bcb1b\"}','d94aba17-3f7d-4cf4-9e0e-ed4c12a4a71c',1,'','','711162c809a94a09ab3aba751e7bcb1b'),('KN1OVYeum-8_y6ZV_iEQLCK7rB2afa3FUWZgSEyMYtI.tDj_WUwY5DKA4c8ShoC2aC9O8ZkdRxKmI9YAvdfo0_Q','6e5c2634687f45f1aa267afbe9b8c7d6','2020-12-02 12:15:46','cells-frontend','','openid|profile|offline','','{\"idToken\":{\"Claims\":{\"JTI\":\"\",\"Issuer\":\"https://0.0.0.0:8080/oidc/\",\"Subject\":\"d94aba17-3f7d-4cf4-9e0e-ed4c12a4a71c\",\"Audience\":null,\"Nonce\":\"\",\"ExpiresAt\":\"0001-01-01T00:00:00Z\",\"IssuedAt\":\"2020-12-02T13:15:45.903467Z\",\"RequestedAt\":\"2020-12-02T13:15:45.903468Z\",\"AuthTime\":\"2020-12-02T13:15:45.903467Z\",\"AccessTokenHash\":\"\",\"AuthenticationContextClassReference\":\"\",\"CodeHash\":\"\",\"Extra\":{\"authSource\":\"Pydio Cells\",\"email\":\"\",\"name\":\"tests_admin\",\"sid\":\"f5f796a7-cb3e-4b7c-8d66-206dc931d3e0\"}},\"Headers\":{\"Extra\":{\"kid\":\"public:d66213b1-17c1-4f9e-835c-a7c63ad628b1\"}},\"ExpiresAt\":{\"authorize_code\":\"2020-12-02T13:25:45.903552Z\"},\"Username\":\"\",\"Subject\":\"d94aba17-3f7d-4cf4-9e0e-ed4c12a4a71c\"},\"extra\":{},\"KID\":\"\",\"ClientID\":\"cells-frontend\",\"ConsentChallenge\":\"6e5c2634687f45f1aa267afbe9b8c7d6\"}','d94aba17-3f7d-4cf4-9e0e-ed4c12a4a71c',1,'','','6e5c2634687f45f1aa267afbe9b8c7d6'),('l60UvfY4GVOqCYVigojCMJ8VbEEsLTb02TG1RWkZDJs.-FhksSDYgjA1hKVv_6mUcDGNB5CzEK78kzCzDNwlobw','918a0c4570dd428994172bd130c06e1b','2020-12-02 12:15:34','cells-frontend','','openid|profile|offline','','{\"idToken\":{\"Claims\":{\"JTI\":\"\",\"Issuer\":\"https://0.0.0.0:8080/oidc/\",\"Subject\":\"d94aba17-3f7d-4cf4-9e0e-ed4c12a4a71c\",\"Audience\":null,\"Nonce\":\"\",\"ExpiresAt\":\"0001-01-01T00:00:00Z\",\"IssuedAt\":\"2020-12-02T13:15:33.561723Z\",\"RequestedAt\":\"2020-12-02T13:15:33.561724Z\",\"AuthTime\":\"2020-12-02T13:15:33.561724Z\",\"AccessTokenHash\":\"\",\"AuthenticationContextClassReference\":\"\",\"CodeHash\":\"\",\"Extra\":{\"authSource\":\"Pydio Cells\",\"email\":\"\",\"name\":\"tests_admin\",\"sid\":\"5740d4a0-6df4-4238-bea2-35a15ab7c9f8\"}},\"Headers\":{\"Extra\":{\"kid\":\"public:d66213b1-17c1-4f9e-835c-a7c63ad628b1\"}},\"ExpiresAt\":{\"authorize_code\":\"2020-12-02T13:25:33.561812Z\"},\"Username\":\"\",\"Subject\":\"d94aba17-3f7d-4cf4-9e0e-ed4c12a4a71c\"},\"extra\":{},\"KID\":\"\",\"ClientID\":\"cells-frontend\",\"ConsentChallenge\":\"918a0c4570dd428994172bd130c06e1b\"}','d94aba17-3f7d-4cf4-9e0e-ed4c12a4a71c',1,'','','918a0c4570dd428994172bd130c06e1b'),('l9Ot7I8D1wMBurHor42MvsTgFr5Fls9f_xWlThKsSNA.L-a37Qe_ADxqsi03sBjGZZnnSiI2tF8Ld9YH7d86QmI','2522226282214c1cae4543ab4cef9f21','2020-12-02 12:15:35','cells-frontend','','openid|profile|offline','','{\"idToken\":{\"Claims\":{\"JTI\":\"\",\"Issuer\":\"https://0.0.0.0:8080/oidc/\",\"Subject\":\"d94aba17-3f7d-4cf4-9e0e-ed4c12a4a71c\",\"Audience\":null,\"Nonce\":\"\",\"ExpiresAt\":\"0001-01-01T00:00:00Z\",\"IssuedAt\":\"2020-12-02T13:15:34.793Z\",\"RequestedAt\":\"2020-12-02T13:15:34.793Z\",\"AuthTime\":\"2020-12-02T13:15:34.793Z\",\"AccessTokenHash\":\"\",\"AuthenticationContextClassReference\":\"\",\"CodeHash\":\"\",\"Extra\":{\"authSource\":\"Pydio Cells\",\"email\":\"\",\"name\":\"tests_admin\",\"sid\":\"dc40abde-14ea-4ecf-ac9b-77b94a4482c5\"}},\"Headers\":{\"Extra\":{\"kid\":\"public:d66213b1-17c1-4f9e-835c-a7c63ad628b1\"}},\"ExpiresAt\":{\"authorize_code\":\"2020-12-02T13:25:34.793137Z\"},\"Username\":\"\",\"Subject\":\"d94aba17-3f7d-4cf4-9e0e-ed4c12a4a71c\"},\"extra\":{},\"KID\":\"\",\"ClientID\":\"cells-frontend\",\"ConsentChallenge\":\"2522226282214c1cae4543ab4cef9f21\"}','d94aba17-3f7d-4cf4-9e0e-ed4c12a4a71c',1,'','','2522226282214c1cae4543ab4cef9f21'),('lhCIp2iiToAO10TU_omeGZbqN6TWHxNR7YgX7ZMeZAA.ISicckyHYnLwlgzXP8s9WVW6khtQ1-EhWpupeyFjW48','1ddaae726e564ae69cf683924248bd18','2020-12-02 12:11:58','cells-frontend','','openid|profile|offline','','{\"idToken\":{\"Claims\":{\"JTI\":\"\",\"Issuer\":\"https://0.0.0.0:8080/oidc/\",\"Subject\":\"d94aba17-3f7d-4cf4-9e0e-ed4c12a4a71c\",\"Audience\":null,\"Nonce\":\"\",\"ExpiresAt\":\"0001-01-01T00:00:00Z\",\"IssuedAt\":\"2020-12-02T13:11:57.768677Z\",\"RequestedAt\":\"2020-12-02T13:11:57.768678Z\",\"AuthTime\":\"2020-12-02T13:11:57.768678Z\",\"AccessTokenHash\":\"\",\"AuthenticationContextClassReference\":\"\",\"CodeHash\":\"\",\"Extra\":{\"authSource\":\"Pydio Cells\",\"email\":\"\",\"name\":\"tests_admin\",\"sid\":\"d86bc5bc-3a54-498e-b312-729980dba94c\"}},\"Headers\":{\"Extra\":{\"kid\":\"public:d66213b1-17c1-4f9e-835c-a7c63ad628b1\"}},\"ExpiresAt\":{\"authorize_code\":\"2020-12-02T13:21:57.768769Z\"},\"Username\":\"\",\"Subject\":\"d94aba17-3f7d-4cf4-9e0e-ed4c12a4a71c\"},\"extra\":{},\"KID\":\"\",\"ClientID\":\"cells-frontend\",\"ConsentChallenge\":\"1ddaae726e564ae69cf683924248bd18\"}','d94aba17-3f7d-4cf4-9e0e-ed4c12a4a71c',1,'','','1ddaae726e564ae69cf683924248bd18'),('muwr9Z9tKrJI9fZApVEjahknPq1b-UX_pZa5DQ8O9Ls.HhM5J1iUCmR9D_0azMd-KqzDvM_VaRCTiGT0PUfN544','6229401d3194495c88b2f7ecc6af40e4','2020-12-02 12:15:40','cells-frontend','','openid|profile|offline','','{\"idToken\":{\"Claims\":{\"JTI\":\"\",\"Issuer\":\"https://0.0.0.0:8080/oidc/\",\"Subject\":\"d94aba17-3f7d-4cf4-9e0e-ed4c12a4a71c\",\"Audience\":null,\"Nonce\":\"\",\"ExpiresAt\":\"0001-01-01T00:00:00Z\",\"IssuedAt\":\"2020-12-02T13:15:39.819876Z\",\"RequestedAt\":\"2020-12-02T13:15:39.819877Z\",\"AuthTime\":\"2020-12-02T13:15:39.819877Z\",\"AccessTokenHash\":\"\",\"AuthenticationContextClassReference\":\"\",\"CodeHash\":\"\",\"Extra\":{\"authSource\":\"Pydio Cells\",\"email\":\"\",\"name\":\"tests_admin\",\"sid\":\"3cdff508-b75a-4d02-8b1d-e812ebf84da1\"}},\"Headers\":{\"Extra\":{\"kid\":\"public:d66213b1-17c1-4f9e-835c-a7c63ad628b1\"}},\"ExpiresAt\":{\"authorize_code\":\"2020-12-02T13:25:39.820606Z\"},\"Username\":\"\",\"Subject\":\"d94aba17-3f7d-4cf4-9e0e-ed4c12a4a71c\"},\"extra\":{},\"KID\":\"\",\"ClientID\":\"cells-frontend\",\"ConsentChallenge\":\"6229401d3194495c88b2f7ecc6af40e4\"}','d94aba17-3f7d-4cf4-9e0e-ed4c12a4a71c',1,'','','6229401d3194495c88b2f7ecc6af40e4'),('N_jlR4HoBRINEslqjMEeKh_WltMcaNxzGqNf7Dg-h4A.6w4AaoeIkh-WJnl3F3eBEM46RA6PrxT8X55Ry-oaL4Y','610e692c5cb94b41b68103d87c519a47','2020-12-02 12:12:18','cells-frontend','','openid|profile|offline','','{\"idToken\":{\"Claims\":{\"JTI\":\"\",\"Issuer\":\"https://0.0.0.0:8080/oidc/\",\"Subject\":\"d94aba17-3f7d-4cf4-9e0e-ed4c12a4a71c\",\"Audience\":null,\"Nonce\":\"\",\"ExpiresAt\":\"0001-01-01T00:00:00Z\",\"IssuedAt\":\"2020-12-02T13:12:17.720369Z\",\"RequestedAt\":\"2020-12-02T13:12:17.720369Z\",\"AuthTime\":\"2020-12-02T13:12:17.720369Z\",\"AccessTokenHash\":\"\",\"AuthenticationContextClassReference\":\"\",\"CodeHash\":\"\",\"Extra\":{\"authSource\":\"Pydio Cells\",\"email\":\"\",\"name\":\"tests_admin\",\"sid\":\"8cf50aaf-3cef-45ca-be79-a17061d888a9\"}},\"Headers\":{\"Extra\":{\"kid\":\"public:d66213b1-17c1-4f9e-835c-a7c63ad628b1\"}},\"ExpiresAt\":{\"authorize_code\":\"2020-12-02T13:22:17.720482Z\"},\"Username\":\"\",\"Subject\":\"d94aba17-3f7d-4cf4-9e0e-ed4c12a4a71c\"},\"extra\":{},\"KID\":\"\",\"ClientID\":\"cells-frontend\",\"ConsentChallenge\":\"610e692c5cb94b41b68103d87c519a47\"}','d94aba17-3f7d-4cf4-9e0e-ed4c12a4a71c',1,'','','610e692c5cb94b41b68103d87c519a47'),('N6hgNzPM2TF2fTcZf9Hmkzmt7CnOm3GbCmwirOoGvmA.xbNL1Q63nUkaOyiYYFka9VsEiliSyit2sTVowt6W8As','de125c640f5a4d579ae18b14f58bbf65','2020-12-02 12:11:58','cells-frontend','','openid|profile|offline','','{\"idToken\":{\"Claims\":{\"JTI\":\"\",\"Issuer\":\"https://0.0.0.0:8080/oidc/\",\"Subject\":\"d94aba17-3f7d-4cf4-9e0e-ed4c12a4a71c\",\"Audience\":null,\"Nonce\":\"\",\"ExpiresAt\":\"0001-01-01T00:00:00Z\",\"IssuedAt\":\"2020-12-02T13:11:57.520803Z\",\"RequestedAt\":\"2020-12-02T13:11:57.520804Z\",\"AuthTime\":\"2020-12-02T13:11:57.520804Z\",\"AccessTokenHash\":\"\",\"AuthenticationContextClassReference\":\"\",\"CodeHash\":\"\",\"Extra\":{\"authSource\":\"Pydio Cells\",\"email\":\"\",\"name\":\"tests_admin\",\"sid\":\"66e1069f-ff02-4931-ac57-41736cf0a454\"}},\"Headers\":{\"Extra\":{\"kid\":\"public:d66213b1-17c1-4f9e-835c-a7c63ad628b1\"}},\"ExpiresAt\":{\"authorize_code\":\"2020-12-02T13:21:57.520888Z\"},\"Username\":\"\",\"Subject\":\"d94aba17-3f7d-4cf4-9e0e-ed4c12a4a71c\"},\"extra\":{},\"KID\":\"\",\"ClientID\":\"cells-frontend\",\"ConsentChallenge\":\"de125c640f5a4d579ae18b14f58bbf65\"}','d94aba17-3f7d-4cf4-9e0e-ed4c12a4a71c',1,'','','de125c640f5a4d579ae18b14f58bbf65'),('nEahEJvNOFhXdi0_QdNMgbI_UpssVFhKDFoT1tah4vk.Zeieq9seQTaLpUzdbhyabjls_MjQy7ROtnvTd4ZAsMA','3c394d80d88b421e8a319dd05fdcc108','2020-12-02 12:15:40','cells-frontend','','openid|profile|offline','','{\"idToken\":{\"Claims\":{\"JTI\":\"\",\"Issuer\":\"https://0.0.0.0:8080/oidc/\",\"Subject\":\"b4a5fa2b-c555-4c75-b20f-120de9e8bfa6\",\"Audience\":null,\"Nonce\":\"\",\"ExpiresAt\":\"0001-01-01T00:00:00Z\",\"IssuedAt\":\"2020-12-02T13:15:40.373362Z\",\"RequestedAt\":\"2020-12-02T13:15:40.373363Z\",\"AuthTime\":\"2020-12-02T13:15:40.373362Z\",\"AccessTokenHash\":\"\",\"AuthenticationContextClassReference\":\"\",\"CodeHash\":\"\",\"Extra\":{\"authSource\":\"Pydio Cells\",\"email\":\"\",\"name\":\"tests_rw_user\",\"sid\":\"53592751-3286-4ff0-9b9c-496bf9b34197\"}},\"Headers\":{\"Extra\":{\"kid\":\"public:d66213b1-17c1-4f9e-835c-a7c63ad628b1\"}},\"ExpiresAt\":{\"authorize_code\":\"2020-12-02T13:25:40.373536Z\"},\"Username\":\"\",\"Subject\":\"b4a5fa2b-c555-4c75-b20f-120de9e8bfa6\"},\"extra\":{},\"KID\":\"\",\"ClientID\":\"cells-frontend\",\"ConsentChallenge\":\"3c394d80d88b421e8a319dd05fdcc108\"}','b4a5fa2b-c555-4c75-b20f-120de9e8bfa6',1,'','','3c394d80d88b421e8a319dd05fdcc108'),('oghkySSvi1FqGGkLBOjMIo6U5N5JWDgY1efN5BRbNEQ.zuhZS45t_1IlYNNAdUFRVhBX3zWEzDQWwAe2zeiGPBY','722942af2d7a40dea77b84a7dc8ecf0b','2020-12-02 12:12:17','cells-frontend','','openid|profile|offline','','{\"idToken\":{\"Claims\":{\"JTI\":\"\",\"Issuer\":\"https://0.0.0.0:8080/oidc/\",\"Subject\":\"d94aba17-3f7d-4cf4-9e0e-ed4c12a4a71c\",\"Audience\":null,\"Nonce\":\"\",\"ExpiresAt\":\"0001-01-01T00:00:00Z\",\"IssuedAt\":\"2020-12-02T13:12:17.432113Z\",\"RequestedAt\":\"2020-12-02T13:12:17.432114Z\",\"AuthTime\":\"2020-12-02T13:12:17.432114Z\",\"AccessTokenHash\":\"\",\"AuthenticationContextClassReference\":\"\",\"CodeHash\":\"\",\"Extra\":{\"authSource\":\"Pydio Cells\",\"email\":\"\",\"name\":\"tests_admin\",\"sid\":\"5d91ff46-f78b-4828-bdcb-3259f471e7a1\"}},\"Headers\":{\"Extra\":{\"kid\":\"public:d66213b1-17c1-4f9e-835c-a7c63ad628b1\"}},\"ExpiresAt\":{\"authorize_code\":\"2020-12-02T13:22:17.432272Z\"},\"Username\":\"\",\"Subject\":\"d94aba17-3f7d-4cf4-9e0e-ed4c12a4a71c\"},\"extra\":{},\"KID\":\"\",\"ClientID\":\"cells-frontend\",\"ConsentChallenge\":\"722942af2d7a40dea77b84a7dc8ecf0b\"}','d94aba17-3f7d-4cf4-9e0e-ed4c12a4a71c',1,'','','722942af2d7a40dea77b84a7dc8ecf0b'),('OhZ83QZ8tLbPCsgGILbKWKAMPpadQWbXUhb5wdHZvJs.XJoovFIu_nhWsi7z_v3vD09YtFP7Ig5uWwEHt2hQG5A','642c4eda83454555a15a67347dce1834','2020-12-02 12:12:03','cells-frontend','','openid|profile|offline','','{\"idToken\":{\"Claims\":{\"JTI\":\"\",\"Issuer\":\"https://0.0.0.0:8080/oidc/\",\"Subject\":\"d94aba17-3f7d-4cf4-9e0e-ed4c12a4a71c\",\"Audience\":null,\"Nonce\":\"\",\"ExpiresAt\":\"0001-01-01T00:00:00Z\",\"IssuedAt\":\"2020-12-02T13:12:02.675052Z\",\"RequestedAt\":\"2020-12-02T13:12:02.675052Z\",\"AuthTime\":\"2020-12-02T13:12:02.675052Z\",\"AccessTokenHash\":\"\",\"AuthenticationContextClassReference\":\"\",\"CodeHash\":\"\",\"Extra\":{\"authSource\":\"Pydio Cells\",\"email\":\"\",\"name\":\"tests_admin\",\"sid\":\"bc337901-f371-4b00-ab5b-16cf2a50c5bd\"}},\"Headers\":{\"Extra\":{\"kid\":\"public:d66213b1-17c1-4f9e-835c-a7c63ad628b1\"}},\"ExpiresAt\":{\"authorize_code\":\"2020-12-02T13:22:02.675167Z\"},\"Username\":\"\",\"Subject\":\"d94aba17-3f7d-4cf4-9e0e-ed4c12a4a71c\"},\"extra\":{},\"KID\":\"\",\"ClientID\":\"cells-frontend\",\"ConsentChallenge\":\"642c4eda83454555a15a67347dce1834\"}','d94aba17-3f7d-4cf4-9e0e-ed4c12a4a71c',1,'','','642c4eda83454555a15a67347dce1834'),('oRUojEt0KSU-uhHqmwvUqn2K31y3lEeegRP9htsmwgA.rOK2tlIRFF8sPKgXAh36EWMsgBTS18lVpIDyDJFcEcg','ab2fa735e9f34f25ac8884734a1ebab7','2020-12-02 12:15:41','cells-frontend','','openid|profile|offline','','{\"idToken\":{\"Claims\":{\"JTI\":\"\",\"Issuer\":\"https://0.0.0.0:8080/oidc/\",\"Subject\":\"b4a5fa2b-c555-4c75-b20f-120de9e8bfa6\",\"Audience\":null,\"Nonce\":\"\",\"ExpiresAt\":\"0001-01-01T00:00:00Z\",\"IssuedAt\":\"2020-12-02T13:15:40.813762Z\",\"RequestedAt\":\"2020-12-02T13:15:40.813762Z\",\"AuthTime\":\"2020-12-02T13:15:40.813762Z\",\"AccessTokenHash\":\"\",\"AuthenticationContextClassReference\":\"\",\"CodeHash\":\"\",\"Extra\":{\"authSource\":\"Pydio Cells\",\"email\":\"\",\"name\":\"tests_rw_user\",\"sid\":\"b74aa6b7-f755-407c-8b0d-ab961b9c46b7\"}},\"Headers\":{\"Extra\":{\"kid\":\"public:d66213b1-17c1-4f9e-835c-a7c63ad628b1\"}},\"ExpiresAt\":{\"authorize_code\":\"2020-12-02T13:25:40.813886Z\"},\"Username\":\"\",\"Subject\":\"b4a5fa2b-c555-4c75-b20f-120de9e8bfa6\"},\"extra\":{},\"KID\":\"\",\"ClientID\":\"cells-frontend\",\"ConsentChallenge\":\"ab2fa735e9f34f25ac8884734a1ebab7\"}','b4a5fa2b-c555-4c75-b20f-120de9e8bfa6',1,'','','ab2fa735e9f34f25ac8884734a1ebab7'),('oyk04pRApQ87ZMJ_pQZCk3PYiIAQlsyXoO4iDr-hnqo.udRqB25ImBsUXqx3rQb0Fab7uAGp8CgUDdSy3upmq7Q','6bfbff482f2b419c80045bcadb9ec9d6','2020-12-02 12:15:52','cells-frontend','','openid|profile|offline','','{\"idToken\":{\"Claims\":{\"JTI\":\"\",\"Issuer\":\"https://0.0.0.0:8080/oidc/\",\"Subject\":\"d94aba17-3f7d-4cf4-9e0e-ed4c12a4a71c\",\"Audience\":null,\"Nonce\":\"\",\"ExpiresAt\":\"0001-01-01T00:00:00Z\",\"IssuedAt\":\"2020-12-02T13:15:51.858983Z\",\"RequestedAt\":\"2020-12-02T13:15:51.858984Z\",\"AuthTime\":\"2020-12-02T13:15:51.858984Z\",\"AccessTokenHash\":\"\",\"AuthenticationContextClassReference\":\"\",\"CodeHash\":\"\",\"Extra\":{\"authSource\":\"Pydio Cells\",\"email\":\"\",\"name\":\"tests_admin\",\"sid\":\"523c24f1-dd3f-43e9-9fc1-15a90494196b\"}},\"Headers\":{\"Extra\":{\"kid\":\"public:d66213b1-17c1-4f9e-835c-a7c63ad628b1\"}},\"ExpiresAt\":{\"authorize_code\":\"2020-12-02T13:25:51.859116Z\"},\"Username\":\"\",\"Subject\":\"d94aba17-3f7d-4cf4-9e0e-ed4c12a4a71c\"},\"extra\":{},\"KID\":\"\",\"ClientID\":\"cells-frontend\",\"ConsentChallenge\":\"6bfbff482f2b419c80045bcadb9ec9d6\"}','d94aba17-3f7d-4cf4-9e0e-ed4c12a4a71c',1,'','','6bfbff482f2b419c80045bcadb9ec9d6'),('PB6G9BL1Gmy-1gMS6DVgTB-4KLAn8AUf2WM8KVZJmoY.Q0T0WYZMJCv2vkJvUDf9UNw9L6AKNsajCMfh30ItVBY','1d0ec49cace54933949f7ae9153857eb','2020-12-02 12:12:19','cells-frontend','','openid|profile|offline','','{\"idToken\":{\"Claims\":{\"JTI\":\"\",\"Issuer\":\"https://0.0.0.0:8080/oidc/\",\"Subject\":\"d94aba17-3f7d-4cf4-9e0e-ed4c12a4a71c\",\"Audience\":null,\"Nonce\":\"\",\"ExpiresAt\":\"0001-01-01T00:00:00Z\",\"IssuedAt\":\"2020-12-02T13:12:19.206051Z\",\"RequestedAt\":\"2020-12-02T13:12:19.206052Z\",\"AuthTime\":\"2020-12-02T13:12:19.206052Z\",\"AccessTokenHash\":\"\",\"AuthenticationContextClassReference\":\"\",\"CodeHash\":\"\",\"Extra\":{\"authSource\":\"Pydio Cells\",\"email\":\"\",\"name\":\"tests_admin\",\"sid\":\"655eee3d-55ad-46b6-b241-979576f958b6\"}},\"Headers\":{\"Extra\":{\"kid\":\"public:d66213b1-17c1-4f9e-835c-a7c63ad628b1\"}},\"ExpiresAt\":{\"authorize_code\":\"2020-12-02T13:22:19.206161Z\"},\"Username\":\"\",\"Subject\":\"d94aba17-3f7d-4cf4-9e0e-ed4c12a4a71c\"},\"extra\":{},\"KID\":\"\",\"ClientID\":\"cells-frontend\",\"ConsentChallenge\":\"1d0ec49cace54933949f7ae9153857eb\"}','d94aba17-3f7d-4cf4-9e0e-ed4c12a4a71c',1,'','','1d0ec49cace54933949f7ae9153857eb'),('Q6cswtfhjpmnIJo9CL1t7NmkXLfgB458KLstywcbisc.7N303AcRyGB9iXFyxQ9h0KlSRgRiT71NHwA6Kv1pmXg','89ae66e4015a4ea08d3e484f8342e92d','2020-12-02 12:11:56','cells-frontend','','openid|profile|offline','','{\"idToken\":{\"Claims\":{\"JTI\":\"\",\"Issuer\":\"https://0.0.0.0:8080/oidc/\",\"Subject\":\"d94aba17-3f7d-4cf4-9e0e-ed4c12a4a71c\",\"Audience\":null,\"Nonce\":\"\",\"ExpiresAt\":\"0001-01-01T00:00:00Z\",\"IssuedAt\":\"2020-12-02T13:11:55.971178Z\",\"RequestedAt\":\"2020-12-02T13:11:55.971178Z\",\"AuthTime\":\"2020-12-02T13:11:55.971178Z\",\"AccessTokenHash\":\"\",\"AuthenticationContextClassReference\":\"\",\"CodeHash\":\"\",\"Extra\":{\"authSource\":\"Pydio Cells\",\"email\":\"\",\"name\":\"tests_admin\",\"sid\":\"decebfea-902f-47a6-bc65-006a222df2c3\"}},\"Headers\":{\"Extra\":{\"kid\":\"public:d66213b1-17c1-4f9e-835c-a7c63ad628b1\"}},\"ExpiresAt\":{\"authorize_code\":\"2020-12-02T13:21:55.971287Z\"},\"Username\":\"\",\"Subject\":\"d94aba17-3f7d-4cf4-9e0e-ed4c12a4a71c\"},\"extra\":{},\"KID\":\"\",\"ClientID\":\"cells-frontend\",\"ConsentChallenge\":\"89ae66e4015a4ea08d3e484f8342e92d\"}','d94aba17-3f7d-4cf4-9e0e-ed4c12a4a71c',1,'','','89ae66e4015a4ea08d3e484f8342e92d'),('QTS9_8TsOjsMM4fHpUv5IU_61-gN4ppdYd5AnsjTIi4.6J2hh6beZFoSRJ5TY8F3dwUhRRDeD0gm7wAB_mfEnM0','9c0c55739b23474191c8f369e10ddea7','2020-12-02 12:11:56','cells-frontend','','openid|profile|offline','','{\"idToken\":{\"Claims\":{\"JTI\":\"\",\"Issuer\":\"https://0.0.0.0:8080/oidc/\",\"Subject\":\"d94aba17-3f7d-4cf4-9e0e-ed4c12a4a71c\",\"Audience\":null,\"Nonce\":\"\",\"ExpiresAt\":\"0001-01-01T00:00:00Z\",\"IssuedAt\":\"2020-12-02T13:11:56.249564Z\",\"RequestedAt\":\"2020-12-02T13:11:56.249565Z\",\"AuthTime\":\"2020-12-02T13:11:56.249565Z\",\"AccessTokenHash\":\"\",\"AuthenticationContextClassReference\":\"\",\"CodeHash\":\"\",\"Extra\":{\"authSource\":\"Pydio Cells\",\"email\":\"\",\"name\":\"tests_admin\",\"sid\":\"ad68c870-f118-4a65-a56b-8ec745eb437d\"}},\"Headers\":{\"Extra\":{\"kid\":\"public:d66213b1-17c1-4f9e-835c-a7c63ad628b1\"}},\"ExpiresAt\":{\"authorize_code\":\"2020-12-02T13:21:56.249657Z\"},\"Username\":\"\",\"Subject\":\"d94aba17-3f7d-4cf4-9e0e-ed4c12a4a71c\"},\"extra\":{},\"KID\":\"\",\"ClientID\":\"cells-frontend\",\"ConsentChallenge\":\"9c0c55739b23474191c8f369e10ddea7\"}','d94aba17-3f7d-4cf4-9e0e-ed4c12a4a71c',1,'','','9c0c55739b23474191c8f369e10ddea7'),('tJNbdJeNu_5UbwbPBzwZXwup41N1PdAx2Mj6VLO9pEI.ZH7xsNANi2aH4lmiuQRssDMMsy5Pz-VyxnmTs92F800','7802c409540c40f897c32c3642676a51','2020-12-02 12:11:14','cells-frontend','','openid|profile|offline','','{\"idToken\":{\"Claims\":{\"JTI\":\"\",\"Issuer\":\"https://0.0.0.0:8080/oidc/\",\"Subject\":\"6645056e-6b73-4a69-9cbf-83f6bfaee074\",\"Audience\":null,\"Nonce\":\"\",\"ExpiresAt\":\"0001-01-01T00:00:00Z\",\"IssuedAt\":\"2020-12-02T13:11:14.102757Z\",\"RequestedAt\":\"2020-12-02T13:11:14.102757Z\",\"AuthTime\":\"2020-12-02T13:11:14.102757Z\",\"AccessTokenHash\":\"\",\"AuthenticationContextClassReference\":\"\",\"CodeHash\":\"\",\"Extra\":{\"authSource\":\"Pydio Cells\",\"email\":\"\",\"name\":\"admin\",\"sid\":\"67702e69-61f9-4517-9d4d-c5a113b54603\"}},\"Headers\":{\"Extra\":{\"kid\":\"public:d66213b1-17c1-4f9e-835c-a7c63ad628b1\"}},\"ExpiresAt\":{\"authorize_code\":\"2020-12-02T13:21:14.102845Z\"},\"Username\":\"\",\"Subject\":\"6645056e-6b73-4a69-9cbf-83f6bfaee074\"},\"extra\":{},\"KID\":\"\",\"ClientID\":\"cells-frontend\",\"ConsentChallenge\":\"7802c409540c40f897c32c3642676a51\"}','6645056e-6b73-4a69-9cbf-83f6bfaee074',1,'','','7802c409540c40f897c32c3642676a51'),('TRMsv03WSct79Gq7uvfDJeSuYfc8pdFgs7MVY4T70Ts.IGg8oop8WEaqtcd1KAUU19e7s1YnD2-NSrZlZ9xH2ns','3d05bd033e004837a884398dea69098f','2020-12-02 12:12:20','cells-frontend','','openid|profile|offline','','{\"idToken\":{\"Claims\":{\"JTI\":\"\",\"Issuer\":\"https://0.0.0.0:8080/oidc/\",\"Subject\":\"d94aba17-3f7d-4cf4-9e0e-ed4c12a4a71c\",\"Audience\":null,\"Nonce\":\"\",\"ExpiresAt\":\"0001-01-01T00:00:00Z\",\"IssuedAt\":\"2020-12-02T13:12:19.710434Z\",\"RequestedAt\":\"2020-12-02T13:12:19.710435Z\",\"AuthTime\":\"2020-12-02T13:12:19.710435Z\",\"AccessTokenHash\":\"\",\"AuthenticationContextClassReference\":\"\",\"CodeHash\":\"\",\"Extra\":{\"authSource\":\"Pydio Cells\",\"email\":\"\",\"name\":\"tests_admin\",\"sid\":\"aadb53c0-d013-49ae-acbe-189825e47aef\"}},\"Headers\":{\"Extra\":{\"kid\":\"public:d66213b1-17c1-4f9e-835c-a7c63ad628b1\"}},\"ExpiresAt\":{\"authorize_code\":\"2020-12-02T13:22:19.710536Z\"},\"Username\":\"\",\"Subject\":\"d94aba17-3f7d-4cf4-9e0e-ed4c12a4a71c\"},\"extra\":{},\"KID\":\"\",\"ClientID\":\"cells-frontend\",\"ConsentChallenge\":\"3d05bd033e004837a884398dea69098f\"}','d94aba17-3f7d-4cf4-9e0e-ed4c12a4a71c',1,'','','3d05bd033e004837a884398dea69098f'),('Ty5ygcfiaSHDPlSBRqbzarq5REbOL4t-oYaSur-GEVU.MtM5JGVhZLmby_znKPp3qwrsrMd96ezwiTlMctgyFK0','867a0e71bb21440db2b2ff701f27a987','2020-12-02 12:12:18','cells-frontend','','openid|profile|offline','','{\"idToken\":{\"Claims\":{\"JTI\":\"\",\"Issuer\":\"https://0.0.0.0:8080/oidc/\",\"Subject\":\"d94aba17-3f7d-4cf4-9e0e-ed4c12a4a71c\",\"Audience\":null,\"Nonce\":\"\",\"ExpiresAt\":\"0001-01-01T00:00:00Z\",\"IssuedAt\":\"2020-12-02T13:12:18.36045Z\",\"RequestedAt\":\"2020-12-02T13:12:18.36045Z\",\"AuthTime\":\"2020-12-02T13:12:18.36045Z\",\"AccessTokenHash\":\"\",\"AuthenticationContextClassReference\":\"\",\"CodeHash\":\"\",\"Extra\":{\"authSource\":\"Pydio Cells\",\"email\":\"\",\"name\":\"tests_admin\",\"sid\":\"25c73a96-e42e-4e6e-845e-76154658d9a2\"}},\"Headers\":{\"Extra\":{\"kid\":\"public:d66213b1-17c1-4f9e-835c-a7c63ad628b1\"}},\"ExpiresAt\":{\"authorize_code\":\"2020-12-02T13:22:18.360544Z\"},\"Username\":\"\",\"Subject\":\"d94aba17-3f7d-4cf4-9e0e-ed4c12a4a71c\"},\"extra\":{},\"KID\":\"\",\"ClientID\":\"cells-frontend\",\"ConsentChallenge\":\"867a0e71bb21440db2b2ff701f27a987\"}','d94aba17-3f7d-4cf4-9e0e-ed4c12a4a71c',1,'','','867a0e71bb21440db2b2ff701f27a987'),('U1gTCo7vMNApOnuwtMnkmixfWn2ScRsSWYXrIZilp1M.Lf8Iq8OmMha62PocunP3yfCATPMaYIGp0WlVerVqHfE','733d7f2272154a79a79aeed60d783bfd','2020-12-02 12:15:39','cells-frontend','','openid|profile|offline','','{\"idToken\":{\"Claims\":{\"JTI\":\"\",\"Issuer\":\"https://0.0.0.0:8080/oidc/\",\"Subject\":\"d94aba17-3f7d-4cf4-9e0e-ed4c12a4a71c\",\"Audience\":null,\"Nonce\":\"\",\"ExpiresAt\":\"0001-01-01T00:00:00Z\",\"IssuedAt\":\"2020-12-02T13:15:39.366888Z\",\"RequestedAt\":\"2020-12-02T13:15:39.366889Z\",\"AuthTime\":\"2020-12-02T13:15:39.366888Z\",\"AccessTokenHash\":\"\",\"AuthenticationContextClassReference\":\"\",\"CodeHash\":\"\",\"Extra\":{\"authSource\":\"Pydio Cells\",\"email\":\"\",\"name\":\"tests_admin\",\"sid\":\"7b57cb64-7328-4c27-bc8b-bddc7a6d44f9\"}},\"Headers\":{\"Extra\":{\"kid\":\"public:d66213b1-17c1-4f9e-835c-a7c63ad628b1\"}},\"ExpiresAt\":{\"authorize_code\":\"2020-12-02T13:25:39.367001Z\"},\"Username\":\"\",\"Subject\":\"d94aba17-3f7d-4cf4-9e0e-ed4c12a4a71c\"},\"extra\":{},\"KID\":\"\",\"ClientID\":\"cells-frontend\",\"ConsentChallenge\":\"733d7f2272154a79a79aeed60d783bfd\"}','d94aba17-3f7d-4cf4-9e0e-ed4c12a4a71c',1,'','','733d7f2272154a79a79aeed60d783bfd'),('Udz2AEvt_C_mxAxkX_wB1hOqjp4G2MN7DbLMxqRdX7I.9h9cnCH2h12qsZLOewM338vqfo3lkiVZK_lXf5oJwJA','1e06d92b44764ce0830b9617894a68d2','2020-12-02 12:11:57','cells-frontend','','openid|profile|offline','','{\"idToken\":{\"Claims\":{\"JTI\":\"\",\"Issuer\":\"https://0.0.0.0:8080/oidc/\",\"Subject\":\"d94aba17-3f7d-4cf4-9e0e-ed4c12a4a71c\",\"Audience\":null,\"Nonce\":\"\",\"ExpiresAt\":\"0001-01-01T00:00:00Z\",\"IssuedAt\":\"2020-12-02T13:11:57.278753Z\",\"RequestedAt\":\"2020-12-02T13:11:57.278754Z\",\"AuthTime\":\"2020-12-02T13:11:57.278753Z\",\"AccessTokenHash\":\"\",\"AuthenticationContextClassReference\":\"\",\"CodeHash\":\"\",\"Extra\":{\"authSource\":\"Pydio Cells\",\"email\":\"\",\"name\":\"tests_admin\",\"sid\":\"e1e66a6d-1ff4-4541-beaa-af343d0022ee\"}},\"Headers\":{\"Extra\":{\"kid\":\"public:d66213b1-17c1-4f9e-835c-a7c63ad628b1\"}},\"ExpiresAt\":{\"authorize_code\":\"2020-12-02T13:21:57.278839Z\"},\"Username\":\"\",\"Subject\":\"d94aba17-3f7d-4cf4-9e0e-ed4c12a4a71c\"},\"extra\":{},\"KID\":\"\",\"ClientID\":\"cells-frontend\",\"ConsentChallenge\":\"1e06d92b44764ce0830b9617894a68d2\"}','d94aba17-3f7d-4cf4-9e0e-ed4c12a4a71c',1,'','','1e06d92b44764ce0830b9617894a68d2'),('UW65lYwqvKnpRk4SajIl9hE2exfwKziPfH2-gjlZDrs.TCnHqDEp68yjITAQIMB12eV3RJRGTKqPQlSr6PUqf-s','8e8ca3c16edf4575ad08da89ad6eeb98','2020-12-02 12:15:41','cells-frontend','','openid|profile|offline','','{\"idToken\":{\"Claims\":{\"JTI\":\"\",\"Issuer\":\"https://0.0.0.0:8080/oidc/\",\"Subject\":\"b4a5fa2b-c555-4c75-b20f-120de9e8bfa6\",\"Audience\":null,\"Nonce\":\"\",\"ExpiresAt\":\"0001-01-01T00:00:00Z\",\"IssuedAt\":\"2020-12-02T13:15:41.442135Z\",\"RequestedAt\":\"2020-12-02T13:15:41.442135Z\",\"AuthTime\":\"2020-12-02T13:15:41.442135Z\",\"AccessTokenHash\":\"\",\"AuthenticationContextClassReference\":\"\",\"CodeHash\":\"\",\"Extra\":{\"authSource\":\"Pydio Cells\",\"email\":\"\",\"name\":\"tests_rw_user\",\"sid\":\"7b066663-d2b5-4a3f-8b43-b34e633da954\"}},\"Headers\":{\"Extra\":{\"kid\":\"public:d66213b1-17c1-4f9e-835c-a7c63ad628b1\"}},\"ExpiresAt\":{\"authorize_code\":\"2020-12-02T13:25:41.442222Z\"},\"Username\":\"\",\"Subject\":\"b4a5fa2b-c555-4c75-b20f-120de9e8bfa6\"},\"extra\":{},\"KID\":\"\",\"ClientID\":\"cells-frontend\",\"ConsentChallenge\":\"8e8ca3c16edf4575ad08da89ad6eeb98\"}','b4a5fa2b-c555-4c75-b20f-120de9e8bfa6',1,'','','8e8ca3c16edf4575ad08da89ad6eeb98'),('v7FVRjng5GWQLWiOH82xQNsxlpwMg9I-UjuQWNObkXw.hSbzltgViHOjl8QaVSafCRyXI-ZIkwMgd70w8JKghaM','db3df18938974a41a6bfca4274bdbeb3','2020-12-02 12:15:41','cells-frontend','','openid|profile|offline','','{\"idToken\":{\"Claims\":{\"JTI\":\"\",\"Issuer\":\"https://0.0.0.0:8080/oidc/\",\"Subject\":\"d94aba17-3f7d-4cf4-9e0e-ed4c12a4a71c\",\"Audience\":null,\"Nonce\":\"\",\"ExpiresAt\":\"0001-01-01T00:00:00Z\",\"IssuedAt\":\"2020-12-02T13:15:40.594636Z\",\"RequestedAt\":\"2020-12-02T13:15:40.594637Z\",\"AuthTime\":\"2020-12-02T13:15:40.594637Z\",\"AccessTokenHash\":\"\",\"AuthenticationContextClassReference\":\"\",\"CodeHash\":\"\",\"Extra\":{\"authSource\":\"Pydio Cells\",\"email\":\"\",\"name\":\"tests_admin\",\"sid\":\"a2601d07-4ac0-475a-8f65-ca5bea9efc0c\"}},\"Headers\":{\"Extra\":{\"kid\":\"public:d66213b1-17c1-4f9e-835c-a7c63ad628b1\"}},\"ExpiresAt\":{\"authorize_code\":\"2020-12-02T13:25:40.594753Z\"},\"Username\":\"\",\"Subject\":\"d94aba17-3f7d-4cf4-9e0e-ed4c12a4a71c\"},\"extra\":{},\"KID\":\"\",\"ClientID\":\"cells-frontend\",\"ConsentChallenge\":\"db3df18938974a41a6bfca4274bdbeb3\"}','d94aba17-3f7d-4cf4-9e0e-ed4c12a4a71c',1,'','','db3df18938974a41a6bfca4274bdbeb3'),('VQYEpWA8TCl2qBAiASXiNvE_jkoQDsoj_nREARi_fXQ.5IdijtRDmCUPQ9vi4O2AAqbMFSG0OilgRNvdq-8cRis','ae14f2eae88e47f6be0e0ad8b9e6969d','2020-12-02 12:15:35','cells-frontend','','openid|profile|offline','','{\"idToken\":{\"Claims\":{\"JTI\":\"\",\"Issuer\":\"https://0.0.0.0:8080/oidc/\",\"Subject\":\"d94aba17-3f7d-4cf4-9e0e-ed4c12a4a71c\",\"Audience\":null,\"Nonce\":\"\",\"ExpiresAt\":\"0001-01-01T00:00:00Z\",\"IssuedAt\":\"2020-12-02T13:15:35.442841Z\",\"RequestedAt\":\"2020-12-02T13:15:35.442842Z\",\"AuthTime\":\"2020-12-02T13:15:35.442841Z\",\"AccessTokenHash\":\"\",\"AuthenticationContextClassReference\":\"\",\"CodeHash\":\"\",\"Extra\":{\"authSource\":\"Pydio Cells\",\"email\":\"\",\"name\":\"tests_admin\",\"sid\":\"9001ba79-2061-4415-b63b-fb80929fb1c2\"}},\"Headers\":{\"Extra\":{\"kid\":\"public:d66213b1-17c1-4f9e-835c-a7c63ad628b1\"}},\"ExpiresAt\":{\"authorize_code\":\"2020-12-02T13:25:35.442929Z\"},\"Username\":\"\",\"Subject\":\"d94aba17-3f7d-4cf4-9e0e-ed4c12a4a71c\"},\"extra\":{},\"KID\":\"\",\"ClientID\":\"cells-frontend\",\"ConsentChallenge\":\"ae14f2eae88e47f6be0e0ad8b9e6969d\"}','d94aba17-3f7d-4cf4-9e0e-ed4c12a4a71c',1,'','','ae14f2eae88e47f6be0e0ad8b9e6969d'),('wI1Q7IGeDXVLEq4VkplmMHbzAFwrOR8j7ust05NOI9Y.ZW21K7Uo39RLmSkK9bAfGabYhSj7JM_5kk7uMDV6auw','c621b9ff970249a981d188364ef6aef6','2020-12-02 12:11:55','cells-frontend','','openid|profile|offline','','{\"idToken\":{\"Claims\":{\"JTI\":\"\",\"Issuer\":\"https://0.0.0.0:8080/oidc/\",\"Subject\":\"d94aba17-3f7d-4cf4-9e0e-ed4c12a4a71c\",\"Audience\":null,\"Nonce\":\"\",\"ExpiresAt\":\"0001-01-01T00:00:00Z\",\"IssuedAt\":\"2020-12-02T13:11:54.610808Z\",\"RequestedAt\":\"2020-12-02T13:11:54.610809Z\",\"AuthTime\":\"2020-12-02T13:11:54.610809Z\",\"AccessTokenHash\":\"\",\"AuthenticationContextClassReference\":\"\",\"CodeHash\":\"\",\"Extra\":{\"authSource\":\"Pydio Cells\",\"email\":\"\",\"name\":\"tests_admin\",\"sid\":\"ea478009-e157-4a0d-aa0e-802262ad9829\"}},\"Headers\":{\"Extra\":{\"kid\":\"public:d66213b1-17c1-4f9e-835c-a7c63ad628b1\"}},\"ExpiresAt\":{\"authorize_code\":\"2020-12-02T13:21:54.610969Z\"},\"Username\":\"\",\"Subject\":\"d94aba17-3f7d-4cf4-9e0e-ed4c12a4a71c\"},\"extra\":{},\"KID\":\"\",\"ClientID\":\"cells-frontend\",\"ConsentChallenge\":\"c621b9ff970249a981d188364ef6aef6\"}','d94aba17-3f7d-4cf4-9e0e-ed4c12a4a71c',1,'','','c621b9ff970249a981d188364ef6aef6'),('xE2vi1o2rTca7cSkaYoLhSAzcsP5Jh-c7vzZT1ODWVM.NdpJXiX-z0KVI5qauMyFuuZZh5_JCHayx5_l_Hp6xVM','9c1cc853f1324f4091443f843f10627a','2020-12-02 12:15:35','cells-frontend','','openid|profile|offline','','{\"idToken\":{\"Claims\":{\"JTI\":\"\",\"Issuer\":\"https://0.0.0.0:8080/oidc/\",\"Subject\":\"d94aba17-3f7d-4cf4-9e0e-ed4c12a4a71c\",\"Audience\":null,\"Nonce\":\"\",\"ExpiresAt\":\"0001-01-01T00:00:00Z\",\"IssuedAt\":\"2020-12-02T13:15:35.045634Z\",\"RequestedAt\":\"2020-12-02T13:15:35.045634Z\",\"AuthTime\":\"2020-12-02T13:15:35.045634Z\",\"AccessTokenHash\":\"\",\"AuthenticationContextClassReference\":\"\",\"CodeHash\":\"\",\"Extra\":{\"authSource\":\"Pydio Cells\",\"email\":\"\",\"name\":\"tests_admin\",\"sid\":\"179ca662-4250-4bb9-9eb6-36ce0d5502f7\"}},\"Headers\":{\"Extra\":{\"kid\":\"public:d66213b1-17c1-4f9e-835c-a7c63ad628b1\"}},\"ExpiresAt\":{\"authorize_code\":\"2020-12-02T13:25:35.045719Z\"},\"Username\":\"\",\"Subject\":\"d94aba17-3f7d-4cf4-9e0e-ed4c12a4a71c\"},\"extra\":{},\"KID\":\"\",\"ClientID\":\"cells-frontend\",\"ConsentChallenge\":\"9c1cc853f1324f4091443f843f10627a\"}','d94aba17-3f7d-4cf4-9e0e-ed4c12a4a71c',1,'','','9c1cc853f1324f4091443f843f10627a'),('Xyk99rzc0gp3gyWU9K_MtOQrwVm3n7P3g0ZC_w3RzLk.XZZTfTFTxljfEfKQktkLwnLuA-6uyf7Us6Z9L9mKW2k','6dd3a41c412f41eb8d26165f8271b795','2020-12-02 12:12:19','cells-frontend','','openid|profile|offline','','{\"idToken\":{\"Claims\":{\"JTI\":\"\",\"Issuer\":\"https://0.0.0.0:8080/oidc/\",\"Subject\":\"d94aba17-3f7d-4cf4-9e0e-ed4c12a4a71c\",\"Audience\":null,\"Nonce\":\"\",\"ExpiresAt\":\"0001-01-01T00:00:00Z\",\"IssuedAt\":\"2020-12-02T13:12:19.450209Z\",\"RequestedAt\":\"2020-12-02T13:12:19.45021Z\",\"AuthTime\":\"2020-12-02T13:12:19.45021Z\",\"AccessTokenHash\":\"\",\"AuthenticationContextClassReference\":\"\",\"CodeHash\":\"\",\"Extra\":{\"authSource\":\"Pydio Cells\",\"email\":\"\",\"name\":\"tests_admin\",\"sid\":\"ed6675cd-ced4-453c-ab2b-15a9770a93a1\"}},\"Headers\":{\"Extra\":{\"kid\":\"public:d66213b1-17c1-4f9e-835c-a7c63ad628b1\"}},\"ExpiresAt\":{\"authorize_code\":\"2020-12-02T13:22:19.450309Z\"},\"Username\":\"\",\"Subject\":\"d94aba17-3f7d-4cf4-9e0e-ed4c12a4a71c\"},\"extra\":{},\"KID\":\"\",\"ClientID\":\"cells-frontend\",\"ConsentChallenge\":\"6dd3a41c412f41eb8d26165f8271b795\"}','d94aba17-3f7d-4cf4-9e0e-ed4c12a4a71c',1,'','','6dd3a41c412f41eb8d26165f8271b795'),('XZw69_xxManhHuCokiTpOpbWItio57raCoDyz3XY4Ic.BAK3Ci6rAgbhYfvdL7ZFrpgXmnv-94e6XPRxsK-Ox78','bab62e4531dc46d8b2aa30b33e8fd784','2020-12-02 12:15:41','cells-frontend','','openid|profile|offline','','{\"idToken\":{\"Claims\":{\"JTI\":\"\",\"Issuer\":\"https://0.0.0.0:8080/oidc/\",\"Subject\":\"b4a5fa2b-c555-4c75-b20f-120de9e8bfa6\",\"Audience\":null,\"Nonce\":\"\",\"ExpiresAt\":\"0001-01-01T00:00:00Z\",\"IssuedAt\":\"2020-12-02T13:15:40.82295Z\",\"RequestedAt\":\"2020-12-02T13:15:40.82295Z\",\"AuthTime\":\"2020-12-02T13:15:40.82295Z\",\"AccessTokenHash\":\"\",\"AuthenticationContextClassReference\":\"\",\"CodeHash\":\"\",\"Extra\":{\"authSource\":\"Pydio Cells\",\"email\":\"\",\"name\":\"tests_rw_user\",\"sid\":\"3f82b34d-200e-4354-8298-1121df144d5e\"}},\"Headers\":{\"Extra\":{\"kid\":\"public:d66213b1-17c1-4f9e-835c-a7c63ad628b1\"}},\"ExpiresAt\":{\"authorize_code\":\"2020-12-02T13:25:40.823065Z\"},\"Username\":\"\",\"Subject\":\"b4a5fa2b-c555-4c75-b20f-120de9e8bfa6\"},\"extra\":{},\"KID\":\"\",\"ClientID\":\"cells-frontend\",\"ConsentChallenge\":\"bab62e4531dc46d8b2aa30b33e8fd784\"}','b4a5fa2b-c555-4c75-b20f-120de9e8bfa6',1,'','','bab62e4531dc46d8b2aa30b33e8fd784'),('Y3F1KcMvQybZ9upwq2d0VE57XYsTJ6UT7Ka3mpUv4ms.xJW-kg0j_ysut23UsTm3-8GePZXa2t9V3px5ZGT8cuQ','565b8970fdac412e80c0b754936ba4b1','2020-12-02 12:15:39','cells-frontend','','openid|profile|offline','','{\"idToken\":{\"Claims\":{\"JTI\":\"\",\"Issuer\":\"https://0.0.0.0:8080/oidc/\",\"Subject\":\"d94aba17-3f7d-4cf4-9e0e-ed4c12a4a71c\",\"Audience\":null,\"Nonce\":\"\",\"ExpiresAt\":\"0001-01-01T00:00:00Z\",\"IssuedAt\":\"2020-12-02T13:15:39.365399Z\",\"RequestedAt\":\"2020-12-02T13:15:39.3654Z\",\"AuthTime\":\"2020-12-02T13:15:39.365399Z\",\"AccessTokenHash\":\"\",\"AuthenticationContextClassReference\":\"\",\"CodeHash\":\"\",\"Extra\":{\"authSource\":\"Pydio Cells\",\"email\":\"\",\"name\":\"tests_admin\",\"sid\":\"83cc29d6-63d8-44a7-b74b-a2cc77d61dfe\"}},\"Headers\":{\"Extra\":{\"kid\":\"public:d66213b1-17c1-4f9e-835c-a7c63ad628b1\"}},\"ExpiresAt\":{\"authorize_code\":\"2020-12-02T13:25:39.36552Z\"},\"Username\":\"\",\"Subject\":\"d94aba17-3f7d-4cf4-9e0e-ed4c12a4a71c\"},\"extra\":{},\"KID\":\"\",\"ClientID\":\"cells-frontend\",\"ConsentChallenge\":\"565b8970fdac412e80c0b754936ba4b1\"}','d94aba17-3f7d-4cf4-9e0e-ed4c12a4a71c',1,'','','565b8970fdac412e80c0b754936ba4b1'),('y3JDAYDAEZ3cGPnqEzZdHNY8n5_kp6zAFtc5UVBDcU8.ue2AgoVeg979Q50J_c77Zu9WHulYz40FQV2b3KWpUqM','df1d1e6970ff4868968a12cfc49228c4','2020-12-02 12:15:40','cells-frontend','','openid|profile|offline','','{\"idToken\":{\"Claims\":{\"JTI\":\"\",\"Issuer\":\"https://0.0.0.0:8080/oidc/\",\"Subject\":\"d94aba17-3f7d-4cf4-9e0e-ed4c12a4a71c\",\"Audience\":null,\"Nonce\":\"\",\"ExpiresAt\":\"0001-01-01T00:00:00Z\",\"IssuedAt\":\"2020-12-02T13:15:39.806306Z\",\"RequestedAt\":\"2020-12-02T13:15:39.806306Z\",\"AuthTime\":\"2020-12-02T13:15:39.806306Z\",\"AccessTokenHash\":\"\",\"AuthenticationContextClassReference\":\"\",\"CodeHash\":\"\",\"Extra\":{\"authSource\":\"Pydio Cells\",\"email\":\"\",\"name\":\"tests_admin\",\"sid\":\"780cd3ca-5beb-4c49-9eeb-0379256a774d\"}},\"Headers\":{\"Extra\":{\"kid\":\"public:d66213b1-17c1-4f9e-835c-a7c63ad628b1\"}},\"ExpiresAt\":{\"authorize_code\":\"2020-12-02T13:25:39.80643Z\"},\"Username\":\"\",\"Subject\":\"d94aba17-3f7d-4cf4-9e0e-ed4c12a4a71c\"},\"extra\":{},\"KID\":\"\",\"ClientID\":\"cells-frontend\",\"ConsentChallenge\":\"df1d1e6970ff4868968a12cfc49228c4\"}','d94aba17-3f7d-4cf4-9e0e-ed4c12a4a71c',1,'','','df1d1e6970ff4868968a12cfc49228c4'),('Ym4nVBLQwJqGO-yavOd8TYZ8Z-YpAYBYS-0Qlr6zXGI.UQZhro0j4smQLpsJztL4oCU0RGY9ly2ped_n7pNnsVw','743705ab0b114a3bbff459c1c0362efc','2020-12-02 12:15:40','cells-frontend','','openid|profile|offline','','{\"idToken\":{\"Claims\":{\"JTI\":\"\",\"Issuer\":\"https://0.0.0.0:8080/oidc/\",\"Subject\":\"b4a5fa2b-c555-4c75-b20f-120de9e8bfa6\",\"Audience\":null,\"Nonce\":\"\",\"ExpiresAt\":\"0001-01-01T00:00:00Z\",\"IssuedAt\":\"2020-12-02T13:15:40.375437Z\",\"RequestedAt\":\"2020-12-02T13:15:40.375438Z\",\"AuthTime\":\"2020-12-02T13:15:40.375438Z\",\"AccessTokenHash\":\"\",\"AuthenticationContextClassReference\":\"\",\"CodeHash\":\"\",\"Extra\":{\"authSource\":\"Pydio Cells\",\"email\":\"\",\"name\":\"tests_rw_user\",\"sid\":\"b1629262-e646-45f7-b3b7-7ec8fbe62558\"}},\"Headers\":{\"Extra\":{\"kid\":\"public:d66213b1-17c1-4f9e-835c-a7c63ad628b1\"}},\"ExpiresAt\":{\"authorize_code\":\"2020-12-02T13:25:40.375566Z\"},\"Username\":\"\",\"Subject\":\"b4a5fa2b-c555-4c75-b20f-120de9e8bfa6\"},\"extra\":{},\"KID\":\"\",\"ClientID\":\"cells-frontend\",\"ConsentChallenge\":\"743705ab0b114a3bbff459c1c0362efc\"}','b4a5fa2b-c555-4c75-b20f-120de9e8bfa6',1,'','','743705ab0b114a3bbff459c1c0362efc'),('z0HPlA4AFWmdw9pmDfEsYfGcbzLMfkPr0UpPXxDTnoI.ieURHoLTlU-mOL_6GH0PFWJXqoUb_v9gDUvs-ACPXDw','366535ed5f7e443d95c78ea0da4916de','2020-12-02 12:12:20','cells-frontend','','openid|profile|offline','','{\"idToken\":{\"Claims\":{\"JTI\":\"\",\"Issuer\":\"https://0.0.0.0:8080/oidc/\",\"Subject\":\"d94aba17-3f7d-4cf4-9e0e-ed4c12a4a71c\",\"Audience\":null,\"Nonce\":\"\",\"ExpiresAt\":\"0001-01-01T00:00:00Z\",\"IssuedAt\":\"2020-12-02T13:12:19.960841Z\",\"RequestedAt\":\"2020-12-02T13:12:19.960842Z\",\"AuthTime\":\"2020-12-02T13:12:19.960842Z\",\"AccessTokenHash\":\"\",\"AuthenticationContextClassReference\":\"\",\"CodeHash\":\"\",\"Extra\":{\"authSource\":\"Pydio Cells\",\"email\":\"\",\"name\":\"tests_admin\",\"sid\":\"4baa422e-1489-460d-ae48-2bbe2055c69e\"}},\"Headers\":{\"Extra\":{\"kid\":\"public:d66213b1-17c1-4f9e-835c-a7c63ad628b1\"}},\"ExpiresAt\":{\"authorize_code\":\"2020-12-02T13:22:19.960938Z\"},\"Username\":\"\",\"Subject\":\"d94aba17-3f7d-4cf4-9e0e-ed4c12a4a71c\"},\"extra\":{},\"KID\":\"\",\"ClientID\":\"cells-frontend\",\"ConsentChallenge\":\"366535ed5f7e443d95c78ea0da4916de\"}','d94aba17-3f7d-4cf4-9e0e-ed4c12a4a71c',1,'','','366535ed5f7e443d95c78ea0da4916de'),('Z5pjPtMs8rw1ItPBG6tEAA0bZrn0Lym_B5SbTrBZxg4.tcni_xF8ZaApbJomAQ-ozKOt_QII9M9LEuxBY_ihsGs','ed0b11ce9bb1427283925772ea39a916','2020-12-02 12:15:39','cells-frontend','','openid|profile|offline','','{\"idToken\":{\"Claims\":{\"JTI\":\"\",\"Issuer\":\"https://0.0.0.0:8080/oidc/\",\"Subject\":\"d94aba17-3f7d-4cf4-9e0e-ed4c12a4a71c\",\"Audience\":null,\"Nonce\":\"\",\"ExpiresAt\":\"0001-01-01T00:00:00Z\",\"IssuedAt\":\"2020-12-02T13:15:39.365119Z\",\"RequestedAt\":\"2020-12-02T13:15:39.36512Z\",\"AuthTime\":\"2020-12-02T13:15:39.36512Z\",\"AccessTokenHash\":\"\",\"AuthenticationContextClassReference\":\"\",\"CodeHash\":\"\",\"Extra\":{\"authSource\":\"Pydio Cells\",\"email\":\"\",\"name\":\"tests_admin\",\"sid\":\"cee8c1c0-5548-4a38-a2d5-a978adba429e\"}},\"Headers\":{\"Extra\":{\"kid\":\"public:d66213b1-17c1-4f9e-835c-a7c63ad628b1\"}},\"ExpiresAt\":{\"authorize_code\":\"2020-12-02T13:25:39.36525Z\"},\"Username\":\"\",\"Subject\":\"d94aba17-3f7d-4cf4-9e0e-ed4c12a4a71c\"},\"extra\":{},\"KID\":\"\",\"ClientID\":\"cells-frontend\",\"ConsentChallenge\":\"ed0b11ce9bb1427283925772ea39a916\"}','d94aba17-3f7d-4cf4-9e0e-ed4c12a4a71c',1,'','','ed0b11ce9bb1427283925772ea39a916');
/*!40000 ALTER TABLE `hydra_oauth2_oidc` ENABLE KEYS */;
UNLOCK TABLES;

--
-- Table structure for table `hydra_oauth2_pkce`
--

DROP TABLE IF EXISTS `hydra_oauth2_pkce`;
/*!40101 SET @saved_cs_client     = @@character_set_client */;
/*!50503 SET character_set_client = utf8mb4 */;
CREATE TABLE `hydra_oauth2_pkce` (
  `signature` varchar(255) NOT NULL,
  `request_id` varchar(40) NOT NULL DEFAULT '',
  `requested_at` timestamp NOT NULL DEFAULT CURRENT_TIMESTAMP,
  `client_id` varchar(255) NOT NULL DEFAULT '',
  `scope` text NOT NULL,
  `granted_scope` text NOT NULL,
  `form_data` text NOT NULL,
  `session_data` text NOT NULL,
  `subject` varchar(255) NOT NULL,
  `active` tinyint(1) NOT NULL DEFAULT '1',
  `requested_audience` text NOT NULL,
  `granted_audience` text NOT NULL,
  `challenge_id` varchar(40) DEFAULT NULL,
  PRIMARY KEY (`signature`),
  KEY `hydra_oauth2_pkce_client_id_idx` (`client_id`),
  KEY `hydra_oauth2_pkce_challenge_id_fk` (`challenge_id`),
  CONSTRAINT `hydra_oauth2_pkce_challenge_id_fk` FOREIGN KEY (`challenge_id`) REFERENCES `hydra_oauth2_consent_request_handled` (`challenge`) ON DELETE CASCADE,
  CONSTRAINT `hydra_oauth2_pkce_client_id_fk` FOREIGN KEY (`client_id`) REFERENCES `hydra_client` (`id`) ON DELETE CASCADE
) ENGINE=InnoDB DEFAULT CHARSET=utf8mb4 COLLATE=utf8mb4_0900_ai_ci;
/*!40101 SET character_set_client = @saved_cs_client */;

--
-- Dumping data for table `hydra_oauth2_pkce`
--

LOCK TABLES `hydra_oauth2_pkce` WRITE;
/*!40000 ALTER TABLE `hydra_oauth2_pkce` DISABLE KEYS */;
/*!40000 ALTER TABLE `hydra_oauth2_pkce` ENABLE KEYS */;
UNLOCK TABLES;

--
-- Table structure for table `hydra_oauth2_refresh`
--

DROP TABLE IF EXISTS `hydra_oauth2_refresh`;
/*!40101 SET @saved_cs_client     = @@character_set_client */;
/*!50503 SET character_set_client = utf8mb4 */;
CREATE TABLE `hydra_oauth2_refresh` (
  `signature` varchar(255) NOT NULL,
  `request_id` varchar(40) NOT NULL DEFAULT '',
  `requested_at` timestamp NOT NULL DEFAULT CURRENT_TIMESTAMP,
  `client_id` varchar(255) NOT NULL DEFAULT '',
  `scope` text NOT NULL,
  `granted_scope` text NOT NULL,
  `form_data` text NOT NULL,
  `session_data` text NOT NULL,
  `subject` varchar(255) NOT NULL DEFAULT '',
  `active` tinyint(1) NOT NULL DEFAULT '1',
  `requested_audience` text NOT NULL,
  `granted_audience` text NOT NULL,
  `challenge_id` varchar(40) DEFAULT NULL,
  PRIMARY KEY (`signature`),
  UNIQUE KEY `hydra_oauth2_refresh_request_id_idx` (`request_id`),
  KEY `hydra_oauth2_refresh_client_id_idx` (`client_id`),
  KEY `hydra_oauth2_refresh_challenge_id_fk` (`challenge_id`),
  CONSTRAINT `hydra_oauth2_refresh_challenge_id_fk` FOREIGN KEY (`challenge_id`) REFERENCES `hydra_oauth2_consent_request_handled` (`challenge`) ON DELETE CASCADE,
  CONSTRAINT `hydra_oauth2_refresh_client_id_fk` FOREIGN KEY (`client_id`) REFERENCES `hydra_client` (`id`) ON DELETE CASCADE
) ENGINE=InnoDB DEFAULT CHARSET=utf8mb4 COLLATE=utf8mb4_0900_ai_ci;
/*!40101 SET character_set_client = @saved_cs_client */;

--
-- Dumping data for table `hydra_oauth2_refresh`
--

LOCK TABLES `hydra_oauth2_refresh` WRITE;
/*!40000 ALTER TABLE `hydra_oauth2_refresh` DISABLE KEYS */;
INSERT INTO `hydra_oauth2_refresh` VALUES ('sPbD-aYuOZGu-ZNVXuPt5yiffi8R3twfHAV4WrXK9bw','2a26c852000c42449e7b6f9609ad2b47','2020-12-03 07:42:08','cells-client','','openid|email|profile|pydio|offline','','{\"idToken\":{\"Claims\":{\"JTI\":\"\",\"Issuer\":\"https://0.0.0.0:8080/oidc/\",\"Subject\":\"6645056e-6b73-4a69-9cbf-83f6bfaee074\",\"Audience\":null,\"Nonce\":\"\",\"ExpiresAt\":\"0001-01-01T00:00:00Z\",\"IssuedAt\":\"2020-12-03T08:42:06.903943Z\",\"RequestedAt\":\"2020-12-03T08:42:06.903944Z\",\"AuthTime\":\"2020-12-03T08:42:06.903944Z\",\"AccessTokenHash\":\"\",\"AuthenticationContextClassReference\":\"\",\"CodeHash\":\"\",\"Extra\":{\"authSource\":\"Pydio Cells\",\"email\":\"\",\"name\":\"admin\",\"sid\":\"b49ae713-2dc2-4d55-aae8-c0ad82ce85b1\"}},\"Headers\":{\"Extra\":{\"kid\":\"public:d66213b1-17c1-4f9e-835c-a7c63ad628b1\"}},\"ExpiresAt\":{\"access_token\":\"2020-12-03T08:52:08Z\",\"authorize_code\":\"2020-12-03T08:52:06.904055Z\",\"refresh_token\":\"2021-02-01T08:42:08Z\"},\"Username\":\"\",\"Subject\":\"6645056e-6b73-4a69-9cbf-83f6bfaee074\"},\"extra\":{},\"KID\":\"\",\"ClientID\":\"cells-client\",\"ConsentChallenge\":\"2a26c852000c42449e7b6f9609ad2b47\"}','6645056e-6b73-4a69-9cbf-83f6bfaee074',1,'','','2a26c852000c42449e7b6f9609ad2b47'),('UfV4oYHjI-YhNO4TaL5TqaHDWcuBq34o2onoTmtr8bw','8da530dfdfbd480b86e99a46122a6ed7','2020-12-04 07:30:21','cells-frontend','','openid|profile|offline','','{\"idToken\":{\"Claims\":{\"JTI\":\"\",\"Issuer\":\"https://0.0.0.0:8080/oidc/\",\"Subject\":\"6645056e-6b73-4a69-9cbf-83f6bfaee074\",\"Audience\":null,\"Nonce\":\"\",\"ExpiresAt\":\"0001-01-01T00:00:00Z\",\"IssuedAt\":\"2020-12-04T08:30:21.266285Z\",\"RequestedAt\":\"2020-12-04T08:30:21.266286Z\",\"AuthTime\":\"2020-12-04T08:30:21.266285Z\",\"AccessTokenHash\":\"\",\"AuthenticationContextClassReference\":\"\",\"CodeHash\":\"\",\"Extra\":{\"authSource\":\"Pydio Cells\",\"email\":\"\",\"name\":\"admin\",\"sid\":\"24d3f3de-aac0-4771-a053-2b6773c5c89f\"}},\"Headers\":{\"Extra\":{\"kid\":\"public:d66213b1-17c1-4f9e-835c-a7c63ad628b1\"}},\"ExpiresAt\":{\"access_token\":\"2020-12-04T08:40:21Z\",\"authorize_code\":\"2020-12-04T08:40:21.267824Z\",\"refresh_token\":\"2021-02-02T08:30:21Z\"},\"Username\":\"\",\"Subject\":\"6645056e-6b73-4a69-9cbf-83f6bfaee074\"},\"extra\":{},\"KID\":\"\",\"ClientID\":\"cells-frontend\",\"ConsentChallenge\":\"8da530dfdfbd480b86e99a46122a6ed7\"}','6645056e-6b73-4a69-9cbf-83f6bfaee074',1,'','','8da530dfdfbd480b86e99a46122a6ed7');
/*!40000 ALTER TABLE `hydra_oauth2_refresh` ENABLE KEYS */;
UNLOCK TABLES;

--
-- Table structure for table `idm_acl_nodes`
--

DROP TABLE IF EXISTS `idm_acl_nodes`;
/*!40101 SET @saved_cs_client     = @@character_set_client */;
/*!50503 SET character_set_client = utf8mb4 */;
CREATE TABLE `idm_acl_nodes` (
  `id` bigint NOT NULL AUTO_INCREMENT,
  `uuid` varchar(500) NOT NULL,
  PRIMARY KEY (`id`),
  UNIQUE KEY `uuid` (`uuid`)
) ENGINE=InnoDB AUTO_INCREMENT=47 DEFAULT CHARSET=utf8mb4 COLLATE=utf8mb4_0900_ai_ci;
/*!40101 SET character_set_client = @saved_cs_client */;

--
-- Dumping data for table `idm_acl_nodes`
--

LOCK TABLES `idm_acl_nodes` WRITE;
/*!40000 ALTER TABLE `idm_acl_nodes` DISABLE KEYS */;
INSERT INTO `idm_acl_nodes` VALUES (-1,''),(46,'6fce47be-8809-48e6-9313-cbacaad0e8b6'),(22,'DATASOURCE:encrypted'),(26,'DATASOURCE:encryptedsb051'),(14,'DATASOURCE:globalds'),(10,'DATASOURCE:pydiods1'),(18,'DATASOURCE:versioned'),(34,'e30893df-c0ec-4c34-9912-3e8f0c96016b'),(30,'f8d37dba-e6d1-4fb6-bcd4-1c7725fa96e3'),(1,'homepage-ROOT'),(6,'my-files'),(3,'settings-ROOT');
/*!40000 ALTER TABLE `idm_acl_nodes` ENABLE KEYS */;
UNLOCK TABLES;

--
-- Table structure for table `idm_acl_roles`
--

DROP TABLE IF EXISTS `idm_acl_roles`;
/*!40101 SET @saved_cs_client     = @@character_set_client */;
/*!50503 SET character_set_client = utf8mb4 */;
CREATE TABLE `idm_acl_roles` (
  `id` bigint NOT NULL AUTO_INCREMENT,
  `uuid` varchar(500) NOT NULL,
  PRIMARY KEY (`id`),
  UNIQUE KEY `uuid` (`uuid`)
) ENGINE=InnoDB AUTO_INCREMENT=36 DEFAULT CHARSET=utf8mb4 COLLATE=utf8mb4_0900_ai_ci;
/*!40101 SET character_set_client = @saved_cs_client */;

--
-- Dumping data for table `idm_acl_roles`
--

LOCK TABLES `idm_acl_roles` WRITE;
/*!40000 ALTER TABLE `idm_acl_roles` DISABLE KEYS */;
INSERT INTO `idm_acl_roles` VALUES (-1,''),(4,'ADMINS'),(6,'EXTERNAL_USERS'),(12,'MINISITE'),(14,'MINISITE_NODOWNLOAD'),(1,'ROOT_GROUP');
/*!40000 ALTER TABLE `idm_acl_roles` ENABLE KEYS */;
UNLOCK TABLES;

--
-- Table structure for table `idm_acl_workspaces`
--

DROP TABLE IF EXISTS `idm_acl_workspaces`;
/*!40101 SET @saved_cs_client     = @@character_set_client */;
/*!50503 SET character_set_client = utf8mb4 */;
CREATE TABLE `idm_acl_workspaces` (
  `id` bigint NOT NULL AUTO_INCREMENT,
  `name` varchar(500) NOT NULL,
  PRIMARY KEY (`id`),
  UNIQUE KEY `name` (`name`)
) ENGINE=InnoDB AUTO_INCREMENT=56 DEFAULT CHARSET=utf8mb4 COLLATE=utf8mb4_0900_ai_ci;
/*!40101 SET character_set_client = @saved_cs_client */;

--
-- Dumping data for table `idm_acl_workspaces`
--

LOCK TABLES `idm_acl_workspaces` WRITE;
/*!40000 ALTER TABLE `idm_acl_workspaces` DISABLE KEYS */;
INSERT INTO `idm_acl_workspaces` VALUES (-1,''),(32,'46dafb67-de3b-4726-8be6-c78adce95762'),(24,'5b9424e4-adf9-4900-81a3-58d612b82575'),(48,'76b0deca-8b79-4f74-8cf2-0237860bd0d6'),(36,'79486be4-bd6b-4d07-90d5-a4ee5873c703'),(28,'8221797c-8122-4f5d-b1a4-93ece2e776ff'),(40,'a8f7214b-f30e-4816-a954-465826c6088a'),(16,'d0350642-349f-11eb-b247-3c075467ca63'),(20,'d03ac15e-349f-11eb-b247-3c075467ca63'),(44,'d761a71a-e9e4-4cf0-94d3-ff3b03bb1b50'),(52,'da0af0ed-1e42-4b7f-8ba9-9a9bbc44dfd9'),(1,'homepage'),(3,'PYDIO_REPO_SCOPE_ALL'),(12,'PYDIO_REPO_SCOPE_SHARED'),(4,'settings');
/*!40000 ALTER TABLE `idm_acl_workspaces` ENABLE KEYS */;
UNLOCK TABLES;

--
-- Table structure for table `idm_acls`
--

DROP TABLE IF EXISTS `idm_acls`;
/*!40101 SET @saved_cs_client     = @@character_set_client */;
/*!50503 SET character_set_client = utf8mb4 */;
CREATE TABLE `idm_acls` (
  `id` bigint NOT NULL AUTO_INCREMENT,
  `action_name` varchar(500) DEFAULT NULL,
  `action_value` varchar(500) DEFAULT NULL,
  `role_id` bigint NOT NULL DEFAULT '0',
  `node_id` bigint NOT NULL DEFAULT '0',
  `workspace_id` bigint NOT NULL DEFAULT '0',
  `created_at` timestamp NULL DEFAULT CURRENT_TIMESTAMP,
  `expires_at` timestamp NULL DEFAULT NULL,
  PRIMARY KEY (`id`),
  UNIQUE KEY `acls_u1` (`node_id`,`action_name`,`role_id`,`workspace_id`),
  KEY `acl_f2` (`workspace_id`),
  KEY `acl_f3` (`role_id`),
  CONSTRAINT `idm_acls_ibfk_1` FOREIGN KEY (`node_id`) REFERENCES `idm_acl_nodes` (`id`),
  CONSTRAINT `idm_acls_ibfk_2` FOREIGN KEY (`workspace_id`) REFERENCES `idm_acl_workspaces` (`id`),
  CONSTRAINT `idm_acls_ibfk_3` FOREIGN KEY (`role_id`) REFERENCES `idm_acl_roles` (`id`)
) ENGINE=InnoDB AUTO_INCREMENT=57 DEFAULT CHARSET=utf8mb4 COLLATE=utf8mb4_0900_ai_ci;
/*!40101 SET character_set_client = @saved_cs_client */;

--
-- Dumping data for table `idm_acls`
--

LOCK TABLES `idm_acls` WRITE;
/*!40000 ALTER TABLE `idm_acls` DISABLE KEYS */;
INSERT INTO `idm_acls` VALUES (1,'read','1',1,1,1,'2020-12-02 13:10:39',NULL),(2,'write','1',1,1,1,'2020-12-02 13:10:39',NULL),(3,'parameter:core.conf:lang','\"en-us\"',1,-1,3,'2020-12-02 13:10:39',NULL),(4,'read','1',4,3,4,'2020-12-02 13:10:39',NULL),(5,'write','1',4,3,4,'2020-12-02 13:10:39',NULL),(6,'deny','1',6,1,1,'2020-12-02 13:10:39',NULL),(7,'action:action.share:share','false',6,-1,3,'2020-12-02 13:10:39',NULL),(8,'action:action.share:share-edit-shared','false',6,-1,3,'2020-12-02 13:10:39',NULL),(9,'action:action.share:open_user_shares','false',6,-1,3,'2020-12-02 13:10:39',NULL),(10,'action:action.user:open_address_book','false',6,-1,3,'2020-12-02 13:10:39',NULL),(11,'parameter:core.auth:USER_CREATE_CELLS','false',6,-1,3,'2020-12-02 13:10:39',NULL),(12,'action:action.share:share','false',12,-1,12,'2020-12-02 13:10:39',NULL),(13,'action:action.share:share-edit-shared','false',12,-1,12,'2020-12-02 13:10:39',NULL),(14,'action:access.gateway:download','false',14,-1,12,'2020-12-02 13:10:39',NULL),(15,'action:access.gateway:download_folder','false',14,-1,12,'2020-12-02 13:10:39',NULL),(16,'read','1',1,6,16,'2020-12-02 13:10:56',NULL),(17,'write','1',1,6,16,'2020-12-02 13:10:56',NULL),(18,'workspace-path','my-files',-1,6,16,'2020-12-02 13:10:56',NULL),(19,'recycle_root','1',-1,6,16,'2020-12-02 13:10:56',NULL),(20,'read','1',1,10,20,'2020-12-02 13:10:56',NULL),(21,'write','1',1,10,20,'2020-12-02 13:10:56',NULL),(22,'workspace-path','pydiods1',-1,10,20,'2020-12-02 13:10:56',NULL),(23,'recycle_root','1',-1,10,20,'2020-12-02 13:10:56',NULL),(24,'workspace-path','globalds',-1,14,24,'2020-12-02 13:11:28',NULL),(25,'recycle_root','1',-1,14,24,'2020-12-02 13:11:28',NULL),(26,'read','1',1,14,24,'2020-12-02 13:11:28',NULL),(27,'write','1',1,14,24,'2020-12-02 13:11:28',NULL),(28,'workspace-path','versioned',-1,18,28,'2020-12-02 13:11:36',NULL),(29,'recycle_root','1',-1,18,28,'2020-12-02 13:11:36',NULL),(30,'read','1',1,18,28,'2020-12-02 13:11:36',NULL),(31,'write','1',1,18,28,'2020-12-02 13:11:36',NULL),(32,'workspace-path','encrypted',-1,22,32,'2020-12-02 13:11:50',NULL),(33,'recycle_root','1',-1,22,32,'2020-12-02 13:11:50',NULL),(34,'read','1',1,22,32,'2020-12-02 13:11:50',NULL),(35,'write','1',1,22,32,'2020-12-02 13:11:50',NULL),(36,'workspace-path','encryptedsb051',-1,26,36,'2020-12-02 13:12:27',NULL),(37,'recycle_root','1',-1,26,36,'2020-12-02 13:12:27',NULL),(38,'read','1',1,26,36,'2020-12-02 13:12:27',NULL),(39,'write','1',1,26,36,'2020-12-02 13:12:27',NULL),(40,'workspace-path','globalds/TestWsCRUD-RootFolder_cd9f',-1,30,40,'2020-12-02 13:14:42',NULL),(41,'recycle_root','1',-1,30,40,'2020-12-02 13:14:42',NULL),(42,'read','1',1,30,40,'2020-12-02 13:14:42',NULL),(43,'write','1',1,30,40,'2020-12-02 13:14:42',NULL),(44,'workspace-path','globalds/TestSlugIncrement-RootFolder_735edaee5a',-1,34,44,'2020-12-02 13:15:39',NULL),(45,'recycle_root','1',-1,34,44,'2020-12-02 13:15:39',NULL),(46,'read','1',1,34,44,'2020-12-02 13:15:39',NULL),(47,'write','1',1,34,44,'2020-12-02 13:15:39',NULL),(48,'workspace-path','globalds/TestSlugIncrement-RootFolder_735edaee5a',-1,34,48,'2020-12-02 13:15:39',NULL),(49,'recycle_root','1',-1,34,48,'2020-12-02 13:15:39',NULL),(50,'read','1',1,34,48,'2020-12-02 13:15:39',NULL),(51,'write','1',1,34,48,'2020-12-02 13:15:39',NULL),(52,'workspace-path','globalds/TestSlugIncrement-RootFolder_735edaee5a',-1,34,52,'2020-12-02 13:15:39',NULL),(53,'recycle_root','1',-1,34,52,'2020-12-02 13:15:39',NULL),(54,'read','1',1,34,52,'2020-12-02 13:15:39',NULL),(55,'write','1',1,34,52,'2020-12-02 13:15:39',NULL),(56,'recycle_root','1',-1,46,-1,'2020-12-02 14:49:35',NULL);
/*!40000 ALTER TABLE `idm_acls` ENABLE KEYS */;
UNLOCK TABLES;

--
-- Table structure for table `idm_personal_tokens`
--

DROP TABLE IF EXISTS `idm_personal_tokens`;
/*!40101 SET @saved_cs_client     = @@character_set_client */;
/*!50503 SET character_set_client = utf8mb4 */;
CREATE TABLE `idm_personal_tokens` (
  `uuid` varchar(36) NOT NULL,
  `access_token` varchar(128) NOT NULL,
  `pat_type` int DEFAULT NULL,
  `label` varchar(255) DEFAULT NULL,
  `user_uuid` varchar(255) NOT NULL,
  `user_login` varchar(255) NOT NULL,
  `auto_refresh` int DEFAULT '0',
  `expire_at` int DEFAULT NULL,
  `created_at` int DEFAULT NULL,
  `created_by` varchar(128) DEFAULT NULL,
  `updated_at` int DEFAULT NULL,
  `scopes` longtext,
  PRIMARY KEY (`uuid`),
  UNIQUE KEY `pat_unique_access_token_key` (`access_token`),
  KEY `pat_user_uuid_key` (`user_uuid`),
  KEY `pat_user_login_key` (`user_login`)
) ENGINE=InnoDB DEFAULT CHARSET=utf8mb4 COLLATE=utf8mb4_0900_ai_ci;
/*!40101 SET character_set_client = @saved_cs_client */;

--
-- Dumping data for table `idm_personal_tokens`
--

LOCK TABLES `idm_personal_tokens` WRITE;
/*!40000 ALTER TABLE `idm_personal_tokens` DISABLE KEYS */;
/*!40000 ALTER TABLE `idm_personal_tokens` ENABLE KEYS */;
UNLOCK TABLES;

--
-- Table structure for table `idm_policy_group`
--

DROP TABLE IF EXISTS `idm_policy_group`;
/*!40101 SET @saved_cs_client     = @@character_set_client */;
/*!50503 SET character_set_client = utf8mb4 */;
CREATE TABLE `idm_policy_group` (
  `uuid` varchar(255) NOT NULL,
  `name` varchar(500) NOT NULL,
  `description` varchar(500) NOT NULL,
  `owner_uuid` varchar(255) DEFAULT NULL,
  `resource_group` int DEFAULT NULL,
  `last_updated` int DEFAULT NULL,
  UNIQUE KEY `uuid` (`uuid`)
) ENGINE=InnoDB DEFAULT CHARSET=utf8mb4 COLLATE=utf8mb4_0900_ai_ci;
/*!40101 SET character_set_client = @saved_cs_client */;

--
-- Dumping data for table `idm_policy_group`
--

LOCK TABLES `idm_policy_group` WRITE;
/*!40000 ALTER TABLE `idm_policy_group` DISABLE KEYS */;
INSERT INTO `idm_policy_group` VALUES ('limited-period-access-acl-policy2','PolicyGroup.ACLSamplePeriod.Title','PolicyGroup.ACLSamplePeriod.Description','',1,1606914647),('no-access-after-acl-policy','PolicyGroup.ACLSampleDateDisable.Title','PolicyGroup.ACLSampleDateDisable.Description','',1,1606914647),('no-external-access-acl-policy','PolicyGroup.ACLSampleExternalIP.Title','PolicyGroup.ACLSampleExternalIP.Description','',1,1606914647),('office-hours-access-acl-policy','PolicyGroup.ACLSampleBusinessHours.Title','PolicyGroup.ACLSampleBusinessHours.Description','',1,1606914647),('oidc-actions-policies','PolicyGroup.OIDC.Title','PolicyGroup.OIDC.Description','',2,1606914647),('public-access','PolicyGroup.PublicAccess.Title','PolicyGroup.PublicAccess.Description','',0,1606914647),('public-access-install','PolicyGroup.PublicInstall.Title','PolicyGroup.PublicInstall.Description','',0,1606914647),('rest-apis-default-accesses','PolicyGroup.LoggedUsers.Title','PolicyGroup.LoggedUsers.Description','',0,1606914647),('sample-acl-policy','PolicyGroup.ACLSample1.Title','PolicyGroup.ACLSample1.Description','',1,1606914647);
/*!40000 ALTER TABLE `idm_policy_group` ENABLE KEYS */;
UNLOCK TABLES;

--
-- Table structure for table `idm_policy_rel`
--

DROP TABLE IF EXISTS `idm_policy_rel`;
/*!40101 SET @saved_cs_client     = @@character_set_client */;
/*!50503 SET character_set_client = utf8mb4 */;
CREATE TABLE `idm_policy_rel` (
  `id` bigint NOT NULL AUTO_INCREMENT,
  `group_uuid` varchar(255) NOT NULL,
  `policy_id` varchar(255) NOT NULL,
  PRIMARY KEY (`id`),
  UNIQUE KEY `idm_policy_u1` (`group_uuid`,`policy_id`),
  KEY `idm_policy_f2` (`policy_id`),
  CONSTRAINT `idm_policy_rel_ibfk_1` FOREIGN KEY (`group_uuid`) REFERENCES `idm_policy_group` (`uuid`),
  CONSTRAINT `idm_policy_rel_ibfk_2` FOREIGN KEY (`policy_id`) REFERENCES `ladon_policy` (`id`)
) ENGINE=InnoDB AUTO_INCREMENT=22 DEFAULT CHARSET=utf8mb4 COLLATE=utf8mb4_0900_ai_ci;
/*!40101 SET character_set_client = @saved_cs_client */;

--
-- Dumping data for table `idm_policy_rel`
--

LOCK TABLES `idm_policy_rel` WRITE;
/*!40000 ALTER TABLE `idm_policy_rel` DISABLE KEYS */;
INSERT INTO `idm_policy_rel` VALUES (16,'limited-period-access-acl-policy2','acl-temporary-access2'),(17,'no-access-after-acl-policy','acl-date-rule1'),(18,'no-access-after-acl-policy','acl-date-rule2'),(20,'no-external-access-acl-policy','acl-complex-rule4'),(21,'no-external-access-acl-policy','acl-complex-rule5'),(19,'office-hours-access-acl-policy','acl-office-hours-rule'),(12,'oidc-actions-policies','all-users-login'),(1,'public-access','discovery-policy'),(4,'public-access','frontend-auth'),(3,'public-access','frontend-state'),(2,'public-access','reset-password-policy'),(5,'public-access-install','install-policy'),(6,'rest-apis-default-accesses','admin-default-policy'),(11,'rest-apis-default-accesses','frontend-post'),(10,'rest-apis-default-accesses','frontend-read'),(7,'rest-apis-default-accesses','user-default-policy'),(9,'rest-apis-default-accesses','user-meta-put'),(8,'rest-apis-default-accesses','user-meta-read'),(13,'sample-acl-policy','acl-complex-rule1'),(14,'sample-acl-policy','acl-complex-rule2'),(15,'sample-acl-policy','acl-complex-rule3');
/*!40000 ALTER TABLE `idm_policy_rel` ENABLE KEYS */;
UNLOCK TABLES;

--
-- Table structure for table `idm_role_policies`
--

DROP TABLE IF EXISTS `idm_role_policies`;
/*!40101 SET @saved_cs_client     = @@character_set_client */;
/*!50503 SET character_set_client = utf8mb4 */;
CREATE TABLE `idm_role_policies` (
  `id` bigint NOT NULL AUTO_INCREMENT,
  `resource` varchar(255) NOT NULL,
  `action` varchar(255) NOT NULL,
  `subject` varchar(255) NOT NULL,
  `effect` enum('allow','deny') DEFAULT 'deny',
  `conditions` varchar(500) NOT NULL DEFAULT '{}',
  PRIMARY KEY (`id`),
  KEY `resource` (`resource`),
  KEY `action` (`action`),
  KEY `subject` (`subject`)
) ENGINE=InnoDB AUTO_INCREMENT=31 DEFAULT CHARSET=utf8mb4 COLLATE=utf8mb4_0900_ai_ci;
/*!40101 SET character_set_client = @saved_cs_client */;

--
-- Dumping data for table `idm_role_policies`
--

LOCK TABLES `idm_role_policies` WRITE;
/*!40000 ALTER TABLE `idm_role_policies` DISABLE KEYS */;
INSERT INTO `idm_role_policies` VALUES (1,'ROOT_GROUP','READ','*','allow',''),(2,'ROOT_GROUP','WRITE','profile:admin','allow',''),(3,'ADMINS','READ','*','allow',''),(4,'ADMINS','WRITE','profile:admin','allow',''),(5,'EXTERNAL_USERS','READ','*','allow',''),(6,'EXTERNAL_USERS','WRITE','profile:standard','allow',''),(7,'MINISITE','READ','*','allow',''),(8,'MINISITE','WRITE','profile:admin','allow',''),(9,'MINISITE_NODOWNLOAD','READ','*','allow',''),(10,'MINISITE_NODOWNLOAD','WRITE','profile:admin','allow',''),(11,'6645056e-6b73-4a69-9cbf-83f6bfaee074','READ','profile:standard','allow',''),(12,'6645056e-6b73-4a69-9cbf-83f6bfaee074','WRITE','user:admin','allow',''),(13,'6645056e-6b73-4a69-9cbf-83f6bfaee074','WRITE','profile:admin','allow',''),(14,'19645786-36c1-4391-acb3-ee8310faa5e3','READ','user:pydio.anon.user','allow',''),(15,'19645786-36c1-4391-acb3-ee8310faa5e3','READ','profile:admin','allow',''),(16,'19645786-36c1-4391-acb3-ee8310faa5e3','WRITE','profile:admin','allow',''),(20,'d94aba17-3f7d-4cf4-9e0e-ed4c12a4a71c','READ','profile:standard','allow',''),(21,'d94aba17-3f7d-4cf4-9e0e-ed4c12a4a71c','WRITE','profile:admin','allow',''),(22,'d94aba17-3f7d-4cf4-9e0e-ed4c12a4a71c','WRITE','user:tests_admin','allow',''),(23,'7da8a36a-bea7-4046-b6ce-40b78a495a4e','READ','profile:standard','allow',''),(24,'7da8a36a-bea7-4046-b6ce-40b78a495a4e','WRITE','profile:admin','allow',''),(28,'b4a5fa2b-c555-4c75-b20f-120de9e8bfa6','READ','profile:standard','allow',''),(29,'b4a5fa2b-c555-4c75-b20f-120de9e8bfa6','WRITE','profile:admin','allow',''),(30,'b4a5fa2b-c555-4c75-b20f-120de9e8bfa6','WRITE','user:tests_rw_user','allow','');
/*!40000 ALTER TABLE `idm_role_policies` ENABLE KEYS */;
UNLOCK TABLES;

--
-- Table structure for table `idm_roles`
--

DROP TABLE IF EXISTS `idm_roles`;
/*!40101 SET @saved_cs_client     = @@character_set_client */;
/*!50503 SET character_set_client = utf8mb4 */;
CREATE TABLE `idm_roles` (
  `uuid` varchar(255) NOT NULL,
  `label` varchar(500) NOT NULL,
  `team_role` tinyint(1) DEFAULT NULL,
  `group_role` tinyint(1) DEFAULT NULL,
  `user_role` tinyint(1) DEFAULT NULL,
  `last_updated` int DEFAULT NULL,
  `auto_applies` varchar(500) DEFAULT NULL,
  `override` tinyint(1) DEFAULT NULL,
  UNIQUE KEY `uuid` (`uuid`)
) ENGINE=InnoDB DEFAULT CHARSET=utf8mb4 COLLATE=utf8mb4_0900_ai_ci;
/*!40101 SET character_set_client = @saved_cs_client */;

--
-- Dumping data for table `idm_roles`
--

LOCK TABLES `idm_roles` WRITE;
/*!40000 ALTER TABLE `idm_roles` DISABLE KEYS */;
INSERT INTO `idm_roles` VALUES ('19645786-36c1-4391-acb3-ee8310faa5e3','pydio.anon.user role',0,0,1,1606914640,'',0),('6645056e-6b73-4a69-9cbf-83f6bfaee074','admin role',0,0,1,1606914640,'',0),('7da8a36a-bea7-4046-b6ce-40b78a495a4e','Group testers',0,1,0,1606914674,'',0),('ADMINS','Administrators',0,0,0,1606914639,'admin',0),('b4a5fa2b-c555-4c75-b20f-120de9e8bfa6','User tests_rw_user role',0,0,1,1606914674,'',0),('d94aba17-3f7d-4cf4-9e0e-ed4c12a4a71c','User tests_admin role',0,0,1,1606914674,'',0),('EXTERNAL_USERS','External Users',0,0,0,1606914639,'shared',0),('MINISITE','Minisite Permissions',0,0,0,1606914639,'',0),('MINISITE_NODOWNLOAD','Minisite (Download Disabled)',0,0,0,1606914639,'',0),('ROOT_GROUP','Root Group',0,1,0,1606914639,'',0);
/*!40000 ALTER TABLE `idm_roles` ENABLE KEYS */;
UNLOCK TABLES;

--
-- Table structure for table `idm_user_attributes`
--

DROP TABLE IF EXISTS `idm_user_attributes`;
/*!40101 SET @saved_cs_client     = @@character_set_client */;
/*!50503 SET character_set_client = utf8mb4 */;
CREATE TABLE `idm_user_attributes` (
  `uuid` varchar(128) CHARACTER SET ascii COLLATE ascii_general_ci NOT NULL,
  `name` varchar(255) NOT NULL,
  `value` longtext CHARACTER SET utf8mb4 COLLATE utf8mb4_bin,
  PRIMARY KEY (`uuid`,`name`),
  CONSTRAINT `idm_user_attributes_ibfk_1` FOREIGN KEY (`uuid`) REFERENCES `idm_user_idx_tree` (`uuid`) ON DELETE CASCADE
) ENGINE=InnoDB DEFAULT CHARSET=utf8mb4 COLLATE=utf8mb4_0900_ai_ci;
/*!40101 SET character_set_client = @saved_cs_client */;

--
-- Dumping data for table `idm_user_attributes`
--

LOCK TABLES `idm_user_attributes` WRITE;
/*!40000 ALTER TABLE `idm_user_attributes` DISABLE KEYS */;
INSERT INTO `idm_user_attributes` VALUES ('19645786-36c1-4391-acb3-ee8310faa5e3','profile','anon'),('19645786-36c1-4391-acb3-ee8310faa5e3','pydio:labelLike','pydio.anon.user'),('6645056e-6b73-4a69-9cbf-83f6bfaee074','preferences','{\"gui_preferences\":\"eyJVc2VyQWNjb3VudC5XZWxjb21lTW9kYWwuU2hvd24iOnRydWUsIldlbGNvbWVDb21wb25lbnQuUHlkaW84LlRvdXJHdWlkZS5XZWxjb21lIjp0cnVlfQ==\"}'),('6645056e-6b73-4a69-9cbf-83f6bfaee074','profile','admin'),('6645056e-6b73-4a69-9cbf-83f6bfaee074','pydio:labelLike','admin'),('7da8a36a-bea7-4046-b6ce-40b78a495a4e','displayName','Integration test users'),('7da8a36a-bea7-4046-b6ce-40b78a495a4e','pydio:labelLike','integration test users'),('b4a5fa2b-c555-4c75-b20f-120de9e8bfa6','profile','standard'),('b4a5fa2b-c555-4c75-b20f-120de9e8bfa6','pydio:labelLike','tests_rw_user'),('d94aba17-3f7d-4cf4-9e0e-ed4c12a4a71c','profile','admin'),('d94aba17-3f7d-4cf4-9e0e-ed4c12a4a71c','pydio:labelLike','tests_admin');
/*!40000 ALTER TABLE `idm_user_attributes` ENABLE KEYS */;
UNLOCK TABLES;

--
-- Table structure for table `idm_user_idx_commits`
--

DROP TABLE IF EXISTS `idm_user_idx_commits`;
/*!40101 SET @saved_cs_client     = @@character_set_client */;
/*!50503 SET character_set_client = utf8mb4 */;
CREATE TABLE `idm_user_idx_commits` (
  `id` bigint NOT NULL AUTO_INCREMENT,
  `uuid` varchar(128) COLLATE utf8mb4_bin NOT NULL,
  `etag` varchar(255) COLLATE utf8mb4_bin NOT NULL,
  `mtime` int NOT NULL,
  `size` bigint DEFAULT NULL,
  `data` blob,
  PRIMARY KEY (`id`),
  KEY `idm_user_idx_tree_uuid_idx` (`uuid`)
) ENGINE=InnoDB DEFAULT CHARSET=utf8mb4 COLLATE=utf8mb4_bin;
/*!40101 SET character_set_client = @saved_cs_client */;

--
-- Dumping data for table `idm_user_idx_commits`
--

LOCK TABLES `idm_user_idx_commits` WRITE;
/*!40000 ALTER TABLE `idm_user_idx_commits` DISABLE KEYS */;
/*!40000 ALTER TABLE `idm_user_idx_commits` ENABLE KEYS */;
UNLOCK TABLES;

--
-- Table structure for table `idm_user_idx_tree`
--

DROP TABLE IF EXISTS `idm_user_idx_tree`;
/*!40101 SET @saved_cs_client     = @@character_set_client */;
/*!50503 SET character_set_client = utf8mb4 */;
CREATE TABLE `idm_user_idx_tree` (
  `uuid` varchar(128) NOT NULL,
  `level` smallint NOT NULL,
  `name` varchar(255) CHARACTER SET utf8mb4 COLLATE utf8mb4_bin NOT NULL,
  `leaf` tinyint(1) NOT NULL DEFAULT '0',
  `mtime` int NOT NULL,
  `etag` varchar(255) NOT NULL DEFAULT '',
  `size` bigint NOT NULL DEFAULT '0',
  `mode` varchar(10) NOT NULL DEFAULT '',
  `mpath1` varchar(255) NOT NULL,
  `mpath2` varchar(255) NOT NULL,
  `mpath3` varchar(255) NOT NULL,
  `mpath4` varchar(255) NOT NULL,
  `hash` varchar(40) NOT NULL,
  PRIMARY KEY (`uuid`),
  UNIQUE KEY `idm_user_idx_tree_u1` (`hash`),
  KEY `idm_user_idx_tree_mpath1_idx` (`mpath1`),
  KEY `idm_user_idx_tree_mpath2_idx` (`mpath2`),
  KEY `idm_user_idx_tree_mpath3_idx` (`mpath3`),
  KEY `idm_user_idx_tree_mpath4_idx` (`mpath4`),
  KEY `idm_user_idx_tree_name_idx` (`name`(128)),
  KEY `idm_user_idx_tree_level_idx` (`level`)
) ENGINE=InnoDB DEFAULT CHARSET=ascii;
/*!40101 SET character_set_client = @saved_cs_client */;

--
-- Dumping data for table `idm_user_idx_tree`
--

LOCK TABLES `idm_user_idx_tree` WRITE;
/*!40000 ALTER TABLE `idm_user_idx_tree` DISABLE KEYS */;
INSERT INTO `idm_user_idx_tree` VALUES ('19645786-36c1-4391-acb3-ee8310faa5e3',2,'pydio.anon.user',1,1606914640,'sha256:1000:SVRSVnl2RWhVeGttcWRTTERzQkJFREp2UVFhS3lyd08=:3t6ePeoPXYrTzR+MUzLoY/JaANIvhXIR',1,'0','1.2','','','','8114b9dabe64741f5700c676da07d4182530a754'),('6645056e-6b73-4a69-9cbf-83f6bfaee074',2,'admin',1,1607070621,'sha256:1000:dE5UdlRmbUNkZnNTRFJDeHB1eUVCeXdsZmhEVXRhcFY=:mnXibGLRzb/Obq+aLZVgfM9dOVmqKYPF',1,'0','1.1','','','','4491f8b5ecc09d9de308ea37e6a23ad2dd66c256'),('7da8a36a-bea7-4046-b6ce-40b78a495a4e',2,'testers',0,1606914674,'f1e9e7252a9220b4f58043bda0b4bcee',0,'0','1.4','','','','a26f83404b3689e9473b90563ae874b959b849ed'),('b4a5fa2b-c555-4c75-b20f-120de9e8bfa6',3,'tests_rw_user',1,1606914942,'sha256:1000:cU1WbXZ6QmFYUHNZenBxTmdybFhEbnp2QmtKR0tlYnc=:WadeEEw1bs3mTxerAI2eun0/q8jdw8YD',1,'0','1.4.1','','','','a9ec402f06cdb367cb4ecd9d221265dbc42431cf'),('d94aba17-3f7d-4cf4-9e0e-ed4c12a4a71c',2,'tests_admin',1,1606914955,'sha256:1000:bXduU3pkTFVBU2lvdExBbnBrYm5mS2xaUUpjSlNPTEk=:cLlu5wbNAp+81a+8iao8ltcVUckho6va',1,'0','1.3','','','','2afe7d50c10921ac0f9f899939231a737e7dc2b2'),('ROOT_GROUP',1,'',0,1606914640,'',0,'0','1','','','','356a192b7913b04c54574d18c28d46e6395428ab');
/*!40000 ALTER TABLE `idm_user_idx_tree` ENABLE KEYS */;
UNLOCK TABLES;

--
-- Table structure for table `idm_user_keys`
--

DROP TABLE IF EXISTS `idm_user_keys`;
/*!40101 SET @saved_cs_client     = @@character_set_client */;
/*!50503 SET character_set_client = utf8mb4 */;
CREATE TABLE `idm_user_keys` (
  `owner` varchar(255) NOT NULL,
  `key_id` varchar(255) NOT NULL,
  `key_label` varchar(255) NOT NULL,
  `key_data` varchar(255) NOT NULL,
  `creation_date` int DEFAULT NULL,
  `key_info` blob,
  UNIQUE KEY `owner` (`owner`,`key_id`)
) ENGINE=InnoDB DEFAULT CHARSET=utf8mb4 COLLATE=utf8mb4_0900_ai_ci;
/*!40101 SET character_set_client = @saved_cs_client */;

--
-- Dumping data for table `idm_user_keys`
--

LOCK TABLES `idm_user_keys` WRITE;
/*!40000 ALTER TABLE `idm_user_keys` DISABLE KEYS */;
INSERT INTO `idm_user_keys` VALUES ('pydio.system.user','ImportedKeyIT','A key that has been imported','/eccbrkFj5WeMunPvZC7WnTZOnO+HEQBBsVJX6rf9i8LwVxst8Ss5Kb+nwUwLe8NtWkse4H0Uh17se2T',1606914718,_binary '\npydio.system.user'),('pydio.system.user','importKey','A key to test import export','ViDFdReZx/bnY41Qe8E2hvMsGtoDLIZJ9iMvvYY9UdNJEzHM5KYtiGjlE0Ssd6R8DDIrPd53o5q7BzQ8',1606914718,_binary '\n\npydio.system.user'),('pydio.system.user','master-encryption-key','Master Encryption Key for build #b2ab','/EffsQIWqHdo3CfBnJ8IzcXQY+VGBmju52HtDbZlcTf8irLTuSiuZrpLiWKjV3IQXtGR6gH3vUIjOzrX',1606914696,''),('pydio.system.user','reimported-key-for-b051','The reimported key for test b051','gVhsjwRfRogXRmCs3DfgqePN0m2yO1AAh8ojj/Bs0DBkz4Pzfi8C2v2EHwwocU8X1Hh3IOrWrXNucIzJ',1606914754,_binary '\npydio.system.user'),('pydio.system.user','test-enc-key-id-b051','Encryption test - Key label for b051','hor5o2w0YtCac84HMRSRECZDLjNGElpaif8UdG1u1kgDVmQkgPEXoQtRovNMwnEM4yhIWVwZD0EjPoan',1606914740,_binary '\n\npydio.system.user');
/*!40000 ALTER TABLE `idm_user_keys` ENABLE KEYS */;
UNLOCK TABLES;

--
-- Table structure for table `idm_user_policies`
--

DROP TABLE IF EXISTS `idm_user_policies`;
/*!40101 SET @saved_cs_client     = @@character_set_client */;
/*!50503 SET character_set_client = utf8mb4 */;
CREATE TABLE `idm_user_policies` (
  `id` bigint NOT NULL AUTO_INCREMENT,
  `resource` varchar(255) NOT NULL,
  `action` varchar(255) NOT NULL,
  `subject` varchar(255) NOT NULL,
  `effect` enum('allow','deny') DEFAULT 'deny',
  `conditions` varchar(500) NOT NULL DEFAULT '{}',
  PRIMARY KEY (`id`),
  KEY `resource` (`resource`),
  KEY `action` (`action`),
  KEY `subject` (`subject`)
) ENGINE=InnoDB AUTO_INCREMENT=24 DEFAULT CHARSET=utf8mb4 COLLATE=utf8mb4_0900_ai_ci;
/*!40101 SET character_set_client = @saved_cs_client */;

--
-- Dumping data for table `idm_user_policies`
--

LOCK TABLES `idm_user_policies` WRITE;
/*!40000 ALTER TABLE `idm_user_policies` DISABLE KEYS */;
INSERT INTO `idm_user_policies` VALUES (4,'19645786-36c1-4391-acb3-ee8310faa5e3','READ','user:pydio.anon.user','allow',''),(5,'19645786-36c1-4391-acb3-ee8310faa5e3','READ','profile:admin','allow',''),(6,'19645786-36c1-4391-acb3-ee8310faa5e3','WRITE','profile:admin','allow',''),(7,'d94aba17-3f7d-4cf4-9e0e-ed4c12a4a71c','READ','profile:standard','allow',''),(8,'d94aba17-3f7d-4cf4-9e0e-ed4c12a4a71c','WRITE','profile:admin','allow',''),(9,'d94aba17-3f7d-4cf4-9e0e-ed4c12a4a71c','WRITE','user:tests_admin','allow',''),(10,'7da8a36a-bea7-4046-b6ce-40b78a495a4e','READ','profile:standard','allow',''),(11,'7da8a36a-bea7-4046-b6ce-40b78a495a4e','WRITE','profile:admin','allow',''),(12,'b4a5fa2b-c555-4c75-b20f-120de9e8bfa6','READ','profile:standard','allow',''),(13,'b4a5fa2b-c555-4c75-b20f-120de9e8bfa6','WRITE','profile:admin','allow',''),(14,'b4a5fa2b-c555-4c75-b20f-120de9e8bfa6','WRITE','user:tests_rw_user','allow',''),(21,'6645056e-6b73-4a69-9cbf-83f6bfaee074','READ','profile:standard','allow',''),(22,'6645056e-6b73-4a69-9cbf-83f6bfaee074','WRITE','user:admin','allow',''),(23,'6645056e-6b73-4a69-9cbf-83f6bfaee074','WRITE','profile:admin','allow','');
/*!40000 ALTER TABLE `idm_user_policies` ENABLE KEYS */;
UNLOCK TABLES;

--
-- Table structure for table `idm_user_roles`
--

DROP TABLE IF EXISTS `idm_user_roles`;
/*!40101 SET @saved_cs_client     = @@character_set_client */;
/*!50503 SET character_set_client = utf8mb4 */;
CREATE TABLE `idm_user_roles` (
  `uuid` varchar(128) CHARACTER SET ascii COLLATE ascii_general_ci NOT NULL,
  `role` varchar(255) NOT NULL,
  PRIMARY KEY (`uuid`,`role`),
  CONSTRAINT `idm_user_roles_ibfk_1` FOREIGN KEY (`uuid`) REFERENCES `idm_user_idx_tree` (`uuid`) ON DELETE CASCADE
) ENGINE=InnoDB DEFAULT CHARSET=utf8mb4 COLLATE=utf8mb4_0900_ai_ci;
/*!40101 SET character_set_client = @saved_cs_client */;

--
-- Dumping data for table `idm_user_roles`
--

LOCK TABLES `idm_user_roles` WRITE;
/*!40000 ALTER TABLE `idm_user_roles` DISABLE KEYS */;
INSERT INTO `idm_user_roles` VALUES ('6645056e-6b73-4a69-9cbf-83f6bfaee074','ADMINS');
/*!40000 ALTER TABLE `idm_user_roles` ENABLE KEYS */;
UNLOCK TABLES;

--
-- Table structure for table `idm_usr_meta`
--

DROP TABLE IF EXISTS `idm_usr_meta`;
/*!40101 SET @saved_cs_client     = @@character_set_client */;
/*!50503 SET character_set_client = utf8mb4 */;
CREATE TABLE `idm_usr_meta` (
  `uuid` varchar(255) NOT NULL,
  `node_uuid` varchar(255) NOT NULL,
  `namespace` varchar(255) NOT NULL,
  `owner` varchar(255) DEFAULT NULL,
  `timestamp` int DEFAULT NULL,
  `format` varchar(50) DEFAULT NULL,
  `data` blob,
  UNIQUE KEY `uuid` (`uuid`),
  UNIQUE KEY `namespace` (`namespace`,`node_uuid`,`owner`)
) ENGINE=InnoDB DEFAULT CHARSET=utf8mb4 COLLATE=utf8mb4_0900_ai_ci;
/*!40101 SET character_set_client = @saved_cs_client */;

--
-- Dumping data for table `idm_usr_meta`
--

LOCK TABLES `idm_usr_meta` WRITE;
/*!40000 ALTER TABLE `idm_usr_meta` DISABLE KEYS */;
/*!40000 ALTER TABLE `idm_usr_meta` ENABLE KEYS */;
UNLOCK TABLES;

--
-- Table structure for table `idm_usr_meta_ns`
--

DROP TABLE IF EXISTS `idm_usr_meta_ns`;
/*!40101 SET @saved_cs_client     = @@character_set_client */;
/*!50503 SET character_set_client = utf8mb4 */;
CREATE TABLE `idm_usr_meta_ns` (
  `namespace` varchar(255) NOT NULL,
  `label` varchar(255) NOT NULL,
  `ns_order` int NOT NULL,
  `indexable` tinyint(1) DEFAULT NULL,
  `definition` blob,
  UNIQUE KEY `namespace` (`namespace`)
) ENGINE=InnoDB DEFAULT CHARSET=utf8mb4 COLLATE=utf8mb4_0900_ai_ci;
/*!40101 SET character_set_client = @saved_cs_client */;

--
-- Dumping data for table `idm_usr_meta_ns`
--

LOCK TABLES `idm_usr_meta_ns` WRITE;
/*!40000 ALTER TABLE `idm_usr_meta_ns` DISABLE KEYS */;
INSERT INTO `idm_usr_meta_ns` VALUES ('bookmark','Bookmarks',0,0,''),('usermeta-img-annotations','Images Annotations',11,0,_binary '{\"type\":\"json\"}'),('usermeta-tags','Tags',0,1,_binary '{\"type\":\"tags\"}'),('usermeta-vjs-annotations','Videos Annotations',10,0,_binary '{\"type\":\"json\"}');
/*!40000 ALTER TABLE `idm_usr_meta_ns` ENABLE KEYS */;
UNLOCK TABLES;

--
-- Table structure for table `idm_usr_meta_policies`
--

DROP TABLE IF EXISTS `idm_usr_meta_policies`;
/*!40101 SET @saved_cs_client     = @@character_set_client */;
/*!50503 SET character_set_client = utf8mb4 */;
CREATE TABLE `idm_usr_meta_policies` (
  `id` bigint NOT NULL AUTO_INCREMENT,
  `resource` varchar(255) NOT NULL,
  `action` varchar(255) NOT NULL,
  `subject` varchar(255) NOT NULL,
  `effect` enum('allow','deny') DEFAULT 'deny',
  `conditions` varchar(500) NOT NULL DEFAULT '{}',
  PRIMARY KEY (`id`),
  KEY `resource` (`resource`),
  KEY `action` (`action`),
  KEY `subject` (`subject`)
) ENGINE=InnoDB AUTO_INCREMENT=9 DEFAULT CHARSET=utf8mb4 COLLATE=utf8mb4_0900_ai_ci;
/*!40101 SET character_set_client = @saved_cs_client */;

--
-- Dumping data for table `idm_usr_meta_policies`
--

LOCK TABLES `idm_usr_meta_policies` WRITE;
/*!40000 ALTER TABLE `idm_usr_meta_policies` DISABLE KEYS */;
INSERT INTO `idm_usr_meta_policies` VALUES (1,'bookmark','READ','*','allow',''),(2,'bookmark','WRITE','*','allow',''),(3,'usermeta-tags','READ','*','allow',''),(4,'usermeta-tags','WRITE','*','allow',''),(5,'usermeta-vjs-annotations','READ','*','allow',''),(6,'usermeta-vjs-annotations','WRITE','*','allow',''),(7,'usermeta-img-annotations','READ','*','allow',''),(8,'usermeta-img-annotations','WRITE','*','allow','');
/*!40000 ALTER TABLE `idm_usr_meta_policies` ENABLE KEYS */;
UNLOCK TABLES;

--
-- Table structure for table `idm_workspace_policies`
--

DROP TABLE IF EXISTS `idm_workspace_policies`;
/*!40101 SET @saved_cs_client     = @@character_set_client */;
/*!50503 SET character_set_client = utf8mb4 */;
CREATE TABLE `idm_workspace_policies` (
  `id` bigint NOT NULL AUTO_INCREMENT,
  `resource` varchar(255) NOT NULL,
  `action` varchar(255) NOT NULL,
  `subject` varchar(255) NOT NULL,
  `effect` enum('allow','deny') DEFAULT 'deny',
  `conditions` varchar(500) NOT NULL DEFAULT '{}',
  PRIMARY KEY (`id`),
  KEY `resource` (`resource`),
  KEY `action` (`action`),
  KEY `subject` (`subject`)
) ENGINE=InnoDB AUTO_INCREMENT=21 DEFAULT CHARSET=utf8mb4 COLLATE=utf8mb4_0900_ai_ci;
/*!40101 SET character_set_client = @saved_cs_client */;

--
-- Dumping data for table `idm_workspace_policies`
--

LOCK TABLES `idm_workspace_policies` WRITE;
/*!40000 ALTER TABLE `idm_workspace_policies` DISABLE KEYS */;
INSERT INTO `idm_workspace_policies` VALUES (1,'d0350642-349f-11eb-b247-3c075467ca63','READ','profile:standard','allow',''),(2,'d0350642-349f-11eb-b247-3c075467ca63','WRITE','profile:admin','allow',''),(3,'d03ac15e-349f-11eb-b247-3c075467ca63','READ','profile:standard','allow',''),(4,'d03ac15e-349f-11eb-b247-3c075467ca63','WRITE','profile:admin','allow',''),(5,'5b9424e4-adf9-4900-81a3-58d612b82575','READ','profile:standard','allow',''),(6,'5b9424e4-adf9-4900-81a3-58d612b82575','WRITE','profile:admin','allow',''),(7,'8221797c-8122-4f5d-b1a4-93ece2e776ff','READ','profile:standard','allow',''),(8,'8221797c-8122-4f5d-b1a4-93ece2e776ff','WRITE','profile:admin','allow',''),(9,'46dafb67-de3b-4726-8be6-c78adce95762','READ','profile:standard','allow',''),(10,'46dafb67-de3b-4726-8be6-c78adce95762','WRITE','profile:admin','allow',''),(11,'79486be4-bd6b-4d07-90d5-a4ee5873c703','READ','profile:standard','allow',''),(12,'79486be4-bd6b-4d07-90d5-a4ee5873c703','WRITE','profile:admin','allow',''),(13,'a8f7214b-f30e-4816-a954-465826c6088a','READ','profile:standard','allow',''),(14,'a8f7214b-f30e-4816-a954-465826c6088a','WRITE','profile:admin','allow',''),(15,'d761a71a-e9e4-4cf0-94d3-ff3b03bb1b50','READ','profile:standard','allow',''),(16,'d761a71a-e9e4-4cf0-94d3-ff3b03bb1b50','WRITE','profile:admin','allow',''),(17,'76b0deca-8b79-4f74-8cf2-0237860bd0d6','READ','profile:standard','allow',''),(18,'76b0deca-8b79-4f74-8cf2-0237860bd0d6','WRITE','profile:admin','allow',''),(19,'da0af0ed-1e42-4b7f-8ba9-9a9bbc44dfd9','READ','profile:standard','allow',''),(20,'da0af0ed-1e42-4b7f-8ba9-9a9bbc44dfd9','WRITE','profile:admin','allow','');
/*!40000 ALTER TABLE `idm_workspace_policies` ENABLE KEYS */;
UNLOCK TABLES;

--
-- Table structure for table `idm_workspaces`
--

DROP TABLE IF EXISTS `idm_workspaces`;
/*!40101 SET @saved_cs_client     = @@character_set_client */;
/*!50503 SET character_set_client = utf8mb4 */;
CREATE TABLE `idm_workspaces` (
  `uuid` varchar(128) NOT NULL,
  `label` varchar(500) NOT NULL,
  `description` varchar(1000) DEFAULT NULL,
  `attributes` varchar(2000) DEFAULT NULL,
  `slug` varchar(500) NOT NULL,
  `scope` int DEFAULT NULL,
  `last_updated` int DEFAULT NULL,
  PRIMARY KEY (`uuid`),
  UNIQUE KEY `slug` (`slug`),
  KEY `label` (`label`),
  KEY `scope` (`scope`)
) ENGINE=InnoDB DEFAULT CHARSET=utf8mb4 COLLATE=utf8mb4_0900_ai_ci;
/*!40101 SET character_set_client = @saved_cs_client */;

--
-- Dumping data for table `idm_workspaces`
--

LOCK TABLES `idm_workspaces` WRITE;
/*!40000 ALTER TABLE `idm_workspaces` DISABLE KEYS */;
INSERT INTO `idm_workspaces` VALUES ('46dafb67-de3b-4726-8be6-c78adce95762','WS on encrypted','Root of encrypted','{}','encrypted-ws',1,1606914710),('5b9424e4-adf9-4900-81a3-58d612b82575','WS on globalds','Root of globalds','{}','global-ws',1,1606914688),('76b0deca-8b79-4f74-8cf2-0237860bd0d6','Tmp Workspace - 735edaee5a','Testing slug auto increment','{}','test-slug-increment_735edaee5a-1',1,1606914939),('79486be4-bd6b-4d07-90d5-a4ee5873c703','encrypted-ws-b051 - label','encrypted-ws-b051 - description','{}','encrypted-ws-b051',1,1606914747),('8221797c-8122-4f5d-b1a4-93ece2e776ff','WS on versioned','Root of versioned','{}','versioned-ws',1,1606914696),('a8f7214b-f30e-4816-a954-465826c6088a','Tmp Workspace_cd9f','A workspace to test basic CRUD operations','{}','test-ws-crud_cd9f',1,1606914882),('d0350642-349f-11eb-b247-3c075467ca63','Personal Files','User personal data','','personal-files',1,1606914656),('d03ac15e-349f-11eb-b247-3c075467ca63','Common Files','Data shared by all users','','common-files',1,1606914656),('d761a71a-e9e4-4cf0-94d3-ff3b03bb1b50','Tmp Workspace - 735edaee5a','Testing slug auto increment','{}','test-slug-increment_735edaee5a',1,1606914939),('da0af0ed-1e42-4b7f-8ba9-9a9bbc44dfd9','Tmp Workspace - 735edaee5a','Testing slug auto increment','{}','test-slug-increment_735edaee5a-2',1,1606914939);
/*!40000 ALTER TABLE `idm_workspaces` ENABLE KEYS */;
UNLOCK TABLES;

--
-- Table structure for table `ladon_action`
--

DROP TABLE IF EXISTS `ladon_action`;
/*!40101 SET @saved_cs_client     = @@character_set_client */;
/*!50503 SET character_set_client = utf8mb4 */;
CREATE TABLE `ladon_action` (
  `id` varchar(64) NOT NULL,
  `has_regex` tinyint(1) NOT NULL,
  `compiled` varchar(511) NOT NULL,
  `template` varchar(511) NOT NULL,
  PRIMARY KEY (`id`),
  UNIQUE KEY `compiled` (`compiled`),
  UNIQUE KEY `template` (`template`),
  FULLTEXT KEY `ladon_action_compiled_idx` (`compiled`)
) ENGINE=InnoDB DEFAULT CHARSET=utf8mb4 COLLATE=utf8mb4_0900_ai_ci;
/*!40101 SET character_set_client = @saved_cs_client */;

--
-- Dumping data for table `ladon_action`
--

LOCK TABLES `ladon_action` WRITE;
/*!40000 ALTER TABLE `ladon_action` DISABLE KEYS */;
INSERT INTO `ladon_action` VALUES ('10fd874b68dad080ed706762c8e163dabb20514bddae38fb159c56f714a3b143',1,'^write$','write'),('14e30cd163c732912e048c4c837e15c4e90c062ebb795ab947d57706e2d10dd8',1,'^GET$','GET'),('3316348dbadfb7b11c7c2ea235949419e23f9fa898ad2c198f999617912a9925',1,'^read$','read'),('428821350e9691491f616b754cd8315fb86d797ab35d843479e732ef90665324',1,'^login$','login'),('65daeb378bdec35d90224389f6e10917bcc0b94c90c489014ba156dd6cbf9350',1,'^DELETE$','DELETE'),('8dce33b49f31396a100fb4baf9f8a5dd5d27a4e29d3e244b8eb7b3ae3e619d2c',1,'^PATCH$','PATCH'),('907bf9a40f9ce9967d9811779df472faa3c5418d189735e007761e04447e5e19',1,'^PUT$','PUT'),('9aee6b1bcdf617d8e39bb1f2b624c68ea33deb9d48e0364aeaded836d3d00293',1,'^POST$','POST');
/*!40000 ALTER TABLE `ladon_action` ENABLE KEYS */;
UNLOCK TABLES;

--
-- Table structure for table `ladon_policy`
--

DROP TABLE IF EXISTS `ladon_policy`;
/*!40101 SET @saved_cs_client     = @@character_set_client */;
/*!50503 SET character_set_client = utf8mb4 */;
CREATE TABLE `ladon_policy` (
  `id` varchar(255) NOT NULL,
  `description` text NOT NULL,
  `effect` text NOT NULL,
  `conditions` text NOT NULL,
  PRIMARY KEY (`id`),
  CONSTRAINT `ladon_policy_chk_1` CHECK (((`effect` = _utf8mb3'allow') or (`effect` = _utf8mb3'deny')))
) ENGINE=InnoDB DEFAULT CHARSET=utf8mb4 COLLATE=utf8mb4_0900_ai_ci;
/*!40101 SET character_set_client = @saved_cs_client */;

--
-- Dumping data for table `ladon_policy`
--

LOCK TABLES `ladon_policy` WRITE;
/*!40000 ALTER TABLE `ladon_policy` DISABLE KEYS */;
INSERT INTO `ladon_policy` VALUES ('acl-complex-rule1','PolicyGroup.ACLSample1.Rule1','allow','{}'),('acl-complex-rule2','PolicyGroup.ACLSample1.Rule2','deny','{\"NodeMetaName\":{\"type\":\"StringMatchCondition\",\"options\":{\"matches\":\"target\"}},\"RemoteAddress\":{\"type\":\"StringNotMatchCondition\",\"options\":{\"matches\":\"localhost|127.0.0.1|::1\"}}}'),('acl-complex-rule3','PolicyGroup.ACLSample1.Rule3','deny','{\"NodeMetaName\":{\"type\":\"StringMatchCondition\",\"options\":{\"matches\":\"(.+)\\\\.png\"}},\"RemoteAddress\":{\"type\":\"StringNotMatchCondition\",\"options\":{\"matches\":\"localhost|127.0.0.1|::1\"}}}'),('acl-complex-rule4','PolicyGroup.ACLSampleExternalIP.Rule1','allow','{}'),('acl-complex-rule5','PolicyGroup.ACLSampleExternalIP.Rule2','deny','{\"RemoteAddress\":{\"type\":\"StringNotMatchCondition\",\"options\":{\"matches\":\"localhost|127.0.0.1|::1\"}}}'),('acl-date-rule1','PolicyGroup.ACLSampleDateDisable.Rule1','allow','{}'),('acl-date-rule2','PolicyGroup.ACLSampleDateDisable.Rule2','deny','{\"ServerTime\":{\"type\":\"DateAfterCondition\",\"options\":{\"matches\":\"2018-02-28T23:59+0100\"}}}'),('acl-office-hours-rule','PolicyGroup.ACLSampleBusinessHours.Rule1','allow','{\"ClientTime\":{\"type\":\"OfficeHoursCondition\",\"options\":{\"matches\":\"Monday-Friday/09:00/18:30\"}}}'),('acl-temporary-access2','PolicyGroup.ACLSamplePeriod.Rule1','allow','{\"ClientTime\":{\"type\":\"WithinPeriodCondition\",\"options\":{\"matches\":\"2018-02-01T00:00+0100/2018-04-01T00:00+0100\"}}}'),('admin-default-policy','PolicyGroup.LoggedUsers.Rule1','allow','{}'),('all-users-login','PolicyGroup.OIDC.Rule1','allow','{}'),('discovery-policy','PolicyGroup.PublicAccess.Rule1','allow','{}'),('frontend-auth','PolicyGroup.PublicAccess.Rule4','allow','{}'),('frontend-post','PolicyGroup.LoggedUsers.Rule6','allow','{}'),('frontend-read','PolicyGroup.LoggedUsers.Rule5','allow','{}'),('frontend-state','PolicyGroup.PublicAccess.Rule3','allow','{}'),('install-policy','PolicyGroup.PublicInstall.Rule1','allow','{}'),('reset-password-policy','PolicyGroup.PublicAccess.Rule2','allow','{}'),('user-default-policy','PolicyGroup.LoggedUsers.Rule2','allow','{}'),('user-meta-put','PolicyGroup.LoggedUsers.Rule4','allow','{}'),('user-meta-read','PolicyGroup.LoggedUsers.Rule3','allow','{}');
/*!40000 ALTER TABLE `ladon_policy` ENABLE KEYS */;
UNLOCK TABLES;

--
-- Table structure for table `ladon_policy_action_rel`
--

DROP TABLE IF EXISTS `ladon_policy_action_rel`;
/*!40101 SET @saved_cs_client     = @@character_set_client */;
/*!50503 SET character_set_client = utf8mb4 */;
CREATE TABLE `ladon_policy_action_rel` (
  `policy` varchar(255) NOT NULL,
  `action` varchar(64) NOT NULL,
  PRIMARY KEY (`policy`,`action`),
  KEY `action` (`action`),
  CONSTRAINT `ladon_policy_action_rel_ibfk_1` FOREIGN KEY (`policy`) REFERENCES `ladon_policy` (`id`) ON DELETE CASCADE,
  CONSTRAINT `ladon_policy_action_rel_ibfk_2` FOREIGN KEY (`action`) REFERENCES `ladon_action` (`id`) ON DELETE CASCADE
) ENGINE=InnoDB DEFAULT CHARSET=utf8mb4 COLLATE=utf8mb4_0900_ai_ci;
/*!40101 SET character_set_client = @saved_cs_client */;

--
-- Dumping data for table `ladon_policy_action_rel`
--

LOCK TABLES `ladon_policy_action_rel` WRITE;
/*!40000 ALTER TABLE `ladon_policy_action_rel` DISABLE KEYS */;
INSERT INTO `ladon_policy_action_rel` VALUES ('acl-complex-rule1','10fd874b68dad080ed706762c8e163dabb20514bddae38fb159c56f714a3b143'),('acl-complex-rule2','10fd874b68dad080ed706762c8e163dabb20514bddae38fb159c56f714a3b143'),('acl-complex-rule4','10fd874b68dad080ed706762c8e163dabb20514bddae38fb159c56f714a3b143'),('acl-complex-rule5','10fd874b68dad080ed706762c8e163dabb20514bddae38fb159c56f714a3b143'),('acl-date-rule1','10fd874b68dad080ed706762c8e163dabb20514bddae38fb159c56f714a3b143'),('acl-date-rule2','10fd874b68dad080ed706762c8e163dabb20514bddae38fb159c56f714a3b143'),('acl-office-hours-rule','10fd874b68dad080ed706762c8e163dabb20514bddae38fb159c56f714a3b143'),('acl-temporary-access2','10fd874b68dad080ed706762c8e163dabb20514bddae38fb159c56f714a3b143'),('admin-default-policy','14e30cd163c732912e048c4c837e15c4e90c062ebb795ab947d57706e2d10dd8'),('discovery-policy','14e30cd163c732912e048c4c837e15c4e90c062ebb795ab947d57706e2d10dd8'),('frontend-read','14e30cd163c732912e048c4c837e15c4e90c062ebb795ab947d57706e2d10dd8'),('frontend-state','14e30cd163c732912e048c4c837e15c4e90c062ebb795ab947d57706e2d10dd8'),('install-policy','14e30cd163c732912e048c4c837e15c4e90c062ebb795ab947d57706e2d10dd8'),('user-default-policy','14e30cd163c732912e048c4c837e15c4e90c062ebb795ab947d57706e2d10dd8'),('user-meta-read','14e30cd163c732912e048c4c837e15c4e90c062ebb795ab947d57706e2d10dd8'),('acl-complex-rule1','3316348dbadfb7b11c7c2ea235949419e23f9fa898ad2c198f999617912a9925'),('acl-complex-rule3','3316348dbadfb7b11c7c2ea235949419e23f9fa898ad2c198f999617912a9925'),('acl-complex-rule4','3316348dbadfb7b11c7c2ea235949419e23f9fa898ad2c198f999617912a9925'),('acl-complex-rule5','3316348dbadfb7b11c7c2ea235949419e23f9fa898ad2c198f999617912a9925'),('acl-date-rule1','3316348dbadfb7b11c7c2ea235949419e23f9fa898ad2c198f999617912a9925'),('acl-date-rule2','3316348dbadfb7b11c7c2ea235949419e23f9fa898ad2c198f999617912a9925'),('acl-office-hours-rule','3316348dbadfb7b11c7c2ea235949419e23f9fa898ad2c198f999617912a9925'),('acl-temporary-access2','3316348dbadfb7b11c7c2ea235949419e23f9fa898ad2c198f999617912a9925'),('all-users-login','428821350e9691491f616b754cd8315fb86d797ab35d843479e732ef90665324'),('admin-default-policy','65daeb378bdec35d90224389f6e10917bcc0b94c90c489014ba156dd6cbf9350'),('user-default-policy','65daeb378bdec35d90224389f6e10917bcc0b94c90c489014ba156dd6cbf9350'),('admin-default-policy','8dce33b49f31396a100fb4baf9f8a5dd5d27a4e29d3e244b8eb7b3ae3e619d2c'),('user-default-policy','8dce33b49f31396a100fb4baf9f8a5dd5d27a4e29d3e244b8eb7b3ae3e619d2c'),('admin-default-policy','907bf9a40f9ce9967d9811779df472faa3c5418d189735e007761e04447e5e19'),('reset-password-policy','907bf9a40f9ce9967d9811779df472faa3c5418d189735e007761e04447e5e19'),('user-default-policy','907bf9a40f9ce9967d9811779df472faa3c5418d189735e007761e04447e5e19'),('user-meta-put','907bf9a40f9ce9967d9811779df472faa3c5418d189735e007761e04447e5e19'),('admin-default-policy','9aee6b1bcdf617d8e39bb1f2b624c68ea33deb9d48e0364aeaded836d3d00293'),('frontend-auth','9aee6b1bcdf617d8e39bb1f2b624c68ea33deb9d48e0364aeaded836d3d00293'),('frontend-post','9aee6b1bcdf617d8e39bb1f2b624c68ea33deb9d48e0364aeaded836d3d00293'),('install-policy','9aee6b1bcdf617d8e39bb1f2b624c68ea33deb9d48e0364aeaded836d3d00293'),('reset-password-policy','9aee6b1bcdf617d8e39bb1f2b624c68ea33deb9d48e0364aeaded836d3d00293'),('user-default-policy','9aee6b1bcdf617d8e39bb1f2b624c68ea33deb9d48e0364aeaded836d3d00293'),('user-meta-read','9aee6b1bcdf617d8e39bb1f2b624c68ea33deb9d48e0364aeaded836d3d00293');
/*!40000 ALTER TABLE `ladon_policy_action_rel` ENABLE KEYS */;
UNLOCK TABLES;

--
-- Table structure for table `ladon_policy_permission`
--

DROP TABLE IF EXISTS `ladon_policy_permission`;
/*!40101 SET @saved_cs_client     = @@character_set_client */;
/*!50503 SET character_set_client = utf8mb4 */;
CREATE TABLE `ladon_policy_permission` (
  `compiled` text NOT NULL,
  `template` varchar(1023) NOT NULL,
  `policy` varchar(255) NOT NULL,
  KEY `policy` (`policy`),
  CONSTRAINT `ladon_policy_permission_ibfk_1` FOREIGN KEY (`policy`) REFERENCES `ladon_policy` (`id`) ON DELETE CASCADE
) ENGINE=InnoDB DEFAULT CHARSET=utf8mb4 COLLATE=utf8mb4_0900_ai_ci;
/*!40101 SET character_set_client = @saved_cs_client */;

--
-- Dumping data for table `ladon_policy_permission`
--

LOCK TABLES `ladon_policy_permission` WRITE;
/*!40000 ALTER TABLE `ladon_policy_permission` DISABLE KEYS */;
/*!40000 ALTER TABLE `ladon_policy_permission` ENABLE KEYS */;
UNLOCK TABLES;

--
-- Table structure for table `ladon_policy_resource`
--

DROP TABLE IF EXISTS `ladon_policy_resource`;
/*!40101 SET @saved_cs_client     = @@character_set_client */;
/*!50503 SET character_set_client = utf8mb4 */;
CREATE TABLE `ladon_policy_resource` (
  `compiled` text NOT NULL,
  `template` varchar(1023) NOT NULL,
  `policy` varchar(255) NOT NULL,
  KEY `policy` (`policy`),
  CONSTRAINT `ladon_policy_resource_ibfk_1` FOREIGN KEY (`policy`) REFERENCES `ladon_policy` (`id`) ON DELETE CASCADE
) ENGINE=InnoDB DEFAULT CHARSET=utf8mb4 COLLATE=utf8mb4_0900_ai_ci;
/*!40101 SET character_set_client = @saved_cs_client */;

--
-- Dumping data for table `ladon_policy_resource`
--

LOCK TABLES `ladon_policy_resource` WRITE;
/*!40000 ALTER TABLE `ladon_policy_resource` DISABLE KEYS */;
/*!40000 ALTER TABLE `ladon_policy_resource` ENABLE KEYS */;
UNLOCK TABLES;

--
-- Table structure for table `ladon_policy_resource_rel`
--

DROP TABLE IF EXISTS `ladon_policy_resource_rel`;
/*!40101 SET @saved_cs_client     = @@character_set_client */;
/*!50503 SET character_set_client = utf8mb4 */;
CREATE TABLE `ladon_policy_resource_rel` (
  `policy` varchar(255) NOT NULL,
  `resource` varchar(64) NOT NULL,
  PRIMARY KEY (`policy`,`resource`),
  KEY `resource` (`resource`),
  CONSTRAINT `ladon_policy_resource_rel_ibfk_1` FOREIGN KEY (`policy`) REFERENCES `ladon_policy` (`id`) ON DELETE CASCADE,
  CONSTRAINT `ladon_policy_resource_rel_ibfk_2` FOREIGN KEY (`resource`) REFERENCES `ladon_resource` (`id`) ON DELETE CASCADE
) ENGINE=InnoDB DEFAULT CHARSET=utf8mb4 COLLATE=utf8mb4_0900_ai_ci;
/*!40101 SET character_set_client = @saved_cs_client */;

--
-- Dumping data for table `ladon_policy_resource_rel`
--

LOCK TABLES `ladon_policy_resource_rel` WRITE;
/*!40000 ALTER TABLE `ladon_policy_resource_rel` DISABLE KEYS */;
INSERT INTO `ladon_policy_resource_rel` VALUES ('user-default-policy','10cd4e6f5dc1ad5f66f777b97f8afea740a05adee8e9460d742c15386fb8a270'),('user-meta-put','21bc92b8bef0f88351b5469a9b0472810417b77fadb53bfe3b1c8aa17764847f'),('acl-complex-rule1','2344f08e51026cf9ab687357a588e941f1a861cfed58272911c2288a7ab1f52b'),('acl-complex-rule2','2344f08e51026cf9ab687357a588e941f1a861cfed58272911c2288a7ab1f52b'),('acl-complex-rule3','2344f08e51026cf9ab687357a588e941f1a861cfed58272911c2288a7ab1f52b'),('acl-complex-rule4','2344f08e51026cf9ab687357a588e941f1a861cfed58272911c2288a7ab1f52b'),('acl-complex-rule5','2344f08e51026cf9ab687357a588e941f1a861cfed58272911c2288a7ab1f52b'),('acl-date-rule1','2344f08e51026cf9ab687357a588e941f1a861cfed58272911c2288a7ab1f52b'),('acl-date-rule2','2344f08e51026cf9ab687357a588e941f1a861cfed58272911c2288a7ab1f52b'),('acl-office-hours-rule','2344f08e51026cf9ab687357a588e941f1a861cfed58272911c2288a7ab1f52b'),('acl-temporary-access2','2344f08e51026cf9ab687357a588e941f1a861cfed58272911c2288a7ab1f52b'),('frontend-post','30a878242ffe35ab25bf658d32e271c3dc050beadbfde50bdb98e377a56ebe89'),('frontend-post','32441a916ff082911c6b2341554983e81a8cb126797592886221cf5ad9363982'),('user-default-policy','38da73d246775025fd4f0a76b6df6fe9137da068e8fbb36533b90217463c7ecd'),('user-default-policy','3fac3ef00fc2e146b4fba063d7ad9cbe9fafb8b0682826d222cf2a87c7394c46'),('user-default-policy','3fefc1c92cd171f78e8a06a72af7887a7cbc356ec8a1debd47d00fc1718b3f97'),('reset-password-policy','453d5038ec3a971d935bad1ae789b238a484cd3b940362aca7df33465438214f'),('user-default-policy','45809e200ddb1c5d7c83be8bc0f0cc4e75be95d0ccda0060e9ff2668a91814aa'),('all-users-login','4dcdefd0d389cd15882de8a808334bb06a586b7a74fd0932d0e13fdb945e223c'),('frontend-auth','5aec28b071920dcee89b0161984e436e7f0309ef590ad51dbdf4d4e5ed53d7cd'),('frontend-post','5aec28b071920dcee89b0161984e436e7f0309ef590ad51dbdf4d4e5ed53d7cd'),('user-default-policy','5ffea77139f1f69c047e04359560ebb0ca1a49138240fbc00d917aa80cddc752'),('user-default-policy','66660d71e8a1a3f2be54c5a7063cf254d04fd34538bbfba01913dc3fda47dfdd'),('user-default-policy','6bf66faae4a351d1725af93cd86772bfbb909b099e98855dc9be47b92e3e0048'),('user-default-policy','7493adfc1bb148ccdb0eb264a49c2d85d64aae6aa01a7518942dd981e9a53394'),('user-default-policy','799e765ec956e8b2a57858ff8dc494fe477a9919f38b48e5dc1de9fb1c023468'),('admin-default-policy','85d6f518ee837d134f3c6fbab369bff25b9b8a53ce290a39d810b9187a4fd437'),('user-default-policy','8ba6fcf0672c8c16d58e689aac70ddc4e7832515eaa9dbd9fda1d46b89a03c88'),('user-meta-read','8d2ff2120a69fc800beff07f164223f324b619800f0b4e28c8b710587e94e11d'),('discovery-policy','8efafece2f87ab3567caf3a1adb5fdc2fce5c5ac47c96c6b5edbd4878dd0a5fe'),('install-policy','91c0b5d68a4375ada85ced14b1c3a9ebb2e962e5cb06f1387b79cbe1d8d22a9b'),('user-default-policy','a00599b027c3fa0043a7329ab179a772832f02772475c1cc26fd1ee3b265763d'),('user-default-policy','a8ddc7e80bb448532fb4cb99a298dd48d466fa3cb6f00ce99af82a5468f4240b'),('user-default-policy','adbbf85ef4497fface62ca4b223b8761c1ca0f92b157b7baedd9fad4ec44b44e'),('user-default-policy','b2879b4f3ef265fdd2d0705368c8cf14794f66d7bd7d5eb5597499f2548cf67a'),('user-default-policy','b46013323b8a9e578aacca0f395b03ff373a865b78e095e188ba6aff902bbc4f'),('user-default-policy','b609d4685367694b9d6e3a4cbacb254a4812359d9da31499c3c12ad8f6444313'),('user-meta-read','c72130aabd0a8e98a5d0ebf89c43a776c2cd6a6d2d68ded23a13c78322b11324'),('user-default-policy','cb504334ec5ff15d89294b44a6f20155d75ce2fdc696e738892624eb94612678'),('user-meta-read','cbf320d1dbed265aa439ab4234ac5e50e2d05a6af891d39856ca0768b4b6cdf1'),('user-default-policy','cc128486ee8d01717627e0fb1ceb28fc573303546595884ab6df62386bb02ef0'),('user-default-policy','ce2b0306c1ed87ba6bb547fe51050b92311271945d61147953bf31407144228a'),('frontend-read','f303d1de1cc0289c70d83a314b3af454b59f084b27f9794bf3a51c28333fa143'),('frontend-state','f303d1de1cc0289c70d83a314b3af454b59f084b27f9794bf3a51c28333fa143'),('user-default-policy','f4e22b699e83ca4d9cab03a813f26a2b4edb7c22a323bc9564619c8f89ab5252'),('user-default-policy','f71a07d93edcaca1efd8fc419a206f7aa53d6154e9b564d62c972d08c2a52bd5'),('user-default-policy','fc0b155f2d2fbf9eb49856a05e6976bcaf4f886fdd0e6c77674a7e8611ac6ba9'),('user-meta-read','fc3746bba30f4cf159a925dcd074881513b5e6c02e822d0b2e081fc4c1f66240');
/*!40000 ALTER TABLE `ladon_policy_resource_rel` ENABLE KEYS */;
UNLOCK TABLES;

--
-- Table structure for table `ladon_policy_subject`
--

DROP TABLE IF EXISTS `ladon_policy_subject`;
/*!40101 SET @saved_cs_client     = @@character_set_client */;
/*!50503 SET character_set_client = utf8mb4 */;
CREATE TABLE `ladon_policy_subject` (
  `compiled` text NOT NULL,
  `template` varchar(1023) NOT NULL,
  `policy` varchar(255) NOT NULL,
  KEY `policy` (`policy`),
  CONSTRAINT `ladon_policy_subject_ibfk_1` FOREIGN KEY (`policy`) REFERENCES `ladon_policy` (`id`) ON DELETE CASCADE
) ENGINE=InnoDB DEFAULT CHARSET=utf8mb4 COLLATE=utf8mb4_0900_ai_ci;
/*!40101 SET character_set_client = @saved_cs_client */;

--
-- Dumping data for table `ladon_policy_subject`
--

LOCK TABLES `ladon_policy_subject` WRITE;
/*!40000 ALTER TABLE `ladon_policy_subject` DISABLE KEYS */;
/*!40000 ALTER TABLE `ladon_policy_subject` ENABLE KEYS */;
UNLOCK TABLES;

--
-- Table structure for table `ladon_policy_subject_rel`
--

DROP TABLE IF EXISTS `ladon_policy_subject_rel`;
/*!40101 SET @saved_cs_client     = @@character_set_client */;
/*!50503 SET character_set_client = utf8mb4 */;
CREATE TABLE `ladon_policy_subject_rel` (
  `policy` varchar(255) NOT NULL,
  `subject` varchar(64) NOT NULL,
  PRIMARY KEY (`policy`,`subject`),
  KEY `subject` (`subject`),
  CONSTRAINT `ladon_policy_subject_rel_ibfk_1` FOREIGN KEY (`policy`) REFERENCES `ladon_policy` (`id`) ON DELETE CASCADE,
  CONSTRAINT `ladon_policy_subject_rel_ibfk_2` FOREIGN KEY (`subject`) REFERENCES `ladon_subject` (`id`) ON DELETE CASCADE
) ENGINE=InnoDB DEFAULT CHARSET=utf8mb4 COLLATE=utf8mb4_0900_ai_ci;
/*!40101 SET character_set_client = @saved_cs_client */;

--
-- Dumping data for table `ladon_policy_subject_rel`
--

LOCK TABLES `ladon_policy_subject_rel` WRITE;
/*!40000 ALTER TABLE `ladon_policy_subject_rel` DISABLE KEYS */;
INSERT INTO `ladon_policy_subject_rel` VALUES ('admin-default-policy','09b89c9de28716a5a20658e09aa84faf177cda2ae7af722b95ac91b4c8510de0'),('frontend-post','167bcccb9056cccdce191bf7d2c13ec58f10d646dfadefdaca09c5ffacd61ba2'),('frontend-read','167bcccb9056cccdce191bf7d2c13ec58f10d646dfadefdaca09c5ffacd61ba2'),('user-default-policy','167bcccb9056cccdce191bf7d2c13ec58f10d646dfadefdaca09c5ffacd61ba2'),('user-meta-put','167bcccb9056cccdce191bf7d2c13ec58f10d646dfadefdaca09c5ffacd61ba2'),('user-meta-read','167bcccb9056cccdce191bf7d2c13ec58f10d646dfadefdaca09c5ffacd61ba2'),('all-users-login','5a848a2e24a03bbc50af57e5ebe5d059e3664f85a59baa619e269c66920ef22e'),('acl-date-rule1','76978752ef0b46453ca3744574169a780079ed078069901540623938461be448'),('acl-date-rule2','76978752ef0b46453ca3744574169a780079ed078069901540623938461be448'),('acl-complex-rule4','82060e433e9522b7f65c9ca87dc5772c5255b6f0ffa7519e6e376356bf0031aa'),('acl-complex-rule5','82060e433e9522b7f65c9ca87dc5772c5255b6f0ffa7519e6e376356bf0031aa'),('acl-office-hours-rule','9444ea61cf1baad76c313c5bf112482602d2518d15bb7492a5f5c97629a39bc8'),('acl-temporary-access2','9d11007a3b8a8e18e1732c705433de49effcbe7369d1d61471b3ab2f950f6aa8'),('discovery-policy','b6cd4b112124235bf7c58b6ece2a57b6301cdeda05158eb30865d93b83c2fc89'),('frontend-auth','b6cd4b112124235bf7c58b6ece2a57b6301cdeda05158eb30865d93b83c2fc89'),('frontend-state','b6cd4b112124235bf7c58b6ece2a57b6301cdeda05158eb30865d93b83c2fc89'),('install-policy','b6cd4b112124235bf7c58b6ece2a57b6301cdeda05158eb30865d93b83c2fc89'),('reset-password-policy','b6cd4b112124235bf7c58b6ece2a57b6301cdeda05158eb30865d93b83c2fc89'),('all-users-login','c73d1bec74876b3003136bee2c331995066a27a275792b1f3f85d077a207dc0d'),('acl-complex-rule1','e371631c344378189422fe857b7352142487c6b1b3de5acb0b108bb1bfa0bb96'),('acl-complex-rule2','e371631c344378189422fe857b7352142487c6b1b3de5acb0b108bb1bfa0bb96'),('acl-complex-rule3','e371631c344378189422fe857b7352142487c6b1b3de5acb0b108bb1bfa0bb96'),('frontend-post','f00881c5e83c5b73e10e5068ad495a970aceeaab06b43645aba2a8e23186f3b8'),('frontend-read','f00881c5e83c5b73e10e5068ad495a970aceeaab06b43645aba2a8e23186f3b8'),('user-default-policy','f00881c5e83c5b73e10e5068ad495a970aceeaab06b43645aba2a8e23186f3b8'),('user-meta-put','f00881c5e83c5b73e10e5068ad495a970aceeaab06b43645aba2a8e23186f3b8'),('user-meta-read','f00881c5e83c5b73e10e5068ad495a970aceeaab06b43645aba2a8e23186f3b8'),('all-users-login','ff5e380332bd4e4b25546bd419085c3990c1b1b2376fa61d98b3f7dbdfa416d6');
/*!40000 ALTER TABLE `ladon_policy_subject_rel` ENABLE KEYS */;
UNLOCK TABLES;

--
-- Table structure for table `ladon_resource`
--

DROP TABLE IF EXISTS `ladon_resource`;
/*!40101 SET @saved_cs_client     = @@character_set_client */;
/*!50503 SET character_set_client = utf8mb4 */;
CREATE TABLE `ladon_resource` (
  `id` varchar(64) NOT NULL,
  `has_regex` tinyint(1) NOT NULL,
  `compiled` varchar(511) NOT NULL,
  `template` varchar(511) NOT NULL,
  PRIMARY KEY (`id`),
  UNIQUE KEY `compiled` (`compiled`),
  UNIQUE KEY `template` (`template`),
  FULLTEXT KEY `ladon_resource_compiled_idx` (`compiled`)
) ENGINE=InnoDB DEFAULT CHARSET=utf8mb4 COLLATE=utf8mb4_0900_ai_ci;
/*!40101 SET character_set_client = @saved_cs_client */;

--
-- Dumping data for table `ladon_resource`
--

LOCK TABLES `ladon_resource` WRITE;
/*!40000 ALTER TABLE `ladon_resource` DISABLE KEYS */;
INSERT INTO `ladon_resource` VALUES ('10cd4e6f5dc1ad5f66f777b97f8afea740a05adee8e9460d742c15386fb8a270',1,'^rest:/user$','rest:/user'),('21bc92b8bef0f88351b5469a9b0472810417b77fadb53bfe3b1c8aa17764847f',1,'^rest:/user-meta/update$','rest:/user-meta/update'),('2344f08e51026cf9ab687357a588e941f1a861cfed58272911c2288a7ab1f52b',1,'^acl$','acl'),('30a878242ffe35ab25bf658d32e271c3dc050beadbfde50bdb98e377a56ebe89',1,'^rest:/frontend/binaries/USER/(.+)$','rest:/frontend/binaries/USER/<.+>'),('32441a916ff082911c6b2341554983e81a8cb126797592886221cf5ad9363982',1,'^rest:/frontend/enroll$','rest:/frontend/enroll'),('38da73d246775025fd4f0a76b6df6fe9137da068e8fbb36533b90217463c7ecd',1,'^rest:/tree/selection$','rest:/tree/selection'),('3fac3ef00fc2e146b4fba063d7ad9cbe9fafb8b0682826d222cf2a87c7394c46',1,'^rest:/workspace$','rest:/workspace'),('3fefc1c92cd171f78e8a06a72af7887a7cbc356ec8a1debd47d00fc1718b3f97',1,'^rest:/templates$','rest:/templates'),('453d5038ec3a971d935bad1ae789b238a484cd3b940362aca7df33465438214f',1,'^rest:/auth/reset-password(.*)$','rest:/auth/reset-password<.*>'),('45809e200ddb1c5d7c83be8bc0f0cc4e75be95d0ccda0060e9ff2668a91814aa',1,'^rest:/role$','rest:/role'),('4dcdefd0d389cd15882de8a808334bb06a586b7a74fd0932d0e13fdb945e223c',1,'^oidc$','oidc'),('5aec28b071920dcee89b0161984e436e7f0309ef590ad51dbdf4d4e5ed53d7cd',1,'^rest:/frontend/session$','rest:/frontend/session'),('5ffea77139f1f69c047e04359560ebb0ca1a49138240fbc00d917aa80cddc752',1,'^rest:/graph(.+)$','rest:/graph<.+>'),('66660d71e8a1a3f2be54c5a7063cf254d04fd34538bbfba01913dc3fda47dfdd',1,'^rest:/tree/create$','rest:/tree/create'),('6bf66faae4a351d1725af93cd86772bfbb909b099e98855dc9be47b92e3e0048',1,'^rest:/changes$','rest:/changes'),('7493adfc1bb148ccdb0eb264a49c2d85d64aae6aa01a7518942dd981e9a53394',1,'^rest:/jobs/user$','rest:/jobs/user'),('799e765ec956e8b2a57858ff8dc494fe477a9919f38b48e5dc1de9fb1c023468',1,'^rest:/tree/delete$','rest:/tree/delete'),('85d6f518ee837d134f3c6fbab369bff25b9b8a53ce290a39d810b9187a4fd437',1,'^rest:(.+)$','rest:<.+>'),('8ba6fcf0672c8c16d58e689aac70ddc4e7832515eaa9dbd9fda1d46b89a03c88',1,'^rest:/meta(.+)$','rest:/meta<.+>'),('8d2ff2120a69fc800beff07f164223f324b619800f0b4e28c8b710587e94e11d',1,'^rest:/user-meta/search$','rest:/user-meta/search'),('8efafece2f87ab3567caf3a1adb5fdc2fce5c5ac47c96c6b5edbd4878dd0a5fe',1,'^rest:/config/discovery(.*)$','rest:/config/discovery<.*>'),('91c0b5d68a4375ada85ced14b1c3a9ebb2e962e5cb06f1387b79cbe1d8d22a9b',1,'^rest:/install$','rest:/install'),('a00599b027c3fa0043a7329ab179a772832f02772475c1cc26fd1ee3b265763d',1,'^rest:/mailer/send$','rest:/mailer/send'),('a8ddc7e80bb448532fb4cb99a298dd48d466fa3cb6f00ce99af82a5468f4240b',1,'^rest:/tree/restore$','rest:/tree/restore'),('adbbf85ef4497fface62ca4b223b8761c1ca0f92b157b7baedd9fad4ec44b44e',1,'^rest:/share(.+)$','rest:/share<.+>'),('b2879b4f3ef265fdd2d0705368c8cf14794f66d7bd7d5eb5597499f2548cf67a',1,'^rest:/user/(.+)$','rest:/user/<.+>'),('b46013323b8a9e578aacca0f395b03ff373a865b78e095e188ba6aff902bbc4f',1,'^rest:/role/(.+)$','rest:/role/<.+>'),('b609d4685367694b9d6e3a4cbacb254a4812359d9da31499c3c12ad8f6444313',1,'^rest:/activity(.+)$','rest:/activity<.+>'),('c72130aabd0a8e98a5d0ebf89c43a776c2cd6a6d2d68ded23a13c78322b11324',1,'^rest:/user-meta/tags/(.+)$','rest:/user-meta/tags/<.+>'),('cb504334ec5ff15d89294b44a6f20155d75ce2fdc696e738892624eb94612678',1,'^rest:/search/nodes$','rest:/search/nodes'),('cbf320d1dbed265aa439ab4234ac5e50e2d05a6af891d39856ca0768b4b6cdf1',1,'^rest:/user-meta/namespace$','rest:/user-meta/namespace'),('cc128486ee8d01717627e0fb1ceb28fc573303546595884ab6df62386bb02ef0',1,'^rest:/changes(.+)$','rest:/changes<.+>'),('ce2b0306c1ed87ba6bb547fe51050b92311271945d61147953bf31407144228a',1,'^rest:/tree/stats$','rest:/tree/stats'),('f303d1de1cc0289c70d83a314b3af454b59f084b27f9794bf3a51c28333fa143',1,'^rest:/frontend/(.*)$','rest:/frontend/<.*>'),('f4e22b699e83ca4d9cab03a813f26a2b4edb7c22a323bc9564619c8f89ab5252',1,'^rest:/jobs/user(.+)$','rest:/jobs/user<.+>'),('f71a07d93edcaca1efd8fc419a206f7aa53d6154e9b564d62c972d08c2a52bd5',1,'^rest:/tree/stat/(.+)$','rest:/tree/stat/<.+>'),('fc0b155f2d2fbf9eb49856a05e6976bcaf4f886fdd0e6c77674a7e8611ac6ba9',1,'^rest:/auth/token/document$','rest:/auth/token/document'),('fc3746bba30f4cf159a925dcd074881513b5e6c02e822d0b2e081fc4c1f66240',1,'^rest:/user-meta/bookmarks$','rest:/user-meta/bookmarks');
/*!40000 ALTER TABLE `ladon_resource` ENABLE KEYS */;
UNLOCK TABLES;

--
-- Table structure for table `ladon_subject`
--

DROP TABLE IF EXISTS `ladon_subject`;
/*!40101 SET @saved_cs_client     = @@character_set_client */;
/*!50503 SET character_set_client = utf8mb4 */;
CREATE TABLE `ladon_subject` (
  `id` varchar(64) NOT NULL,
  `has_regex` tinyint(1) NOT NULL,
  `compiled` varchar(511) NOT NULL,
  `template` varchar(511) NOT NULL,
  PRIMARY KEY (`id`),
  UNIQUE KEY `compiled` (`compiled`),
  UNIQUE KEY `template` (`template`),
  FULLTEXT KEY `ladon_subject_compiled_idx` (`compiled`)
) ENGINE=InnoDB DEFAULT CHARSET=utf8mb4 COLLATE=utf8mb4_0900_ai_ci;
/*!40101 SET character_set_client = @saved_cs_client */;

--
-- Dumping data for table `ladon_subject`
--

LOCK TABLES `ladon_subject` WRITE;
/*!40000 ALTER TABLE `ladon_subject` DISABLE KEYS */;
INSERT INTO `ladon_subject` VALUES ('09b89c9de28716a5a20658e09aa84faf177cda2ae7af722b95ac91b4c8510de0',1,'^profile:admin$','profile:admin'),('167bcccb9056cccdce191bf7d2c13ec58f10d646dfadefdaca09c5ffacd61ba2',1,'^profile:standard$','profile:standard'),('5a848a2e24a03bbc50af57e5ebe5d059e3664f85a59baa619e269c66920ef22e',1,'^profile:(.+)$','profile:<.+>'),('76978752ef0b46453ca3744574169a780079ed078069901540623938461be448',1,'^policy:no-access-after-acl-policy$','policy:no-access-after-acl-policy'),('82060e433e9522b7f65c9ca87dc5772c5255b6f0ffa7519e6e376356bf0031aa',1,'^policy:no-external-access-acl-policy$','policy:no-external-access-acl-policy'),('9444ea61cf1baad76c313c5bf112482602d2518d15bb7492a5f5c97629a39bc8',1,'^policy:office-hours-access-acl-policy$','policy:office-hours-access-acl-policy'),('9d11007a3b8a8e18e1732c705433de49effcbe7369d1d61471b3ab2f950f6aa8',1,'^policy:limited-period-access-acl-policy2$','policy:limited-period-access-acl-policy2'),('b6cd4b112124235bf7c58b6ece2a57b6301cdeda05158eb30865d93b83c2fc89',1,'^profile:anon$','profile:anon'),('c73d1bec74876b3003136bee2c331995066a27a275792b1f3f85d077a207dc0d',1,'^user:(.+)$','user:<.+>'),('e371631c344378189422fe857b7352142487c6b1b3de5acb0b108bb1bfa0bb96',1,'^policy:sample-acl-policy$','policy:sample-acl-policy'),('f00881c5e83c5b73e10e5068ad495a970aceeaab06b43645aba2a8e23186f3b8',1,'^profile:shared$','profile:shared'),('ff5e380332bd4e4b25546bd419085c3990c1b1b2376fa61d98b3f7dbdfa416d6',1,'^role:(.+)$','role:<.+>');
/*!40000 ALTER TABLE `ladon_subject` ENABLE KEYS */;
UNLOCK TABLES;
/*!40103 SET TIME_ZONE=@OLD_TIME_ZONE */;

/*!40101 SET SQL_MODE=@OLD_SQL_MODE */;
/*!40014 SET FOREIGN_KEY_CHECKS=@OLD_FOREIGN_KEY_CHECKS */;
/*!40014 SET UNIQUE_CHECKS=@OLD_UNIQUE_CHECKS */;
/*!40101 SET CHARACTER_SET_CLIENT=@OLD_CHARACTER_SET_CLIENT */;
/*!40101 SET CHARACTER_SET_RESULTS=@OLD_CHARACTER_SET_RESULTS */;
/*!40101 SET COLLATION_CONNECTION=@OLD_COLLATION_CONNECTION */;
/*!40111 SET SQL_NOTES=@OLD_SQL_NOTES */;

-- Dump completed on 2020-12-08 14:04:48
